age,income,past_spend,days_since_active,device_mobile,promo_email,outcome_ltv
41.0,59406.01,193.76,15,1,0,70.88
33.0,58664.65,54.36,18,0,0,109.46
43.0,25108.92,37.26,16,1,0,38.67
53.0,61747.75,49.51,17,1,0,146.52
32.0,88320.73,437.18,16,1,0,237.33
32.0,38144.2,26.52,15,0,1,165.18
54.0,96212.07,205.44,17,1,0,237.7
44.0,82194.37,699.59,17,0,0,266.99
29.0,51644.17,174.32,12,1,0,98.77
42.0,66461.76,720.5,21,1,0,176.73
29.0,109958.05,684.16,10,1,0,316.49
29.0,88338.7,141.07,19,1,0,201.72
38.0,70219.59,652.49,14,1,0,173.59
18.0,64057.92,688.72,18,1,0,265.07
18.0,71915.23,253.3,20,1,0,215.4
28.0,57205.91,118.13,10,1,0,113.24
23.0,20000.0,368.31,20,0,0,76.41
39.0,121054.45,1271.68,12,1,1,634.92
24.0,73883.12,510.29,13,1,1,330.16
18.0,79953.68,94.93,12,0,0,215.18
53.0,68552.31,574.04,21,1,0,172.06
32.0,51622.08,278.61,11,1,1,216.43
36.0,65351.89,447.67,11,0,0,279.04
18.0,30015.13,662.25,15,1,0,151.92
28.0,126927.16,361.75,15,0,0,306.48
36.0,39137.2,840.96,11,1,1,249.22
21.0,44200.84,640.35,17,1,0,295.71
40.0,58993.52,477.35,17,1,0,183.71
28.0,102201.89,81.73,13,1,0,195.07
31.0,70362.72,903.79,14,1,0,220.34
28.0,39096.61,1373.7,13,1,0,278.6
57.0,101358.46,73.65,10,0,0,168.66
35.0,88275.02,334.95,18,0,0,246.57
22.0,83460.87,149.8,16,0,0,163.71
45.0,87893.36,702.28,9,0,0,185.08
20.0,129859.05,639.4,18,1,0,288.65
38.0,124627.37,75.93,10,0,0,288.22
18.0,52832.12,1047.9,17,1,0,296.21
19.0,110597.12,99.82,13,1,0,300.84
37.0,79579.2,797.91,11,0,1,350.66
44.0,82477.4,305.3,14,1,0,266.09
37.0,27693.23,198.95,17,0,0,73.44
34.0,65740.36,86.13,12,1,1,179.2
31.0,49679.41,91.73,19,1,0,121.59
18.0,90701.47,542.19,13,1,1,303.53
26.0,96777.01,399.73,8,1,1,428.19
29.0,20000.0,65.1,14,0,0,108.8
48.0,69449.13,59.78,12,0,0,126.88
39.0,98046.54,37.53,9,1,1,355.11
18.0,65333.03,680.83,12,1,0,231.55
39.0,88226.59,622.19,21,1,0,290.27
30.0,78779.14,30.1,14,0,0,120.32
27.0,78541.51,410.8,21,1,0,236.14
42.0,63217.13,44.24,14,0,0,87.02
47.0,39585.48,1170.38,13,1,1,312.47
46.0,41961.75,1188.21,12,0,1,338.25
25.0,87733.81,599.05,24,1,1,316.66
31.0,70486.46,1303.12,11,1,0,360.24
39.0,66537.19,834.2,12,1,0,163.79
47.0,59402.75,881.7,20,0,0,271.95
29.0,62370.28,421.65,7,0,0,274.83
33.0,96172.79,182.68,16,1,0,245.9
22.0,61618.9,122.82,15,1,0,145.74
21.0,36473.38,198.15,20,0,0,118.38
45.0,88591.29,495.1,19,0,0,208.5
51.0,64878.08,94.77,17,1,0,286.46
34.0,70784.9,149.63,11,1,0,155.21
47.0,110189.46,315.61,13,1,0,341.81
39.0,69485.99,132.67,12,0,0,141.18
27.0,77229.59,444.15,14,1,0,300.71
39.0,40526.91,1283.12,7,1,0,345.98
53.0,64508.26,689.34,20,1,1,302.53
35.0,85238.15,548.95,26,1,0,237.7
54.0,31115.66,437.0,15,1,0,78.1
18.0,75021.13,334.66,13,1,0,153.73
45.0,72519.78,103.24,16,1,0,188.26
36.0,71032.19,1125.52,16,0,0,345.53
31.0,95928.97,142.87,14,0,0,200.73
36.0,78360.96,47.88,23,1,0,275.91
18.0,106951.8,693.18,12,1,0,278.71
32.0,45160.26,96.56,19,1,0,123.45
39.0,73398.11,232.52,8,0,0,215.65
53.0,72111.67,14.35,15,0,0,160.58
29.0,43268.64,73.71,24,0,0,-6.28
25.0,93907.38,95.1,18,0,0,180.37
29.0,128116.83,27.97,12,1,0,295.01
46.0,69574.85,534.51,15,1,0,207.8
39.0,82625.53,907.03,12,1,0,313.76
29.0,72112.96,233.66,15,0,0,225.43
41.0,52160.38,1038.03,11,1,0,224.12
36.0,24480.99,119.98,13,0,0,36.84
47.0,52355.66,196.81,18,0,0,215.81
27.0,35201.04,81.69,13,0,0,34.8
31.0,112602.55,484.53,23,1,0,247.89
30.0,67122.26,272.25,10,1,1,238.45
18.0,61352.02,475.03,15,0,0,227.53
39.0,92228.85,717.06,7,1,1,468.47
38.0,41956.22,394.5,21,1,0,122.68
35.0,50828.4,493.93,15,0,0,182.54
32.0,71701.81,1368.61,14,0,1,416.81
18.0,95719.22,177.67,16,1,0,317.41
30.0,82542.13,222.49,11,0,0,126.65
31.0,76208.13,632.4,9,1,1,383.13
25.0,71952.94,472.48,13,1,1,330.75
33.0,80005.9,98.33,16,1,0,169.3
40.0,75041.32,235.92,13,0,0,213.99
58.0,44250.69,315.4,11,1,0,185.08
37.0,71151.98,271.84,14,1,0,220.65
38.0,43157.78,98.17,18,1,0,218.06
34.0,72027.06,1291.35,16,0,1,390.04
18.0,57983.8,718.41,19,1,0,201.15
35.0,133484.54,328.27,17,1,0,306.73
36.0,69002.64,569.81,17,1,0,238.64
65.0,34894.01,1137.89,16,1,0,199.97
33.0,66645.49,73.19,14,1,0,163.27
39.0,82983.97,144.09,14,0,0,203.27
35.0,111834.1,391.21,14,1,0,278.06
21.0,55263.69,802.25,18,0,0,174.32
49.0,30439.3,18.46,8,1,0,117.63
44.0,90420.93,2068.15,20,1,0,383.4
44.0,35485.03,303.4,13,1,0,155.99
24.0,59096.11,222.54,12,1,0,171.98
52.0,63559.49,173.17,14,0,0,147.11
18.0,68259.16,95.8,15,0,0,244.34
42.0,87229.11,784.09,20,1,0,257.75
61.0,52909.14,1555.17,14,1,0,314.48
23.0,63156.77,266.91,15,1,1,227.11
28.0,69643.24,1522.68,15,1,1,303.32
36.0,73739.95,868.06,14,0,0,227.94
29.0,72445.68,327.97,14,0,0,92.82
18.0,80900.14,560.47,18,1,0,220.0
36.0,91095.99,285.45,18,1,0,298.17
22.0,79815.85,409.04,14,1,0,177.27
41.0,81339.64,29.9,17,0,0,76.37
24.0,30444.42,595.8,18,1,0,209.48
54.0,71255.69,27.14,18,1,0,135.46
26.0,81987.69,849.37,17,1,0,264.13
31.0,88223.53,871.33,17,1,0,318.99
45.0,52691.23,135.3,15,1,0,165.07
20.0,53524.02,195.53,20,0,0,174.13
38.0,55647.48,328.22,13,0,0,213.14
51.0,83410.35,453.99,16,1,1,238.48
18.0,95847.03,169.39,19,1,0,149.92
37.0,59813.5,448.84,15,1,0,243.07
38.0,92699.06,176.76,13,0,0,187.99
44.0,73087.0,28.54,15,1,0,135.4
20.0,66892.86,1.27,14,0,0,92.77
19.0,64715.39,53.32,15,0,0,134.52
41.0,88665.28,785.71,17,1,0,254.44
39.0,78139.45,1627.66,15,1,1,388.53
38.0,126895.64,278.41,18,0,0,242.98
39.0,48694.38,359.42,15,1,0,169.26
27.0,82952.54,79.41,14,1,1,262.5
38.0,56769.97,400.4,20,1,0,133.26
39.0,48267.83,78.13,19,1,0,7.03
26.0,69728.32,472.36,10,0,0,313.6
57.0,73433.81,1353.47,21,1,0,337.31
41.0,142954.34,108.89,14,1,0,294.06
21.0,65396.35,723.16,16,0,0,176.15
43.0,41745.53,11.89,11,1,1,171.03
23.0,76825.27,235.4,16,0,0,194.36
44.0,20000.0,58.69,13,1,0,6.07
49.0,67701.08,217.3,19,1,0,41.61
25.0,70400.63,95.3,14,1,0,146.03
47.0,89865.01,233.65,13,0,0,148.93
40.0,94340.56,270.23,10,0,0,254.27
45.0,57410.76,178.76,15,1,1,234.08
58.0,66234.65,534.46,12,0,0,163.25
32.0,50846.98,1255.74,8,0,0,234.54
26.0,41798.44,255.91,10,1,0,227.34
24.0,77747.37,106.81,14,1,0,226.93
25.0,38160.36,157.85,9,1,0,101.49
34.0,59634.33,962.08,14,1,0,352.07
39.0,45120.65,423.9,15,1,0,92.78
38.0,83742.08,303.49,12,1,0,183.2
45.0,115035.75,81.05,14,1,0,254.65
35.0,37460.3,298.67,18,1,0,42.24
52.0,23674.54,163.21,13,1,0,177.19
32.0,66877.83,1433.79,15,1,0,306.29
68.0,70392.44,1077.38,15,1,1,303.1
43.0,75466.48,43.82,14,1,0,199.7
25.0,58841.99,363.51,13,0,1,269.32
22.0,64984.02,127.48,12,1,0,153.48
41.0,79187.76,264.48,13,1,0,148.4
32.0,96010.77,1047.17,18,1,0,238.93
44.0,21123.78,374.87,7,1,0,225.08
41.0,60776.51,203.39,18,0,0,88.26
34.0,75345.22,116.53,16,1,0,265.24
25.0,47050.6,805.53,14,1,0,154.42
18.0,113279.24,489.77,13,1,0,339.04
30.0,54114.75,315.62,18,1,0,177.06
45.0,68967.68,122.62,13,1,0,207.47
38.0,83900.55,203.42,17,1,0,240.74
20.0,55217.88,1607.48,17,1,0,206.61
37.0,23835.67,367.08,11,0,1,121.36
40.0,59283.64,256.0,11,1,0,103.76
24.0,95736.01,368.47,12,1,0,263.78
37.0,61577.62,754.77,17,1,0,148.47
36.0,48839.14,207.84,20,0,0,29.41
21.0,93141.81,98.44,5,1,0,224.25
39.0,61730.63,439.66,12,1,0,82.97
42.0,57245.98,547.12,8,1,0,216.14
48.0,73736.4,623.65,13,1,0,170.96
48.0,89268.76,1068.48,11,1,0,271.36
18.0,129542.84,231.95,16,0,0,186.26
24.0,90680.9,39.17,18,1,0,281.78
41.0,98996.0,1589.21,17,0,0,299.77
41.0,57350.85,285.48,21,1,0,133.05
41.0,44353.3,488.1,6,0,0,85.93
80.0,71558.28,548.76,16,1,0,174.21
42.0,72679.25,395.4,16,1,1,379.74
49.0,43037.18,114.87,12,0,0,138.44
46.0,65617.64,703.54,7,1,1,281.3
43.0,79982.94,814.19,17,0,0,255.68
31.0,79009.83,402.57,16,1,0,188.25
44.0,82607.2,335.26,9,0,0,226.12
26.0,77274.12,60.48,13,1,0,221.79
32.0,57324.78,43.84,11,0,0,130.48
29.0,57152.48,207.43,19,1,0,158.05
36.0,40026.22,186.15,11,1,0,138.49
63.0,114619.38,1535.84,18,0,0,380.52
18.0,70336.26,765.37,9,0,0,212.41
43.0,64378.67,539.29,13,1,0,180.43
18.0,46780.2,364.54,10,1,0,194.97
29.0,143391.45,91.58,16,1,0,353.06
48.0,43166.8,1918.84,12,1,0,247.33
36.0,59278.8,235.03,9,1,0,161.01
22.0,80395.92,56.54,10,0,1,265.66
26.0,85005.32,340.41,11,1,0,272.05
43.0,93948.3,1035.73,17,1,1,393.78
26.0,115190.21,1091.47,19,0,0,461.57
38.0,82653.94,5.51,10,1,1,308.11
36.0,43599.23,1087.08,18,1,0,269.01
27.0,63576.37,158.37,14,0,0,114.26
61.0,77695.81,19.88,15,0,0,177.97
43.0,121705.65,941.25,17,0,0,384.34
18.0,35054.86,997.06,9,0,0,150.15
37.0,100064.41,453.46,10,1,0,276.49
27.0,74497.86,427.17,16,1,0,262.31
45.0,90945.76,838.65,17,0,0,265.38
25.0,67450.13,771.61,10,1,1,291.68
34.0,48939.18,1104.12,24,1,0,300.44
41.0,88771.82,402.32,9,0,0,191.19
45.0,86360.78,1715.53,20,0,0,362.07
21.0,94301.42,2779.43,19,1,0,443.13
31.0,69667.38,61.96,22,0,0,104.69
29.0,55004.45,947.04,13,0,0,265.8
27.0,31030.33,346.4,19,0,0,98.42
56.0,90484.33,245.16,10,0,0,255.78
40.0,80597.24,474.76,17,1,0,111.91
20.0,45855.43,28.8,11,0,0,147.75
46.0,56535.66,353.08,14,1,0,134.35
60.0,58331.03,1023.55,15,0,0,145.07
47.0,32925.39,120.06,15,0,0,192.09
18.0,49557.94,277.9,13,1,0,180.96
29.0,41654.24,1402.4,15,1,0,254.91
50.0,59688.02,279.8,22,1,0,215.83
27.0,51532.56,221.87,17,0,0,153.63
40.0,29324.88,290.39,12,0,0,73.76
44.0,120564.76,366.41,18,1,0,283.02
24.0,101313.52,499.82,12,1,0,244.69
34.0,50524.51,806.45,16,0,0,174.68
18.0,76810.53,300.83,9,1,0,152.82
23.0,80436.63,850.45,18,1,1,318.0
32.0,99777.15,381.49,13,1,0,306.43
20.0,49534.87,206.61,14,0,0,158.33
55.0,97302.67,536.4,18,0,0,237.09
18.0,56302.37,632.43,14,1,1,231.25
30.0,36603.44,408.28,16,1,0,111.76
37.0,88103.41,29.14,15,1,0,114.93
52.0,102268.96,93.09,24,0,0,222.18
18.0,134697.72,167.94,10,1,0,363.46
49.0,40006.87,166.08,10,1,0,244.97
35.0,87472.99,559.54,13,1,1,307.15
23.0,59754.97,9.26,13,0,0,189.63
41.0,89583.97,704.64,23,1,0,218.27
37.0,33237.76,154.18,13,1,0,49.47
28.0,38430.76,185.55,17,0,0,54.97
36.0,50603.13,375.29,19,0,0,157.77
30.0,71974.1,121.63,17,1,0,125.57
36.0,53972.97,1079.12,7,1,0,221.52
43.0,86476.36,44.62,25,1,0,155.39
54.0,95672.37,293.84,13,1,1,313.89
20.0,84989.44,946.64,15,1,0,244.01
61.0,110469.69,478.35,18,1,0,161.32
18.0,80395.67,172.89,11,1,1,319.32
33.0,39577.58,273.02,9,0,0,141.84
42.0,104084.41,613.27,13,1,0,253.63
38.0,54871.09,1810.81,19,1,0,320.84
28.0,92760.46,1118.11,19,1,1,495.67
33.0,109343.36,209.6,7,1,0,276.83
29.0,81417.2,3159.4,20,1,1,659.66
28.0,32596.03,1.76,13,0,0,201.27
45.0,47044.7,14.01,16,1,0,240.02
39.0,103068.61,868.18,16,0,0,251.54
27.0,65771.93,111.24,11,1,0,111.51
46.0,71989.34,31.35,16,1,0,142.89
39.0,88970.61,135.35,13,1,0,221.91
45.0,87408.07,277.65,18,1,0,295.91
43.0,76970.0,655.72,13,0,0,274.87
25.0,64783.29,489.53,14,0,0,140.36
28.0,62183.29,135.66,14,1,0,129.35
44.0,91447.47,349.85,28,1,0,209.78
42.0,83839.24,1303.29,18,1,0,237.55
35.0,63567.5,843.72,13,0,0,236.19
36.0,97052.81,195.18,11,1,0,182.2
50.0,66774.15,2016.1,10,1,0,282.62
28.0,48708.45,616.56,17,1,0,127.72
42.0,51025.73,32.24,20,1,0,135.83
33.0,45531.48,17.9,11,1,0,141.06
32.0,63189.75,92.21,15,1,0,160.43
48.0,100843.11,650.71,10,1,0,346.34
45.0,49872.62,101.51,16,1,0,172.18
45.0,74711.89,358.19,13,1,0,219.46
51.0,53582.77,48.95,16,1,0,133.38
35.0,63492.27,1268.43,13,1,0,284.31
43.0,32248.97,210.77,15,1,0,98.19
31.0,64486.54,1193.7,14,1,0,161.63
39.0,65157.37,1449.08,21,1,0,340.0
33.0,83507.2,3.07,16,1,0,205.2
36.0,75582.02,311.94,16,1,0,139.54
42.0,40040.2,12.48,20,1,0,162.72
25.0,97104.96,1196.76,15,1,0,304.39
60.0,75257.58,365.33,11,1,0,209.66
23.0,74959.84,38.95,18,0,0,218.99
20.0,69770.44,58.42,20,1,0,166.39
49.0,57056.06,241.86,15,0,0,225.07
44.0,75445.06,1408.66,15,0,0,294.15
42.0,81889.71,590.31,10,1,0,337.37
43.0,26327.61,1011.04,17,0,0,130.87
35.0,56530.98,228.21,18,1,0,215.76
24.0,63626.33,22.09,16,1,0,34.21
36.0,76404.27,1830.98,15,1,1,396.85
27.0,99832.78,8.66,9,1,0,247.43
47.0,50706.48,1474.92,15,1,0,248.88
33.0,57550.95,229.97,19,1,0,146.36
25.0,57186.65,5.07,18,1,0,130.96
31.0,49961.81,584.23,12,1,0,124.8
40.0,61320.34,1969.7,8,1,1,376.66
28.0,89270.06,1685.22,13,1,0,382.67
25.0,43654.11,87.73,12,0,0,88.77
38.0,80695.36,99.99,15,1,0,258.44
38.0,27452.44,416.82,6,1,0,124.99
29.0,55966.55,507.1,14,1,0,220.58
29.0,61762.77,672.42,18,0,0,226.91
38.0,111871.49,99.87,12,1,0,229.67
18.0,63129.94,1597.18,15,0,0,206.96
18.0,20000.0,509.08,13,1,0,174.15
26.0,20027.78,938.81,15,1,0,104.99
32.0,70850.74,388.34,20,0,0,170.35
39.0,85344.27,267.45,15,0,0,209.89
53.0,79386.4,1890.12,9,1,0,377.23
45.0,74189.25,436.28,18,1,0,254.1
33.0,99056.49,1008.23,9,0,0,331.23
35.0,56510.22,1531.92,18,1,0,273.85
23.0,92372.76,562.51,17,1,0,307.92
35.0,29199.63,398.08,10,1,0,158.24
32.0,47376.3,1.76,10,1,0,88.15
39.0,24823.97,20.42,10,0,0,24.33
25.0,63128.87,112.1,17,1,0,112.28
41.0,68843.47,102.9,10,0,0,175.52
53.0,72852.54,147.02,13,1,0,122.1
34.0,71547.08,181.87,18,1,0,179.82
40.0,46811.17,223.19,18,1,1,187.88
43.0,65243.98,272.83,18,0,0,44.64
30.0,32563.83,52.05,10,0,0,30.02
38.0,104080.72,21.64,13,0,0,90.04
35.0,62409.35,560.34,7,1,0,199.66
36.0,57777.85,385.38,17,0,0,223.79
26.0,109723.51,293.62,13,0,0,178.28
35.0,38943.84,503.16,9,1,0,94.09
41.0,41860.32,879.2,13,1,0,187.45
52.0,42594.49,279.04,19,1,1,125.79
47.0,68303.22,512.38,22,1,0,140.41
61.0,80790.79,1534.93,22,0,0,348.15
26.0,88491.89,915.12,16,1,0,261.75
45.0,134299.88,277.56,18,1,0,236.02
37.0,20000.0,517.42,15,1,0,7.36
61.0,85218.39,97.44,13,1,0,314.6
25.0,56071.74,411.08,16,0,0,227.67
25.0,55339.62,1990.37,14,1,1,389.51
28.0,54505.7,365.23,9,1,0,181.93
18.0,47280.76,1313.04,21,0,1,285.22
29.0,112113.12,261.56,18,0,0,289.91
26.0,91057.43,3381.75,12,1,1,619.19
37.0,70579.9,432.82,16,1,0,175.28
39.0,103775.39,21.59,15,1,0,252.48
58.0,32186.78,441.86,19,0,0,193.25
46.0,36732.37,160.5,12,0,0,152.59
28.0,20000.0,16.51,10,1,0,133.35
24.0,52514.64,859.78,13,1,0,199.39
41.0,74042.46,161.3,24,1,0,135.06
19.0,72571.46,796.16,19,1,0,139.84
57.0,73733.55,169.99,19,1,0,180.08
49.0,34723.58,108.04,14,1,0,121.2
29.0,90078.87,1823.59,10,1,0,377.52
18.0,75990.69,224.43,14,0,0,157.59
51.0,88326.36,459.87,11,1,0,312.81
34.0,22680.95,470.78,17,0,0,140.03
50.0,77787.27,411.03,11,1,0,290.32
18.0,40305.87,1230.77,16,0,0,174.01
28.0,60066.92,561.11,9,1,0,172.83
35.0,83359.12,258.53,18,1,0,266.73
36.0,72277.34,991.63,15,1,1,353.35
30.0,48711.5,99.87,16,1,0,96.96
42.0,70156.83,392.89,17,0,0,170.63
22.0,31711.62,1503.4,15,1,1,291.33
33.0,98756.68,490.95,20,1,0,306.76
36.0,64867.9,849.05,12,1,0,232.61
41.0,97963.75,530.02,13,0,0,312.46
44.0,56836.71,914.33,13,1,0,252.48
22.0,56910.6,1445.58,6,1,0,252.46
18.0,50895.33,159.36,13,0,0,97.77
50.0,91904.35,92.96,19,1,0,182.59
39.0,52264.22,330.82,15,1,0,90.77
26.0,86114.89,605.1,4,1,0,249.03
54.0,60438.69,128.86,11,1,0,237.44
36.0,20600.92,2.05,15,1,0,59.84
49.0,55742.15,209.99,14,1,0,116.16
36.0,40522.29,1734.62,21,0,0,358.29
60.0,70847.57,593.67,15,0,0,174.53
56.0,40239.81,256.52,11,0,0,86.04
32.0,93149.38,106.95,12,1,0,284.47
47.0,67723.1,220.1,18,1,0,204.52
43.0,65560.1,93.07,11,0,0,161.92
51.0,86397.3,56.2,16,1,0,238.01
23.0,94097.67,1186.19,14,0,0,343.84
43.0,69497.53,3026.74,20,1,0,392.36
48.0,50719.99,89.63,16,0,0,8.52
18.0,25650.76,28.03,17,0,1,95.89
21.0,52848.76,200.04,16,1,0,197.95
18.0,54569.69,309.63,18,1,0,132.68
32.0,72676.44,114.59,13,1,0,203.82
44.0,61371.33,179.36,11,1,0,177.9
53.0,87198.32,112.12,15,1,0,120.93
36.0,54675.42,744.19,9,1,1,269.68
55.0,68573.97,623.4,20,1,0,227.43
18.0,99599.69,503.86,16,1,0,228.23
18.0,78545.63,244.87,9,1,1,302.5
34.0,68499.06,1198.67,15,1,0,296.45
40.0,54951.39,1745.55,14,1,1,382.74
35.0,54169.22,95.36,12,0,0,196.22
18.0,48734.67,126.17,12,0,0,155.27
34.0,56474.83,372.88,15,1,0,122.45
19.0,88891.65,47.84,12,1,0,184.69
43.0,64452.79,286.75,11,0,0,186.6
39.0,36255.67,435.89,24,1,1,239.08
24.0,114204.23,369.15,14,1,0,263.65
29.0,77999.13,200.92,17,1,0,105.46
22.0,34826.41,390.93,17,1,0,146.77
34.0,58953.78,1594.67,20,1,1,328.92
46.0,72772.16,115.35,21,0,0,100.81
23.0,112614.8,531.86,15,1,0,299.36
41.0,42297.19,22.18,23,0,0,139.46
29.0,94401.02,34.36,20,1,0,173.54
25.0,104987.16,401.29,18,0,0,288.93
34.0,54283.64,55.43,28,1,0,142.21
23.0,63062.16,11.3,10,1,0,196.84
28.0,44092.27,94.08,14,0,0,82.98
21.0,64913.47,416.03,13,0,0,139.38
59.0,69085.25,607.59,12,1,1,252.99
35.0,86491.25,113.12,7,0,1,366.12
27.0,97254.59,551.7,18,1,0,297.05
38.0,51297.6,100.74,12,0,0,90.81
34.0,20816.87,475.26,9,0,0,227.79
32.0,69468.88,265.48,17,1,0,127.67
42.0,77338.44,530.37,12,1,0,283.69
44.0,76235.44,2654.46,16,1,0,511.9
29.0,61833.17,1388.84,19,0,1,365.05
28.0,73118.8,2.15,13,1,0,131.97
32.0,107886.12,1083.32,23,1,0,290.71
18.0,79543.35,34.4,13,1,0,173.42
18.0,60665.79,1529.3,15,0,0,348.31
51.0,57495.05,165.52,13,1,0,95.55
55.0,65753.69,240.66,17,0,0,79.64
32.0,110918.5,48.06,9,0,0,276.75
42.0,65417.48,59.55,13,1,0,189.87
39.0,69505.14,648.67,22,1,0,308.28
72.0,57942.16,1444.18,15,0,0,211.19
48.0,97474.58,471.76,15,1,0,255.39
33.0,118995.93,629.13,17,0,0,375.0
24.0,81265.33,717.68,13,0,1,371.34
18.0,72069.32,152.46,14,1,0,171.61
37.0,70919.57,23.14,17,1,0,199.65
26.0,20000.0,0.94,12,1,0,36.12
18.0,88628.77,215.89,18,1,0,255.42
27.0,73354.16,138.18,14,1,0,119.85
22.0,80708.55,32.17,15,1,0,108.66
55.0,52213.45,98.94,11,1,0,128.64
46.0,60388.58,66.48,17,1,1,90.36
35.0,59724.38,1231.84,14,1,0,268.87
53.0,95540.57,75.57,16,0,0,130.01
36.0,60531.0,385.71,27,1,0,169.75
25.0,122066.51,449.6,21,1,0,306.37
53.0,80771.56,392.07,14,0,0,219.35
41.0,38107.93,52.16,14,1,0,125.25
23.0,66786.34,191.95,17,0,0,178.98
33.0,53708.12,26.32,17,1,0,111.4
24.0,20000.0,251.82,14,0,1,223.99
18.0,109986.77,104.5,15,1,0,270.09
46.0,87578.56,412.35,15,0,1,377.01
58.0,83330.18,590.14,17,0,0,295.33
18.0,74135.09,379.77,13,1,0,243.65
42.0,35449.56,284.79,17,1,0,218.52
27.0,57909.57,244.97,12,0,0,174.62
29.0,91044.52,921.61,10,1,0,303.9
28.0,43719.5,123.83,17,0,0,83.34
25.0,20000.0,662.54,20,1,0,103.44
36.0,64322.35,708.34,14,0,0,184.92
25.0,66456.06,271.67,14,1,0,215.94
38.0,73389.09,176.41,21,1,0,126.8
34.0,88212.97,317.95,20,1,1,330.42
32.0,85940.15,48.92,12,1,0,230.75
24.0,76469.25,23.51,14,1,0,184.81
28.0,99888.28,59.17,14,1,0,182.9
44.0,32025.76,103.6,7,1,0,145.36
41.0,82614.55,350.77,18,0,1,309.65
23.0,85663.46,945.69,18,1,1,247.79
36.0,39010.94,134.36,10,0,1,130.71
44.0,32428.23,1367.93,18,1,1,333.63
18.0,51351.45,1549.52,13,1,1,435.72
42.0,53461.46,1595.93,14,1,0,314.82
27.0,88835.49,908.73,13,1,1,444.56
42.0,54636.53,226.14,11,1,0,120.97
26.0,48591.29,37.73,10,1,0,117.95
18.0,54709.16,420.61,22,1,0,219.25
18.0,97965.81,408.99,22,1,0,264.13
36.0,70326.08,948.48,13,1,1,352.79
38.0,65518.72,2759.61,17,1,0,413.66
24.0,67249.86,354.8,22,1,0,234.7
43.0,102301.51,211.72,17,1,0,297.88
18.0,51270.71,102.84,11,1,0,173.31
34.0,102887.71,2.41,15,1,0,229.33
20.0,75262.41,355.77,11,1,0,196.26
27.0,65989.52,405.42,14,1,1,319.07
36.0,132522.51,871.31,10,1,0,327.08
25.0,43609.01,351.17,17,1,1,162.38
30.0,61157.86,1241.26,16,0,0,191.89
47.0,39189.22,494.54,21,1,0,197.59
28.0,93811.55,917.34,6,1,0,281.32
45.0,112229.72,80.26,8,1,0,286.69
21.0,111748.07,966.67,14,1,1,474.41
41.0,100598.72,562.19,11,0,0,430.29
52.0,65059.49,93.31,13,0,0,185.54
18.0,60868.98,105.21,14,1,0,61.15
25.0,28220.76,1305.24,23,0,0,249.74
42.0,120896.84,16.37,15,1,0,244.07
33.0,81724.45,310.45,22,1,0,190.45
39.0,57701.08,188.06,10,1,1,206.06
28.0,103201.42,546.93,16,1,0,288.88
36.0,45680.89,915.13,17,0,0,208.0
33.0,80165.55,223.44,9,0,0,182.4
49.0,65684.27,278.35,22,1,0,139.8
38.0,85966.93,2006.41,16,1,0,395.64
39.0,68410.66,766.05,14,1,0,118.29
30.0,33726.8,1137.51,13,0,0,133.13
29.0,71889.41,288.81,15,1,1,370.97
30.0,96221.6,133.34,15,1,0,242.17
40.0,69269.59,265.4,13,1,0,162.83
30.0,89377.88,629.55,12,0,0,182.91
38.0,43861.76,57.95,16,0,0,108.7
60.0,69343.48,157.68,10,1,0,233.71
45.0,54387.24,23.88,19,1,0,255.12
31.0,88674.52,283.12,22,0,0,306.26
49.0,70787.29,878.52,12,0,0,211.08
30.0,87251.84,12.49,13,1,0,174.96
18.0,97192.76,562.46,13,1,0,201.06
23.0,87290.46,1347.78,12,0,0,293.28
18.0,76827.96,135.2,17,0,0,172.53
31.0,45044.69,591.49,10,0,0,160.88
35.0,69930.35,1846.48,15,1,0,447.24
55.0,56672.74,1638.76,9,0,0,243.45
39.0,61398.4,133.89,24,1,1,215.37
32.0,60636.65,52.86,12,0,0,49.39
45.0,45501.86,80.25,10,1,0,145.57
18.0,21066.54,605.39,17,1,0,51.59
38.0,53296.42,646.87,16,1,0,244.41
44.0,74834.49,560.79,8,0,0,225.2
18.0,36295.57,204.8,12,1,0,48.97
49.0,70392.06,93.03,11,1,0,72.95
39.0,117506.71,434.66,15,0,0,249.55
30.0,95576.41,330.51,18,1,0,250.17
43.0,111088.54,652.51,19,1,0,320.5
62.0,79778.2,291.13,19,0,0,175.75
37.0,99187.75,206.73,11,1,0,293.34
38.0,51900.88,173.7,15,0,0,84.38
29.0,53891.49,118.79,11,1,0,1.31
25.0,20000.0,154.45,15,0,0,89.57
45.0,99653.64,49.82,20,0,0,278.79
25.0,108508.1,212.98,14,1,1,458.93
36.0,56170.57,18.63,14,0,0,71.21
29.0,63651.21,103.15,17,1,0,126.38
41.0,51153.45,686.73,15,0,0,227.17
39.0,79566.34,196.87,20,0,0,157.46
47.0,98123.31,551.67,16,1,0,274.68
29.0,26430.7,630.95,12,1,0,106.13
32.0,80235.96,435.16,15,0,0,169.52
23.0,63083.21,1593.42,11,1,0,268.69
30.0,72834.86,10.84,13,1,0,218.54
40.0,81474.85,670.95,13,1,1,353.95
44.0,65294.94,1594.5,18,1,1,448.39
24.0,67410.33,991.24,15,0,0,279.97
45.0,64653.12,91.9,17,1,0,234.82
51.0,94257.91,197.87,15,1,0,269.21
40.0,80469.0,94.64,20,0,0,218.37
58.0,75514.59,459.78,24,1,0,192.98
26.0,38226.21,622.72,19,1,0,301.19
20.0,60535.51,190.68,13,0,0,169.77
18.0,92466.73,387.73,10,0,0,155.04
53.0,70942.41,587.08,20,0,0,223.99
43.0,86488.29,273.52,10,1,0,181.21
34.0,114162.8,962.13,11,1,0,403.39
38.0,95965.15,738.22,21,1,0,310.04
21.0,72328.96,33.43,17,1,0,154.42
64.0,57225.27,485.27,6,1,0,156.58
37.0,20000.0,134.15,14,1,0,82.74
36.0,65790.38,407.68,22,1,1,231.42
44.0,61849.69,1571.98,6,1,1,435.78
41.0,79759.15,1056.24,16,1,1,407.82
38.0,66152.37,259.19,17,1,0,321.02
26.0,61990.37,172.31,20,1,0,128.96
41.0,25515.03,133.55,24,1,0,51.21
58.0,46500.8,380.19,15,1,1,198.49
51.0,81916.28,60.66,13,0,0,188.35
54.0,112897.69,398.45,18,0,0,330.99
29.0,67561.87,0.67,18,0,0,135.37
23.0,78195.28,195.67,13,1,0,298.58
33.0,93811.95,124.19,21,1,0,237.16
36.0,49727.65,1774.02,19,1,1,333.96
48.0,79170.35,649.59,11,0,0,214.24
18.0,51487.75,215.12,14,1,0,198.53
53.0,91620.61,48.72,14,1,1,313.98
33.0,73785.08,363.66,8,1,1,313.12
30.0,77461.3,120.05,9,1,1,269.03
23.0,50435.04,384.4,15,0,0,156.24
18.0,87675.81,902.0,16,1,1,367.78
45.0,122117.82,478.29,11,1,0,388.15
36.0,44802.21,502.27,11,1,1,268.05
20.0,61506.02,389.39,4,1,0,195.21
19.0,75790.19,1310.47,8,0,0,307.15
31.0,89660.16,1343.41,13,1,0,342.27
55.0,56011.34,359.46,18,0,0,161.69
32.0,20000.0,182.47,13,1,1,75.96
18.0,103979.74,307.71,24,1,0,145.69
32.0,89012.65,103.24,18,0,0,162.46
32.0,26426.31,505.77,13,0,0,121.0
18.0,54810.78,346.67,17,1,0,123.4
34.0,109204.56,54.52,18,1,0,278.83
32.0,106194.91,110.1,12,1,0,237.94
43.0,93466.0,326.61,16,1,0,331.27
57.0,65597.19,1092.8,21,1,0,220.4
49.0,72074.69,417.81,14,1,1,300.28
32.0,66726.85,572.12,14,1,0,198.22
22.0,98205.99,207.02,10,0,0,269.1
66.0,48103.94,423.63,13,1,1,268.52
36.0,49855.01,296.54,18,0,0,173.78
35.0,95256.86,538.13,16,0,1,275.96
35.0,68890.96,25.95,18,0,0,179.37
37.0,104461.68,339.92,10,0,0,222.37
33.0,53212.19,175.48,15,0,0,128.48
28.0,68630.54,197.4,16,0,0,209.47
28.0,46939.68,1621.04,15,1,1,290.22
35.0,70184.07,100.87,15,1,0,228.25
28.0,33036.33,186.44,11,0,0,95.05
26.0,57809.16,356.57,22,1,1,347.91
36.0,34093.65,993.99,20,1,1,234.47
32.0,87348.08,269.5,15,0,0,306.91
53.0,87914.73,681.03,13,1,0,327.82
18.0,26743.43,970.27,23,0,0,123.96
48.0,103347.14,185.54,13,1,0,184.16
50.0,132435.38,249.41,14,1,0,317.49
18.0,71150.16,220.46,14,1,0,157.21
31.0,53972.14,894.45,15,0,0,296.38
31.0,140608.26,22.68,10,1,0,301.14
18.0,37025.79,184.39,12,0,0,103.47
26.0,70502.66,568.79,22,1,0,134.09
22.0,74490.56,416.71,11,1,0,239.61
56.0,103628.69,286.61,14,1,0,199.21
46.0,78993.47,388.21,14,1,1,334.31
50.0,57534.15,110.06,16,1,0,173.08
44.0,46220.39,281.69,8,1,1,179.02
21.0,61454.45,348.28,12,1,0,231.57
29.0,44826.82,1157.27,13,1,1,283.61
41.0,71195.63,151.12,18,0,0,97.94
20.0,55895.1,1011.83,20,1,0,300.24
44.0,32649.06,516.75,20,1,0,80.8
32.0,101378.64,10.28,14,1,0,251.14
31.0,57558.19,644.82,10,0,0,230.89
44.0,38296.58,18.1,13,0,0,121.86
40.0,65793.52,2972.51,10,0,1,560.56
31.0,71709.29,1030.36,13,1,1,315.82
49.0,26338.33,176.44,12,0,0,180.89
22.0,78291.19,148.81,27,0,0,215.28
42.0,43821.06,240.18,15,0,0,155.41
42.0,112775.72,220.16,19,1,1,322.14
31.0,83099.01,232.88,14,0,0,162.57
39.0,60002.5,191.57,14,1,0,194.03
20.0,51370.81,485.29,11,1,1,157.96
46.0,67375.81,89.72,16,1,0,178.66
33.0,85319.77,935.34,13,1,0,221.61
29.0,69362.65,836.73,15,1,0,199.0
48.0,64571.03,323.59,17,1,0,106.95
27.0,71459.26,957.74,20,0,0,261.0
18.0,54903.53,141.94,11,1,1,291.17
18.0,61419.85,8.86,21,1,0,149.13
42.0,20000.0,482.75,14,1,0,133.17
20.0,94343.16,306.16,18,0,0,241.7
56.0,77469.94,418.7,16,1,0,248.94
18.0,50663.6,1148.0,22,1,0,245.48
55.0,117468.37,1752.04,19,0,0,286.39
38.0,72175.41,503.18,13,1,0,263.98
34.0,44096.41,722.08,15,1,0,220.46
28.0,91418.44,43.76,12,1,0,195.1
40.0,79951.21,87.6,22,1,0,75.95
35.0,79864.5,660.64,9,1,1,370.01
48.0,59356.11,282.26,16,1,0,181.27
36.0,81262.39,295.26,20,0,0,180.03
37.0,63456.04,184.52,16,1,0,172.7
31.0,83898.54,467.43,20,1,0,278.13
34.0,22376.39,102.38,22,0,0,180.87
39.0,59153.16,492.98,17,1,0,190.95
18.0,113053.88,95.46,18,1,0,266.35
19.0,50823.31,32.98,13,1,0,87.75
44.0,54904.04,200.51,10,1,1,205.23
37.0,58800.97,131.42,13,1,0,147.94
33.0,39629.85,1099.07,13,0,0,272.05
35.0,20000.0,28.26,8,1,0,117.77
39.0,64235.34,97.16,20,1,0,244.65
29.0,73396.49,397.83,18,0,0,126.06
26.0,68687.37,327.99,16,0,1,215.34
37.0,66378.04,23.47,13,1,0,214.21
23.0,71076.02,3.64,18,0,0,228.96
40.0,95571.04,2214.26,18,1,1,541.35
18.0,65238.85,537.69,9,1,0,-7.03
47.0,55647.94,227.39,16,1,0,114.86
41.0,62971.86,317.85,18,1,0,188.5
38.0,84483.67,155.0,10,1,0,169.5
47.0,105300.67,211.46,13,1,0,265.0
55.0,54296.41,523.55,18,1,0,269.88
47.0,72473.34,1071.99,11,1,0,351.45
18.0,78458.94,101.75,15,1,0,227.54
20.0,45185.55,917.42,21,0,0,186.89
28.0,70510.43,64.8,17,0,0,138.77
35.0,33358.15,121.03,7,1,0,152.71
41.0,25773.74,18.94,18,0,0,68.71
26.0,79168.66,75.88,16,1,0,186.91
37.0,60403.13,1246.29,18,1,0,181.87
26.0,75057.01,307.57,12,1,0,171.14
28.0,69552.63,40.42,11,1,0,208.74
18.0,45590.0,1606.03,11,0,0,224.73
24.0,68868.64,1055.95,17,0,0,272.62
19.0,39172.47,702.6,14,1,0,191.23
23.0,104774.31,1355.07,21,1,0,376.6
48.0,36100.74,124.31,14,1,1,184.42
24.0,65105.37,905.07,11,1,0,280.1
67.0,43943.21,585.58,14,0,0,137.25
41.0,84260.53,1019.19,12,1,0,223.06
37.0,61714.22,797.06,15,1,0,179.46
25.0,57033.33,212.7,16,0,0,189.83
43.0,91330.04,744.49,12,1,1,330.2
28.0,70735.76,152.21,17,0,0,120.66
36.0,82916.11,199.19,15,1,0,153.44
66.0,45466.85,57.09,14,1,0,26.34
34.0,34879.58,1367.27,20,1,0,159.14
49.0,72680.2,171.95,27,1,0,208.58
27.0,62028.84,367.63,16,0,0,142.98
35.0,85660.87,248.24,15,1,1,234.57
56.0,68002.29,1608.54,11,0,0,299.28
27.0,75126.88,204.02,20,1,0,206.18
57.0,29415.44,753.77,17,0,0,58.67
43.0,117210.92,966.95,11,0,0,406.78
28.0,65893.95,286.0,17,1,0,104.34
43.0,87439.67,237.55,20,1,0,188.86
47.0,49097.71,688.66,9,0,0,178.65
42.0,77700.25,1220.33,14,1,0,271.36
18.0,37428.88,703.11,19,0,1,219.86
26.0,81301.7,128.82,7,1,0,250.41
32.0,61100.65,1096.0,6,0,0,267.76
34.0,70729.76,245.17,18,1,0,149.69
42.0,87449.35,429.28,17,0,0,256.69
37.0,39186.49,890.22,12,1,0,203.76
19.0,52887.71,104.37,17,0,0,98.74
40.0,81433.11,767.42,13,1,0,265.72
42.0,122455.54,453.37,14,1,1,413.42
42.0,66547.94,1119.06,8,0,0,235.72
48.0,84778.4,94.35,13,0,0,243.28
45.0,67325.71,272.95,15,0,1,286.62
41.0,118556.14,894.41,14,1,0,387.07
34.0,26319.46,9.71,21,1,0,93.37
18.0,72365.53,59.51,15,1,1,227.19
40.0,29361.4,2331.68,15,1,1,408.74
37.0,20000.0,164.53,12,1,0,67.57
38.0,77436.55,1855.42,10,1,1,512.68
20.0,73487.44,100.77,18,0,0,164.8
22.0,62879.08,224.0,15,1,1,273.18
48.0,67345.15,698.92,15,0,0,241.74
35.0,147457.49,536.15,14,1,0,411.19
43.0,63545.62,435.09,15,0,0,108.87
35.0,82753.11,377.4,17,1,0,140.43
35.0,53765.88,927.16,14,0,0,255.83
46.0,77380.81,133.91,15,1,1,297.72
29.0,64044.16,292.12,21,0,0,126.52
36.0,59737.04,84.48,25,1,0,146.14
29.0,115472.46,453.1,7,1,0,241.86
30.0,99429.62,144.2,11,1,0,404.49
31.0,73418.67,203.11,17,1,0,248.73
38.0,20000.0,318.62,21,0,0,110.98
29.0,60974.77,13.57,13,1,0,151.09
50.0,137575.69,48.22,14,0,0,271.04
24.0,64233.46,579.07,18,1,0,134.86
33.0,97580.44,280.16,17,0,0,233.49
30.0,106048.56,1000.46,14,0,0,291.16
52.0,75474.1,593.18,13,1,1,280.99
37.0,48954.46,4.07,9,1,0,59.48
47.0,20000.0,479.48,12,1,0,126.43
18.0,87104.08,49.21,16,1,0,178.28
38.0,49631.1,759.19,14,1,0,223.93
46.0,74403.76,2384.3,21,1,0,418.09
36.0,38754.49,378.79,9,1,0,158.86
48.0,63369.06,574.08,15,1,0,337.12
29.0,70842.98,135.45,16,1,0,214.42
52.0,76714.84,287.77,18,1,0,133.18
63.0,42129.45,969.3,20,1,0,214.13
31.0,99922.77,91.61,23,1,0,210.31
30.0,55077.63,154.31,15,1,1,156.26
52.0,28138.26,294.78,12,1,1,80.09
54.0,67274.41,622.83,16,0,0,237.49
29.0,70859.38,235.71,16,1,0,218.17
30.0,74014.74,1313.69,21,0,0,235.09
32.0,104053.31,49.61,15,1,0,281.58
19.0,64088.78,231.66,13,1,0,189.59
24.0,67009.51,617.14,15,1,0,275.53
23.0,42420.39,128.08,23,1,0,156.13
26.0,90513.84,534.16,15,0,0,246.52
35.0,74607.73,89.69,12,1,0,265.96
38.0,59499.31,28.8,22,0,0,71.67
54.0,22383.13,64.49,19,1,1,215.81
23.0,106110.3,1329.52,13,1,1,457.33
47.0,39308.0,401.2,15,1,0,136.34
32.0,55218.05,795.67,17,1,0,177.64
34.0,78958.61,202.22,10,1,0,189.3
43.0,40086.05,449.05,14,1,0,293.25
22.0,32662.26,341.55,12,0,0,102.34
40.0,20000.0,1456.97,24,0,0,230.25
37.0,88024.92,688.32,18,1,0,247.11
41.0,56370.34,655.67,13,1,0,249.14
38.0,143181.75,23.73,17,1,0,277.53
64.0,45141.12,398.89,17,1,0,158.98
27.0,46963.72,314.61,13,0,0,180.82
29.0,55865.18,1314.45,12,1,0,233.08
28.0,76078.37,148.76,10,0,1,434.74
28.0,58244.92,157.24,15,0,0,186.26
27.0,85308.31,264.96,23,1,0,189.81
49.0,45535.29,139.44,18,1,0,84.15
52.0,35460.21,69.16,16,1,0,100.42
28.0,25044.63,973.91,16,1,0,104.68
25.0,20000.0,408.54,10,1,0,199.97
41.0,57048.27,987.95,17,0,0,250.45
28.0,62475.49,889.33,12,1,1,321.27
43.0,54214.07,165.67,22,0,0,183.29
37.0,101085.14,396.75,11,0,0,233.77
18.0,100700.76,43.44,10,0,0,177.95
54.0,61629.93,1234.04,9,1,0,272.16
57.0,25151.97,258.98,13,0,0,106.58
28.0,55832.37,250.17,15,1,0,183.21
30.0,55004.47,180.31,17,1,0,70.23
38.0,53571.63,308.71,13,0,0,139.2
39.0,52557.03,145.02,13,0,1,59.99
43.0,53663.43,234.88,16,1,0,89.7
59.0,60336.46,804.59,24,0,0,238.89
33.0,54111.47,898.65,12,1,0,272.14
25.0,75208.06,181.33,12,1,0,137.45
18.0,79009.22,316.51,19,1,0,185.44
26.0,47233.87,1035.02,13,1,0,223.25
35.0,101776.63,27.06,9,1,0,292.16
57.0,45498.44,1099.77,14,1,0,299.43
29.0,29554.98,123.71,12,1,0,105.13
38.0,79519.45,567.44,15,1,1,320.93
35.0,49564.8,436.8,16,1,0,88.62
49.0,78032.29,402.53,14,1,1,314.62
65.0,20000.0,980.78,15,1,1,286.66
29.0,104811.4,53.55,10,1,0,309.49
29.0,86807.34,213.11,18,1,0,217.67
48.0,32488.09,386.37,16,1,0,136.78
43.0,33030.57,833.77,13,1,1,187.95
57.0,111806.65,121.96,16,1,0,235.95
42.0,51565.5,812.1,9,0,0,223.72
31.0,49145.38,255.11,21,1,0,139.33
42.0,20000.0,104.69,20,1,0,111.01
48.0,61230.54,711.45,13,1,1,340.29
45.0,64307.01,47.65,14,1,0,181.41
41.0,87887.33,361.56,16,1,0,179.97
48.0,35023.04,33.0,9,0,0,57.28
49.0,31992.83,220.35,6,1,0,79.63
52.0,81274.07,459.49,14,1,1,335.25
43.0,95168.25,406.1,18,1,1,254.91
33.0,30721.19,259.31,13,1,0,111.06
37.0,97037.85,280.23,15,0,0,312.53
49.0,70938.55,128.59,25,1,0,188.08
25.0,97295.13,304.3,17,1,0,223.48
39.0,68244.49,1531.52,14,1,0,276.73
30.0,20000.0,950.07,10,1,0,205.29
35.0,66200.82,78.46,13,1,0,179.55
50.0,96503.6,15.12,16,1,0,200.2
37.0,47656.35,1355.46,13,1,0,225.41
36.0,60300.88,374.07,13,1,0,185.83
19.0,65596.66,385.92,15,1,1,268.39
44.0,20000.0,758.7,10,0,0,185.09
43.0,111783.69,188.94,11,1,0,332.52
61.0,47465.61,328.8,19,1,0,71.45
31.0,82643.39,1731.48,18,0,0,291.14
38.0,67832.47,557.6,16,1,0,276.83
38.0,101440.48,83.47,21,1,0,227.52
54.0,80151.4,71.49,11,1,0,138.87
34.0,64126.89,114.24,17,1,1,289.54
38.0,47662.12,727.74,13,1,1,275.17
42.0,89946.27,175.05,15,1,0,327.56
37.0,23163.97,10.81,16,1,1,95.69
30.0,86147.26,1442.76,12,1,1,506.83
37.0,42523.88,92.99,21,1,1,91.26
48.0,101307.09,4.8,14,0,0,294.9
23.0,74032.49,135.33,22,1,0,214.81
37.0,86103.09,133.96,12,1,0,291.82
27.0,72049.72,274.1,14,1,0,249.04
49.0,26190.57,1265.31,14,1,0,195.96
18.0,48481.77,1056.75,15,1,0,164.08
28.0,86809.73,305.23,19,1,0,186.04
40.0,74166.4,264.58,10,1,0,116.73
54.0,99524.75,404.85,19,1,0,205.49
34.0,80081.86,139.5,17,0,0,211.41
28.0,45832.45,26.8,12,1,0,117.96
58.0,50098.4,1400.28,8,1,1,321.86
18.0,72572.93,103.33,11,1,0,143.82
18.0,20000.0,110.57,15,1,0,-17.56
40.0,111836.05,319.77,17,1,0,280.75
29.0,81043.67,338.26,18,1,0,228.87
23.0,100675.86,9.3,16,1,0,170.7
44.0,30484.9,80.06,14,1,0,64.3
38.0,101114.13,237.53,23,0,0,307.09
28.0,125787.47,575.58,21,0,0,375.11
20.0,36978.04,129.66,13,1,0,36.7
45.0,89285.04,274.97,16,0,0,219.84
43.0,70027.75,407.48,20,0,0,263.55
34.0,31389.15,1097.28,17,0,1,229.67
57.0,82322.1,197.31,22,1,0,176.93
22.0,90840.08,71.68,15,0,0,263.49
18.0,54971.84,335.96,16,1,0,210.89
27.0,99147.91,686.63,13,1,0,337.72
34.0,28330.91,58.19,8,0,0,83.38
38.0,32631.1,276.42,25,0,0,126.05
32.0,73414.93,8.97,16,1,0,240.46
39.0,70634.63,17.07,17,0,0,156.48
20.0,52085.66,329.81,12,1,0,142.98
52.0,90239.86,177.05,13,1,0,283.69
34.0,83272.36,932.51,19,1,0,374.07
48.0,91453.48,460.85,7,0,1,475.49
39.0,66921.59,302.51,12,0,0,171.37
40.0,85064.51,262.07,18,0,0,196.63
42.0,58858.74,343.83,19,1,0,112.64
40.0,121345.47,20.64,15,1,1,409.32
43.0,49686.36,1116.5,17,1,0,173.32
51.0,122632.44,3189.49,22,1,0,543.88
37.0,70872.2,100.13,15,1,0,206.81
44.0,35612.23,64.13,8,1,0,131.14
34.0,104201.98,77.5,12,1,0,151.62
52.0,73147.53,540.92,12,0,1,389.41
27.0,91278.1,541.53,14,1,0,204.36
57.0,100596.4,941.69,12,0,0,273.31
35.0,78448.89,696.81,17,1,1,279.32
18.0,55193.98,298.64,13,1,0,131.19
37.0,94392.83,474.48,14,1,0,213.39
27.0,70018.89,582.83,14,1,0,176.7
45.0,87146.45,359.48,6,1,0,125.03
27.0,20000.0,322.8,14,1,0,100.78
30.0,81174.54,517.96,20,0,0,235.75
18.0,54035.35,407.63,13,0,0,285.05
30.0,111332.74,516.33,22,1,0,304.62
18.0,85577.18,474.48,15,1,1,327.85
18.0,75996.44,635.05,11,0,0,183.46
44.0,82157.75,514.73,17,0,0,226.98
44.0,45038.98,366.72,17,1,0,165.19
40.0,110581.42,572.53,13,0,0,277.25
23.0,119784.26,298.45,15,1,0,292.46
34.0,79822.84,138.32,7,1,0,304.35
35.0,109760.09,0.71,15,1,0,220.39
21.0,55771.3,410.45,20,1,1,150.97
53.0,50072.16,446.6,16,1,0,206.48
46.0,71023.12,1788.65,11,1,1,450.39
32.0,80873.53,224.3,12,0,0,124.73
35.0,60150.33,250.55,19,1,0,178.74
38.0,83444.2,112.7,18,1,0,142.27
18.0,77659.74,36.57,12,1,1,313.2
32.0,45042.33,740.97,16,1,0,277.55
27.0,82969.83,143.63,17,1,1,294.52
23.0,91588.21,469.4,12,0,0,310.28
32.0,74286.73,582.01,18,0,0,159.35
57.0,98816.2,318.61,19,1,0,165.52
43.0,39564.91,1045.16,12,1,1,366.23
28.0,81698.76,293.31,19,0,0,220.12
42.0,40742.98,167.67,12,1,0,156.09
52.0,42147.97,1131.76,16,1,0,273.07
46.0,54226.73,988.67,15,1,0,200.93
36.0,46448.5,89.59,19,0,0,155.11
27.0,56300.1,13.15,19,1,0,159.59
43.0,64646.24,47.15,19,0,0,81.27
40.0,90928.86,168.82,14,1,0,296.39
46.0,61971.02,1792.44,16,1,0,386.53
43.0,30359.36,408.81,15,1,0,57.41
48.0,98501.7,233.61,7,1,0,266.38
29.0,49072.75,1097.84,16,1,0,214.38
51.0,68531.99,301.78,15,1,0,258.16
37.0,81163.41,189.34,14,1,0,132.73
60.0,74990.26,1416.97,19,1,0,483.8
27.0,97354.49,946.95,12,0,0,306.68
56.0,81975.08,927.89,20,0,0,303.66
37.0,48467.26,359.01,12,0,0,228.21
27.0,124464.05,778.99,17,0,0,333.03
29.0,74858.34,98.83,21,1,0,161.85
31.0,66316.49,425.75,14,1,0,172.07
40.0,94098.14,2062.79,15,0,0,370.2
41.0,76236.27,171.92,13,1,0,207.26
28.0,79980.7,790.8,17,1,0,248.28
35.0,132304.6,337.14,20,0,0,282.85
61.0,63121.96,20.31,20,1,0,115.73
56.0,62055.98,719.89,17,0,0,240.91
40.0,72914.46,92.3,16,1,0,133.18
35.0,96787.9,499.12,13,1,0,255.14
36.0,32336.65,44.78,15,0,0,134.08
42.0,20861.1,1467.48,13,1,0,224.83
23.0,55322.12,172.46,13,0,0,99.41
32.0,29151.93,128.39,18,0,0,83.95
18.0,59379.22,69.13,16,1,0,165.52
40.0,82562.49,1459.41,14,1,0,382.53
43.0,47731.28,622.23,12,1,0,145.92
29.0,34329.34,676.74,10,1,0,138.41
54.0,71733.43,345.98,16,0,0,161.31
20.0,91563.59,321.92,11,1,1,329.96
18.0,27625.66,58.28,18,1,0,95.33
38.0,90505.81,410.31,19,1,0,263.77
48.0,90432.66,141.79,18,1,0,261.59
55.0,93852.13,1889.3,14,0,0,394.08
29.0,100462.01,796.24,20,1,0,220.28
48.0,125050.35,266.36,14,1,0,332.21
35.0,61097.7,82.05,23,1,0,142.36
33.0,72739.29,769.33,12,0,0,251.41
46.0,59589.04,65.08,12,0,0,87.52
43.0,70049.42,104.95,14,0,0,162.8
18.0,108321.83,118.82,14,1,0,190.84
53.0,36374.64,406.97,10,1,0,167.54
52.0,48473.76,773.36,22,0,0,158.79
27.0,104429.52,188.67,9,0,0,233.75
40.0,95500.91,44.24,19,1,0,130.57
41.0,60921.71,312.31,14,0,0,226.43
38.0,91360.05,689.38,16,0,0,256.73
28.0,78530.4,125.3,13,1,0,197.94
27.0,107506.87,124.18,16,1,0,208.66
35.0,71862.74,1470.88,12,1,1,326.3
49.0,95640.8,1541.23,16,0,0,336.82
42.0,136050.3,2326.43,22,1,1,644.96
31.0,84952.48,824.24,22,0,0,272.97
44.0,71233.2,104.24,13,1,0,159.14
18.0,88061.17,119.12,12,1,0,178.12
49.0,60867.98,207.93,9,1,0,99.36
18.0,129699.19,191.46,19,0,0,292.97
31.0,74501.78,1567.82,18,1,0,279.96
22.0,63176.67,778.12,23,1,0,274.21
19.0,49107.77,643.69,14,0,0,192.09
49.0,97430.5,102.87,22,1,0,239.25
29.0,91679.69,1201.34,17,0,0,307.05
39.0,57566.14,879.75,11,1,1,316.66
34.0,84411.28,89.35,16,1,0,151.22
41.0,32286.1,1024.63,16,1,0,126.12
36.0,74624.26,158.9,21,0,0,173.89
20.0,81318.91,42.16,14,1,0,217.37
47.0,112683.25,534.75,16,0,0,199.55
29.0,50729.53,530.38,22,1,0,135.54
18.0,38041.18,49.87,15,1,0,193.18
30.0,47614.3,191.99,8,1,0,172.39
53.0,36585.79,2467.84,21,0,0,404.84
45.0,103416.43,567.26,15,1,0,251.86
31.0,108715.98,654.81,16,1,0,278.02
31.0,78005.41,119.71,12,0,0,242.32
31.0,100532.37,41.03,11,1,0,264.34
60.0,73348.96,162.11,11,1,0,186.19
40.0,67622.21,143.11,12,1,1,197.76
40.0,61674.06,133.64,11,1,0,222.55
47.0,62240.23,107.06,9,1,0,292.7
38.0,31304.96,427.55,15,0,0,46.77
32.0,76606.37,198.83,17,1,1,357.44
33.0,68991.65,858.36,16,1,0,218.4
34.0,88634.02,101.64,10,0,0,200.76
35.0,72338.09,312.4,14,1,1,303.96
44.0,65932.41,6.88,15,0,0,92.28
36.0,48220.17,328.58,13,1,0,151.44
44.0,71803.83,28.73,12,1,1,179.33
34.0,88455.93,1902.11,15,1,1,519.87
36.0,41416.53,781.74,14,1,0,294.69
18.0,72186.84,336.78,11,1,1,274.76
46.0,75826.07,45.28,14,1,0,169.74
39.0,52048.38,448.79,16,1,0,161.0
47.0,55303.59,710.99,11,1,0,259.03
18.0,75765.27,105.8,20,1,0,192.39
60.0,41664.47,419.91,20,1,0,181.34
33.0,78748.09,841.57,19,1,0,228.34
48.0,47616.14,731.04,13,1,0,214.02
23.0,96571.34,812.26,19,1,0,117.98
42.0,128445.69,1057.32,27,0,0,392.0
22.0,48481.08,1387.75,8,1,0,208.85
28.0,83355.2,260.04,14,1,0,198.33
58.0,51831.45,420.56,16,1,0,200.98
33.0,96023.85,781.9,14,1,0,215.43
38.0,38368.54,597.24,7,0,0,226.93
45.0,82014.67,2704.09,14,1,1,547.02
41.0,48175.28,6.89,17,1,0,185.69
37.0,64825.39,219.36,11,1,0,134.44
39.0,44224.37,164.97,11,0,0,42.31
64.0,90558.76,152.12,16,0,0,212.88
34.0,49075.49,125.85,13,1,0,164.09
37.0,83799.11,617.43,26,1,0,260.89
48.0,61397.55,44.28,12,0,0,96.45
48.0,67138.19,676.64,10,1,0,150.71
49.0,73693.9,591.15,19,1,0,202.89
43.0,50954.38,144.38,22,0,0,148.17
21.0,75259.18,145.73,12,1,0,214.38
55.0,108258.36,495.59,14,1,0,366.68
21.0,50547.63,718.1,14,1,0,176.23
39.0,99295.25,1045.7,8,0,0,244.92
26.0,107452.44,955.74,17,1,0,386.31
34.0,49596.13,1674.53,25,0,0,276.41
39.0,33623.63,435.4,16,1,0,142.9
39.0,77549.02,1196.56,19,0,0,325.11
40.0,56314.81,826.47,16,0,0,276.46
54.0,116715.08,1125.32,14,1,0,366.81
40.0,70870.19,5.85,14,1,0,223.15
32.0,49945.01,1689.27,9,1,0,328.42
47.0,41321.01,320.78,10,1,0,111.94
49.0,97247.62,800.2,15,1,1,392.96
20.0,55720.4,68.03,16,0,0,167.08
42.0,71095.72,252.04,17,1,0,147.95
43.0,93895.07,158.36,13,1,0,271.95
31.0,57893.54,172.41,18,1,0,154.94
52.0,68851.78,65.77,23,1,0,167.36
33.0,69585.79,819.34,15,1,1,403.62
37.0,87083.11,4.64,19,0,0,204.46
33.0,84768.61,187.35,13,1,1,321.65
35.0,64497.16,95.83,14,0,0,156.45
22.0,71591.23,444.63,13,0,0,204.91
18.0,60705.52,146.68,20,0,0,161.69
54.0,33059.69,149.88,15,1,0,169.27
25.0,76440.02,335.05,15,1,0,175.8
23.0,117304.79,528.77,8,1,0,287.11
18.0,47907.02,64.66,14,1,0,188.53
27.0,50674.26,96.5,20,0,0,92.69
19.0,48231.81,141.96,14,1,0,143.46
55.0,88114.79,1820.01,19,1,0,340.64
47.0,81212.14,253.05,13,1,0,127.75
27.0,66036.56,456.88,21,1,1,285.84
62.0,47049.52,138.23,14,1,0,185.68
47.0,72309.42,337.12,14,1,0,197.23
31.0,30884.45,38.5,15,0,0,11.54
18.0,73585.66,17.68,16,1,0,172.39
62.0,91788.11,316.25,14,1,0,199.4
18.0,38720.02,254.3,23,1,0,-24.11
18.0,31687.04,73.6,19,1,1,138.88
47.0,109485.95,581.74,20,1,0,313.03
64.0,54706.01,2474.08,10,0,0,445.7
52.0,98398.7,251.8,20,1,0,319.82
42.0,66150.06,489.83,13,1,0,237.83
42.0,65951.13,1648.09,7,0,0,379.39
45.0,80960.32,890.51,11,0,0,214.74
44.0,47900.03,311.39,7,1,0,244.03
38.0,73312.43,668.73,16,1,0,294.87
36.0,60462.76,68.56,13,0,0,133.43
34.0,36987.66,358.83,10,1,1,231.3
26.0,78437.05,163.6,12,1,0,228.29
32.0,63417.3,87.87,18,1,0,223.13
18.0,66074.38,277.81,11,1,0,180.37
34.0,39745.98,70.21,20,1,0,59.2
23.0,109785.01,600.3,16,1,1,408.82
22.0,91917.85,304.62,8,1,0,293.14
37.0,94103.9,378.73,16,0,1,261.11
52.0,62363.88,79.13,20,1,0,-7.21
46.0,26770.43,75.28,13,1,0,129.78
18.0,118822.93,437.83,14,1,0,317.17
23.0,68472.56,2100.18,12,0,1,468.3
46.0,51280.01,50.6,15,1,0,62.34
23.0,80420.04,168.25,12,0,1,224.49
32.0,99178.02,1018.03,15,1,0,288.43
42.0,69423.74,37.51,19,1,0,172.68
23.0,101964.38,1043.28,17,0,0,294.97
36.0,97075.0,371.47,12,0,0,302.3
19.0,43090.47,262.35,20,1,0,74.71
28.0,53155.25,185.3,14,1,0,120.87
39.0,93938.43,176.28,18,1,0,254.67
18.0,20000.0,182.5,15,1,0,59.4
40.0,66263.61,1080.56,16,1,0,242.22
35.0,34229.22,643.31,14,1,0,122.61
42.0,58086.15,553.91,9,0,0,162.12
38.0,62529.5,801.6,9,0,0,254.93
51.0,61043.89,148.61,19,1,0,173.13
37.0,56193.47,481.22,19,1,0,183.87
30.0,42571.41,308.15,24,0,0,87.15
36.0,127297.78,762.64,18,1,0,334.79
42.0,116686.55,184.99,24,1,0,333.67
36.0,40948.35,515.26,15,1,0,82.37
35.0,109552.92,1069.44,13,1,1,573.65
27.0,60013.36,257.21,14,1,0,172.73
27.0,73229.69,34.47,12,0,0,166.9
18.0,68418.15,362.89,20,1,0,230.79
56.0,53506.28,212.3,13,1,0,48.88
20.0,94596.31,557.71,14,1,1,458.04
27.0,73147.16,1508.3,21,0,0,398.01
26.0,58086.21,332.39,12,0,0,229.81
46.0,37385.26,313.86,15,1,0,21.04
31.0,47660.12,531.5,20,0,0,196.68
50.0,28965.5,54.63,13,1,0,169.69
27.0,70305.59,146.18,15,1,0,252.37
38.0,40083.36,1256.53,13,1,0,159.41
25.0,63360.99,554.24,22,1,0,238.96
61.0,104252.55,6.77,17,1,1,426.34
21.0,99982.49,114.47,10,1,1,369.99
39.0,69193.08,574.17,16,1,0,141.17
43.0,67822.88,722.81,13,1,0,273.36
40.0,116996.86,915.85,21,1,0,386.27
33.0,83018.9,172.78,11,1,0,204.36
33.0,61804.84,1337.03,17,1,0,213.78
36.0,34349.55,402.54,15,1,0,178.05
33.0,79846.83,596.25,16,0,0,198.88
47.0,90733.09,454.09,22,0,0,252.74
62.0,54208.71,65.48,17,1,0,208.87
28.0,77280.07,1649.97,15,1,0,256.62
19.0,60910.67,65.55,15,1,0,193.76
34.0,65399.19,147.11,21,0,0,143.18
66.0,20000.0,840.0,15,1,0,134.97
25.0,64455.46,481.95,14,0,0,224.82
55.0,94234.23,910.54,10,1,0,270.95
55.0,54214.94,362.56,15,0,0,105.94
28.0,71313.16,236.6,15,1,1,191.71
42.0,51101.23,1274.53,22,0,0,297.24
55.0,79011.04,18.46,20,1,0,151.28
30.0,64586.92,969.42,16,0,0,272.61
33.0,46518.96,131.21,26,1,0,79.91
28.0,103313.79,944.37,20,1,0,252.98
23.0,93223.3,74.94,11,0,1,373.87
27.0,54877.33,434.01,13,0,0,193.55
20.0,82444.71,1095.11,18,1,0,276.56
35.0,83435.3,320.79,19,1,1,329.28
26.0,86057.53,686.33,15,0,0,212.72
38.0,27643.6,816.54,12,0,1,262.21
18.0,95165.16,666.84,22,1,0,327.63
39.0,55757.53,1297.34,15,1,1,372.99
45.0,61054.3,296.05,20,0,0,143.11
18.0,135947.04,95.05,12,1,1,474.81
39.0,77546.83,24.5,11,0,0,263.99
50.0,60341.94,141.49,20,0,0,208.89
20.0,20000.0,77.27,17,0,0,163.42
55.0,104744.1,408.16,8,0,0,245.28
40.0,36369.76,102.25,22,0,0,45.45
27.0,44914.03,19.86,23,0,1,171.68
34.0,61716.19,18.33,13,0,0,169.61
42.0,105410.29,890.62,18,1,0,306.77
36.0,89331.0,447.57,20,1,0,213.93
41.0,66054.06,221.65,22,1,0,223.64
24.0,77707.3,1123.23,20,0,0,273.2
37.0,54990.36,36.39,19,1,1,138.83
18.0,73491.34,1964.13,12,1,0,314.41
34.0,71833.42,478.94,19,1,0,215.91
24.0,94219.25,101.34,11,0,0,376.71
26.0,94179.45,568.26,19,0,0,208.39
50.0,82349.43,720.65,15,0,0,241.02
48.0,60941.31,280.48,19,1,0,282.17
42.0,88545.56,988.92,14,1,0,273.77
22.0,67700.79,81.69,18,1,0,180.34
31.0,42952.14,163.45,15,1,1,280.89
50.0,59917.81,49.08,17,1,0,93.17
37.0,72113.17,118.42,16,1,0,158.61
63.0,92755.39,136.38,23,1,0,178.93
40.0,65411.8,1248.29,12,1,0,205.76
37.0,39770.03,40.66,14,1,0,184.07
31.0,71418.54,278.8,6,1,0,179.45
37.0,72836.4,380.07,16,1,1,249.9
33.0,74645.94,1144.8,17,1,1,353.11
43.0,92996.79,3036.6,13,1,1,668.84
46.0,95473.08,699.97,8,1,0,300.59
26.0,55144.73,1766.64,19,1,0,259.37
19.0,54596.41,773.47,18,0,0,221.0
18.0,43995.03,1651.16,11,1,0,321.74
41.0,87470.39,614.25,19,1,0,247.18
22.0,106220.5,41.56,13,0,0,228.86
18.0,62122.95,257.02,20,1,0,210.74
40.0,63964.24,520.07,23,1,0,174.98
65.0,106669.56,215.94,22,1,0,321.34
35.0,82638.95,159.68,18,1,0,157.36
45.0,80905.89,430.66,16,1,0,183.83
36.0,40227.09,1355.29,12,1,0,196.79
34.0,86968.2,17.8,12,0,0,189.77
46.0,46771.59,733.17,10,1,1,258.24
32.0,41649.5,641.38,21,0,0,89.15
38.0,61330.71,1661.47,19,0,0,305.65
39.0,55355.18,1334.74,17,0,0,288.45
27.0,64460.01,718.23,17,0,0,143.47
47.0,33975.46,367.41,18,1,0,92.63
33.0,93970.41,114.25,14,0,0,249.74
26.0,98192.16,393.99,19,1,0,193.31
41.0,21316.44,724.83,14,0,0,121.32
24.0,94461.45,1130.09,18,1,1,490.19
35.0,49736.78,779.64,19,1,0,279.2
35.0,91424.39,108.62,11,0,0,243.71
48.0,68288.84,457.75,23,1,0,177.89
41.0,70719.39,201.86,6,1,0,174.56
35.0,65372.56,4.62,17,1,0,192.75
45.0,100303.23,111.71,19,0,0,280.45
52.0,39010.3,60.08,11,1,0,54.21
42.0,85196.01,924.86,16,1,0,326.4
35.0,97533.25,149.54,13,0,0,203.67
19.0,87908.5,167.53,15,1,1,285.37
22.0,128117.47,1608.65,14,1,1,585.93
31.0,56776.33,238.28,12,0,1,291.57
28.0,93932.62,4.82,13,1,0,227.82
33.0,67347.73,166.93,11,1,0,193.51
36.0,100835.15,63.52,12,1,0,251.64
41.0,69807.78,54.24,15,1,0,188.42
34.0,60303.11,40.33,18,1,0,132.93
41.0,102651.81,449.79,17,1,0,297.88
36.0,57710.95,104.96,14,1,0,114.93
18.0,34681.86,224.12,24,1,0,126.33
24.0,57078.83,990.31,15,1,0,276.04
33.0,85475.82,276.12,16,0,0,251.52
20.0,104800.97,1236.64,16,0,0,388.82
42.0,72778.23,344.52,20,1,0,213.25
53.0,102954.93,254.44,14,1,0,312.03
50.0,36045.63,693.93,12,0,1,102.64
32.0,58918.41,38.0,16,1,0,182.32
53.0,62785.62,46.87,17,0,0,245.03
37.0,67136.01,527.74,13,1,0,179.95
31.0,72102.36,333.68,10,0,0,170.89
28.0,87272.77,781.31,6,1,0,354.99
31.0,58879.83,1240.08,12,1,1,302.13
30.0,73475.72,245.81,12,0,0,164.2
37.0,68871.93,453.68,7,0,0,227.61
37.0,46852.75,347.27,21,1,0,96.49
35.0,67158.33,1997.99,13,0,1,489.01
40.0,66408.51,889.18,13,1,0,206.19
49.0,65872.99,1213.72,15,1,0,291.15
46.0,70793.99,146.74,17,1,0,186.49
18.0,71891.84,740.36,11,1,0,329.01
18.0,59192.62,154.26,21,0,0,200.08
46.0,101817.87,117.07,19,1,0,200.87
19.0,40762.98,1443.58,15,1,0,182.66
32.0,51975.75,9.75,17,1,0,162.82
21.0,139499.09,1681.79,14,1,0,436.51
18.0,44050.22,80.83,8,1,0,113.4
41.0,36156.13,855.84,17,1,0,120.9
44.0,88361.92,161.43,10,0,0,256.82
28.0,20000.0,215.93,21,1,0,37.27
18.0,64118.15,122.16,17,1,0,154.7
28.0,123645.62,440.36,14,1,0,312.35
40.0,31376.6,213.93,12,1,0,119.32
18.0,20450.89,535.59,14,1,0,149.54
37.0,32520.47,7.89,15,1,0,73.69
35.0,92458.99,33.27,13,1,0,175.17
42.0,98119.42,52.49,11,0,0,136.51
36.0,57185.28,271.5,23,1,0,150.65
23.0,87080.31,843.15,14,0,0,272.63
49.0,104756.38,1095.42,17,1,0,299.53
33.0,114683.66,140.39,10,1,0,276.53
35.0,63841.62,427.09,19,1,0,225.19
24.0,20000.0,731.3,10,1,0,198.72
30.0,49478.03,170.42,16,1,0,57.24
24.0,59329.9,262.98,14,0,0,148.91
33.0,63526.53,371.14,17,1,0,228.22
56.0,65303.51,72.44,11,1,0,245.65
19.0,97972.36,13.16,16,1,0,174.4
18.0,101860.71,82.91,8,1,0,314.93
53.0,65708.16,492.89,18,1,0,127.2
32.0,97462.12,38.23,16,0,0,274.16
27.0,78941.53,105.17,14,1,0,176.31
47.0,71612.65,206.13,20,0,0,251.98
28.0,92663.6,40.53,23,1,0,170.18
57.0,71806.3,106.41,10,1,0,168.76
43.0,121445.28,1211.08,14,1,1,516.71
29.0,34039.72,9.74,7,1,1,85.17
61.0,57120.73,529.84,13,1,0,103.1
28.0,66837.03,242.59,15,1,0,203.44
44.0,80986.32,558.36,13,1,0,291.23
39.0,101699.01,444.21,13,0,0,302.2
51.0,69390.04,126.48,15,1,0,108.73
54.0,34444.26,939.34,19,0,0,198.83
35.0,91062.85,338.58,20,1,0,176.47
26.0,88873.97,864.49,18,0,0,298.58
41.0,21453.53,260.45,20,1,0,135.52
27.0,69904.9,2089.48,11,1,0,395.13
59.0,30246.45,735.9,17,0,0,223.51
37.0,53383.72,1689.97,11,1,1,368.83
31.0,47429.78,361.11,14,1,1,211.76
37.0,90231.62,320.93,17,1,0,231.92
19.0,72920.75,704.18,16,1,0,167.13
23.0,37860.22,1061.35,13,0,0,185.71
49.0,92001.65,1664.15,14,0,1,461.46
27.0,34154.85,196.19,9,0,0,105.73
22.0,78252.84,801.49,14,0,0,272.07
41.0,49649.73,118.27,18,1,0,51.11
49.0,60858.07,394.36,17,1,1,193.62
44.0,82606.77,99.13,13,0,0,255.73
47.0,83036.23,213.39,19,1,0,99.05
26.0,103424.23,1339.43,23,1,1,503.57
18.0,67943.66,78.97,11,1,0,153.11
53.0,77661.27,500.38,19,0,0,225.37
31.0,59056.57,449.41,10,1,0,270.96
32.0,74549.75,64.34,12,0,0,174.97
51.0,80987.15,197.25,13,1,0,236.97
42.0,67542.25,413.89,10,1,1,293.61
40.0,24906.24,103.62,22,0,0,60.71
61.0,78286.77,806.28,14,0,1,332.84
27.0,79114.04,1790.58,9,1,0,404.34
46.0,52995.66,120.88,15,1,0,101.5
36.0,37890.32,103.46,17,1,0,45.53
38.0,106896.98,303.43,17,0,0,263.86
53.0,82286.14,688.7,15,1,0,263.08
41.0,64272.97,165.36,11,1,0,81.87
41.0,41574.18,10.04,12,0,0,109.63
48.0,49454.63,389.59,16,1,0,94.52
31.0,102564.76,1568.65,18,1,0,407.34
25.0,73441.55,248.2,9,0,0,113.52
22.0,56235.32,272.48,24,0,0,237.97
18.0,82742.23,1735.3,13,0,0,346.1
60.0,49640.05,593.08,19,1,0,127.34
22.0,107521.08,635.01,13,0,0,288.39
32.0,103820.01,413.57,14,0,0,298.81
32.0,58335.65,1836.68,15,1,0,364.86
39.0,54283.24,583.77,10,1,0,183.23
45.0,20000.0,1127.05,23,1,0,84.77
45.0,32960.48,600.95,16,0,1,131.2
28.0,36513.26,664.23,16,0,0,171.77
33.0,73379.76,171.53,12,0,0,239.28
38.0,61844.16,180.83,18,1,0,211.64
32.0,36366.61,763.89,10,1,0,187.53
54.0,62970.9,175.99,17,1,0,207.91
41.0,82633.43,413.65,15,0,0,322.25
44.0,83195.98,143.41,14,1,0,262.25
43.0,22508.24,849.09,12,1,1,240.56
49.0,66793.41,58.55,15,1,0,119.11
37.0,35416.48,884.35,17,1,0,223.4
19.0,92543.22,461.57,7,1,0,290.3
40.0,89603.66,103.46,11,0,0,250.09
27.0,47549.32,390.48,16,1,0,215.2
29.0,50848.87,165.99,13,1,0,160.22
42.0,58468.32,195.39,19,1,0,143.35
50.0,20000.0,216.57,11,1,0,36.16
35.0,78399.2,32.71,23,0,0,149.24
39.0,63178.89,2132.98,12,1,1,457.62
55.0,94254.38,16.02,18,1,0,217.99
38.0,42539.77,543.09,16,0,0,169.58
66.0,54521.93,231.99,13,1,0,204.22
42.0,32336.87,519.24,14,0,0,181.87
18.0,44892.74,220.22,15,1,0,128.7
44.0,40450.45,560.05,17,1,0,110.54
40.0,94899.34,653.25,15,1,0,294.29
50.0,52543.45,586.48,8,1,0,310.05
43.0,73104.39,60.5,16,0,0,186.32
33.0,60480.91,534.86,11,0,0,187.65
20.0,38263.37,164.24,11,1,0,147.74
32.0,65792.49,14.61,8,1,0,196.83
25.0,84977.58,267.93,16,0,0,243.98
28.0,39806.02,284.18,20,1,0,186.67
42.0,90227.82,314.78,15,1,0,251.24
55.0,48756.98,610.09,18,1,0,238.79
40.0,57925.4,184.69,19,1,0,157.83
21.0,83267.08,189.37,16,1,0,279.1
40.0,53414.1,31.23,15,1,0,190.29
49.0,70939.37,580.49,9,1,0,278.02
28.0,62132.73,419.46,22,0,0,211.67
33.0,73234.2,214.95,21,1,0,291.04
35.0,20000.0,610.71,18,1,0,168.9
26.0,24257.95,385.4,10,1,0,74.59
43.0,85399.18,316.73,19,0,0,226.77
34.0,95929.54,358.03,15,1,0,234.43
40.0,47237.83,505.78,12,1,1,339.0
24.0,63899.29,539.41,16,0,0,262.31
30.0,77367.98,170.51,15,1,0,293.38
44.0,87330.44,75.84,13,1,0,168.25
31.0,20000.0,85.18,15,0,0,123.6
56.0,47848.99,509.98,13,1,0,102.47
30.0,61685.52,1031.29,15,1,0,166.89
38.0,87578.5,263.39,17,1,0,197.65
46.0,132460.76,92.88,15,0,0,369.83
18.0,64299.86,706.53,21,1,0,157.62
18.0,34825.56,893.35,20,0,0,168.15
18.0,80056.7,1062.56,20,0,0,335.81
50.0,103024.89,466.76,17,1,0,311.05
28.0,72700.35,985.67,10,0,1,480.79
66.0,47333.79,7.77,17,1,0,111.61
28.0,93949.85,56.72,18,1,0,185.49
37.0,86588.64,48.57,18,1,0,137.31
54.0,44347.98,623.45,18,1,0,146.64
59.0,79535.64,36.06,16,1,0,125.5
60.0,94931.64,342.95,13,1,0,158.34
50.0,99547.25,320.0,14,1,0,351.26
47.0,68338.78,186.04,9,1,1,271.92
42.0,61048.01,1021.67,16,0,0,371.84
44.0,100681.85,93.43,18,1,1,298.75
28.0,39745.99,217.29,17,0,0,95.78
25.0,80964.48,743.99,18,0,1,317.43
35.0,35749.33,15.45,13,1,0,65.01
33.0,96634.41,558.82,19,1,1,422.49
30.0,63548.86,847.49,19,1,0,252.16
43.0,101714.58,1346.1,20,0,0,391.81
46.0,82285.32,1044.93,17,1,0,352.18
36.0,39419.49,192.38,11,1,0,181.44
53.0,105615.69,441.38,16,1,0,222.95
21.0,108781.13,40.22,11,1,0,223.39
33.0,92057.16,149.12,10,1,0,235.1
26.0,50960.3,49.48,11,1,1,396.52
18.0,62349.65,189.3,16,1,0,200.25
34.0,73635.68,1040.47,16,0,1,368.78
34.0,52407.24,213.22,14,0,1,254.94
53.0,112308.66,412.65,15,1,0,255.73
43.0,73608.16,284.03,15,0,0,208.74
23.0,20000.0,307.09,18,0,0,132.44
57.0,78483.9,1746.2,20,1,0,340.14
50.0,61296.07,175.6,21,1,0,110.32
42.0,68126.84,493.52,17,0,0,197.71
32.0,60784.52,272.42,15,1,0,152.83
23.0,90176.16,31.55,16,0,0,133.65
31.0,97992.19,336.02,16,1,0,219.01
48.0,77076.33,839.24,14,1,0,190.44
58.0,61517.22,51.99,10,1,0,96.39
54.0,68966.57,36.07,20,1,0,94.49
29.0,70489.99,83.4,18,1,0,210.99
22.0,49939.25,722.81,14,1,0,268.62
37.0,84473.22,643.67,10,1,0,186.51
18.0,81501.06,416.23,16,1,0,301.63
39.0,108511.03,315.77,15,1,0,212.27
33.0,101383.74,1096.08,11,0,0,377.72
29.0,52858.13,727.71,17,1,1,283.07
18.0,90507.46,835.5,15,0,1,435.37
41.0,46226.17,839.03,16,0,0,136.07
29.0,87398.3,514.61,22,1,0,141.64
21.0,57084.65,306.26,11,1,0,132.65
18.0,44418.67,1000.05,10,0,0,240.19
35.0,77001.13,1301.9,16,0,0,400.04
56.0,20000.0,12.05,16,1,0,7.72
55.0,26225.61,26.47,16,0,0,68.16
30.0,65562.7,1593.97,16,1,1,359.37
28.0,72061.04,162.28,18,1,0,173.49
41.0,60767.03,1033.24,15,1,0,148.32
23.0,30514.09,246.16,13,1,0,184.55
39.0,49552.7,63.41,9,0,0,138.65
44.0,79780.23,41.93,19,0,0,221.61
50.0,84544.54,85.1,13,1,1,287.17
34.0,69594.42,143.77,9,1,0,195.1
33.0,98920.84,335.22,20,1,0,297.81
24.0,79934.93,604.49,17,1,0,242.9
25.0,51313.61,2148.79,15,1,0,345.89
32.0,62987.45,291.26,18,1,1,213.75
39.0,34928.35,365.1,12,1,0,105.65
46.0,67296.53,368.88,20,1,0,130.84
25.0,97802.52,387.65,12,0,0,223.47
53.0,87132.25,364.64,20,0,0,283.29
32.0,105050.23,4.41,23,1,0,304.97
35.0,62427.87,0.86,17,1,0,78.58
26.0,103652.49,51.39,18,1,0,246.2
18.0,65167.39,53.55,15,1,0,139.8
46.0,106789.63,610.22,10,0,0,374.45
44.0,69453.58,114.65,23,1,0,161.12
32.0,87680.78,1125.54,11,1,1,424.91
36.0,106877.81,1319.77,15,1,0,328.49
41.0,65164.31,1862.63,17,0,1,338.07
18.0,75459.72,1399.11,13,1,1,456.84
29.0,102221.59,158.65,8,1,0,271.96
45.0,66674.92,356.45,18,0,0,201.87
20.0,36977.69,96.46,17,1,0,69.64
39.0,123575.18,820.49,17,1,0,337.91
19.0,58255.89,1096.56,11,1,0,293.72
41.0,73968.9,952.87,17,0,0,308.33
35.0,98900.17,284.02,22,0,0,173.28
18.0,54787.65,710.8,12,1,0,174.99
49.0,44803.3,51.34,15,1,0,45.25
26.0,76343.43,20.54,13,1,0,188.8
25.0,25173.09,699.66,21,1,0,172.53
37.0,62802.35,277.0,18,1,0,153.37
49.0,76125.97,2707.34,21,1,1,487.08
23.0,63251.2,51.16,15,1,0,134.85
36.0,31413.73,967.68,18,0,1,339.95
40.0,109854.45,326.95,20,1,0,322.0
43.0,72588.45,877.67,18,1,0,283.49
37.0,105778.8,849.48,12,1,0,338.51
31.0,63499.09,1238.42,14,1,1,357.9
25.0,47999.7,176.8,15,1,0,88.35
36.0,76729.52,1495.86,11,1,0,277.96
22.0,64605.32,82.24,14,0,1,222.08
18.0,40555.96,42.76,17,0,0,53.7
40.0,106744.61,282.48,15,1,0,231.35
46.0,54443.24,881.07,13,1,0,215.9
18.0,23993.34,320.68,12,1,0,104.79
23.0,103204.15,883.88,14,0,1,415.04
42.0,57392.55,654.09,12,1,0,230.95
60.0,54804.4,117.5,9,1,0,143.91
35.0,25865.31,1486.81,18,0,1,270.89
26.0,113523.54,31.35,13,0,0,216.95
33.0,37762.99,1142.76,19,0,0,236.45
51.0,71461.24,181.52,7,0,0,170.33
27.0,92815.51,346.72,24,1,0,302.73
25.0,80542.92,274.4,15,0,0,197.28
29.0,68508.64,94.27,14,1,0,163.71
24.0,27458.35,221.7,17,0,1,175.94
36.0,49756.88,107.18,11,1,0,178.82
54.0,74695.01,114.01,13,1,0,230.77
39.0,50320.65,103.55,18,1,0,213.78
32.0,75083.99,335.71,16,1,0,234.83
31.0,87043.59,799.57,17,1,0,266.7
18.0,94062.57,420.79,17,1,0,219.72
46.0,39345.52,1118.43,12,1,0,209.84
34.0,124916.15,506.05,21,1,0,382.64
33.0,89186.98,584.53,17,1,0,183.48
73.0,69957.15,550.72,16,1,1,242.83
39.0,97238.41,298.43,15,1,0,233.37
26.0,129135.19,584.53,10,0,0,305.11
30.0,34032.0,36.13,10,1,0,81.24
49.0,64368.43,982.53,13,1,1,418.78
36.0,20000.0,752.12,16,1,0,118.31
18.0,74816.29,140.67,9,0,0,216.28
46.0,79134.86,730.58,13,1,0,172.42
27.0,69020.95,6.36,12,1,0,109.56
57.0,53636.66,122.47,15,0,0,186.15
48.0,20000.0,33.68,18,0,0,140.77
30.0,79338.34,757.58,13,0,0,269.51
50.0,106385.86,705.04,17,1,0,283.97
36.0,55224.54,840.03,14,0,0,241.26
45.0,81001.5,2.25,14,1,0,54.36
41.0,30796.39,347.81,15,0,0,127.83
25.0,81430.33,610.11,14,0,0,193.57
27.0,60165.44,84.45,7,0,0,204.48
47.0,50939.55,524.61,6,1,0,82.73
31.0,50990.91,43.93,16,0,0,92.96
30.0,60159.71,100.03,10,1,1,240.86
24.0,79560.83,322.94,15,1,0,173.33
40.0,37195.92,530.03,17,1,0,124.62
60.0,60072.12,78.84,15,1,1,260.95
22.0,68963.21,102.42,15,1,1,262.31
35.0,42524.02,114.36,15,1,0,69.95
52.0,114916.63,136.36,16,1,0,308.49
34.0,48662.61,128.45,15,1,0,142.72
40.0,53264.08,251.39,15,0,1,236.84
22.0,45542.3,530.35,17,0,0,115.49
40.0,114962.0,288.15,25,1,1,263.75
33.0,83822.63,748.0,15,0,0,217.14
47.0,46585.2,635.18,22,1,0,112.29
49.0,97655.79,67.64,10,0,0,201.41
66.0,75017.47,25.04,17,1,0,126.45
42.0,76431.34,1051.63,20,0,1,366.61
39.0,61388.07,41.6,24,0,0,172.98
37.0,51264.6,80.28,17,1,0,180.37
31.0,78444.15,11.19,8,1,0,233.87
39.0,56372.82,494.88,9,1,0,149.35
31.0,115418.89,436.58,15,1,0,297.44
37.0,38267.72,2167.71,20,1,1,438.82
51.0,108403.92,1089.88,17,1,0,262.56
23.0,67217.03,264.53,13,1,0,252.3
49.0,77477.14,232.28,13,1,0,152.38
51.0,90828.94,176.09,16,0,0,231.96
34.0,54243.77,82.68,19,0,0,149.39
18.0,91606.21,74.3,17,1,1,336.24
28.0,20000.0,70.95,18,1,0,172.52
51.0,52000.26,60.58,14,1,0,117.02
35.0,46898.43,137.56,18,1,0,39.58
23.0,38662.35,183.12,15,1,0,133.46
29.0,64626.13,1629.58,18,0,0,297.71
45.0,79643.75,431.94,15,0,0,250.22
42.0,87566.5,2194.86,18,1,0,452.72
32.0,76021.92,232.98,17,1,0,189.66
31.0,53357.66,305.9,22,0,0,165.12
30.0,79225.41,196.21,16,0,0,203.28
24.0,73107.14,100.99,16,0,0,263.91
54.0,93401.4,77.25,16,1,0,194.0
31.0,89423.42,1450.93,16,1,0,307.59
50.0,70761.91,2164.17,21,1,0,409.98
53.0,47568.67,22.97,8,1,0,84.98
47.0,53676.25,81.46,12,0,0,161.11
30.0,56255.27,275.41,14,1,0,153.57
40.0,62118.34,103.1,21,0,0,137.48
35.0,76701.26,226.18,12,1,1,420.73
24.0,87879.36,69.11,11,0,0,272.37
39.0,68722.03,304.87,24,1,0,221.01
21.0,70403.12,158.52,11,1,0,211.19
49.0,73582.66,216.86,16,1,0,152.28
29.0,57102.37,49.53,21,1,0,140.23
37.0,46865.19,279.42,14,0,0,172.84
38.0,26114.05,2044.91,17,1,1,327.08
32.0,52621.27,199.37,14,0,0,151.92
42.0,81828.64,1045.47,12,1,0,274.33
29.0,52427.21,926.39,17,1,0,227.17
45.0,64054.82,1518.89,18,0,1,346.55
19.0,81660.78,780.58,18,0,0,290.55
37.0,83017.24,538.81,15,1,0,139.13
58.0,43011.68,971.0,16,0,0,269.06
23.0,94926.48,39.33,16,1,0,146.2
27.0,98183.75,310.72,16,1,0,192.08
41.0,41753.75,2266.72,13,0,1,413.29
37.0,49404.08,733.97,19,1,0,211.2
39.0,99777.27,1636.08,25,1,0,467.08
41.0,66328.66,756.23,18,1,1,320.49
43.0,20000.0,1039.25,15,1,0,161.9
48.0,35007.96,612.99,12,1,1,215.23
40.0,63765.76,714.61,15,1,1,379.82
32.0,40923.93,370.31,7,0,1,338.47
43.0,59664.41,1290.08,23,1,0,243.1
58.0,70809.91,871.6,15,1,1,355.33
33.0,106556.37,928.58,14,0,0,324.25
23.0,62738.65,558.91,18,1,0,190.66
48.0,96813.54,181.62,18,0,0,319.74
34.0,105719.0,18.14,18,0,0,180.97
18.0,105857.74,1371.75,10,0,0,262.18
45.0,77118.86,441.09,21,1,0,222.22
29.0,20917.77,177.01,19,1,0,131.59
34.0,81520.62,80.75,15,1,0,202.11
39.0,96210.0,884.58,16,1,1,438.21
37.0,67973.32,905.53,14,1,0,286.12
44.0,113614.6,842.37,14,1,1,468.37
30.0,91495.84,517.94,11,1,0,290.6
41.0,84206.83,227.87,18,1,0,232.18
32.0,97159.52,181.25,22,1,0,120.51
44.0,78334.25,4.3,13,0,1,280.69
42.0,20000.0,896.7,11,1,0,79.03
24.0,57521.53,45.75,20,1,0,127.71
48.0,99929.2,498.15,14,1,0,246.91
29.0,49810.22,350.67,20,1,0,196.39
45.0,64413.19,374.0,21,1,0,186.45
39.0,43879.09,1306.68,15,1,1,323.76
57.0,114598.06,16.06,12,1,0,247.23
32.0,112037.31,742.27,14,0,0,372.91
31.0,47903.28,26.73,15,1,0,38.61
35.0,73682.45,19.45,14,1,0,126.53
31.0,52987.65,280.9,14,1,0,220.38
45.0,85373.62,32.58,20,1,0,162.22
18.0,82742.08,778.29,16,1,0,154.02
22.0,90292.64,377.05,18,1,0,304.92
22.0,78297.96,14.73,10,0,0,241.92
46.0,143385.16,20.67,8,1,0,358.39
56.0,44301.91,474.24,17,1,0,156.75
34.0,27234.92,820.24,14,1,0,241.53
33.0,60172.74,287.95,21,0,0,220.07
36.0,30800.29,404.37,19,1,0,191.43
49.0,32688.44,804.29,18,1,0,194.58
24.0,44967.13,471.45,15,0,0,163.22
38.0,46945.28,127.29,19,0,0,98.66
47.0,46134.55,474.73,14,1,0,98.3
41.0,82955.47,494.81,13,1,0,264.49
37.0,57345.27,662.33,11,1,0,238.19
47.0,65512.14,484.94,15,1,0,182.03
18.0,92355.82,1740.8,12,1,0,415.48
43.0,50841.94,109.88,18,0,0,110.06
27.0,63386.35,1508.89,16,0,0,339.03
18.0,79144.0,386.46,25,1,0,152.83
41.0,21460.8,557.3,18,0,0,59.9
51.0,20000.0,52.38,15,0,0,53.21
33.0,78652.93,239.48,14,0,0,244.69
46.0,82300.36,733.49,15,0,0,200.01
54.0,121605.5,613.64,12,1,0,383.06
51.0,73952.37,20.48,10,1,0,97.82
55.0,90493.49,395.48,13,1,0,232.2
44.0,65113.18,46.21,11,1,0,92.19
36.0,77430.68,2743.1,18,1,0,312.68
18.0,111681.42,1137.95,13,1,1,519.66
32.0,20000.0,10.65,20,1,0,42.17
25.0,80340.41,978.26,22,1,0,194.65
61.0,123389.67,1259.31,13,1,1,501.24
33.0,77050.86,218.13,20,1,1,306.11
36.0,111264.32,635.59,14,1,0,289.68
42.0,54269.7,291.79,22,1,0,133.78
36.0,69198.81,532.44,12,1,0,197.72
55.0,70838.12,208.0,12,0,0,159.36
28.0,20000.0,194.72,12,1,1,99.44
37.0,40795.55,276.2,9,1,0,109.98
26.0,42578.12,78.66,16,1,0,73.37
19.0,90551.65,889.34,8,1,0,253.17
28.0,91803.83,214.39,10,1,0,216.06
35.0,78100.91,255.54,17,1,1,264.08
30.0,90602.57,1122.42,14,0,0,261.86
27.0,65896.26,343.21,16,0,0,222.41
18.0,100048.29,392.91,15,1,0,321.02
34.0,70219.71,1567.48,10,1,0,327.18
18.0,71446.6,1088.97,12,1,0,281.11
44.0,63360.18,92.84,7,1,0,137.38
36.0,87111.26,320.48,13,0,0,283.62
18.0,59470.03,1775.36,20,1,1,481.36
31.0,94410.78,232.9,15,1,0,223.92
26.0,41696.27,232.27,14,1,0,102.55
39.0,42527.09,108.48,10,1,0,142.98
51.0,87185.67,60.7,19,0,0,198.89
18.0,67786.39,674.12,19,1,0,189.98
36.0,58652.71,734.9,22,1,0,220.36
33.0,92251.44,1737.09,19,1,1,530.33
43.0,54818.46,742.32,16,1,1,233.37
38.0,64994.97,139.43,20,1,0,281.03
26.0,104980.7,20.47,23,1,0,139.36
31.0,108478.56,2114.65,16,1,1,534.23
25.0,109309.96,208.1,9,1,0,283.13
48.0,62946.86,186.96,19,1,0,268.93
35.0,100767.57,1181.99,20,1,1,422.24
58.0,46276.18,439.86,10,1,0,113.25
34.0,47327.43,120.95,17,1,0,150.21
26.0,20000.0,1099.55,17,0,0,153.52
18.0,111821.71,2507.39,14,1,0,529.64
18.0,48400.5,45.33,23,1,0,101.8
18.0,66836.69,991.16,22,0,0,195.93
38.0,47241.89,247.57,17,1,0,252.68
41.0,87379.13,371.24,16,0,0,82.16
18.0,60609.16,1231.47,21,0,0,343.38
46.0,37379.58,1813.03,19,1,1,366.73
29.0,81041.56,152.02,20,0,0,150.01
37.0,34156.75,119.67,15,1,1,247.18
54.0,49064.86,41.97,9,1,1,125.15
46.0,20000.0,412.54,18,0,0,145.66
32.0,34401.05,6.85,12,1,0,-8.65
24.0,74463.23,265.43,15,1,0,138.18
18.0,20886.6,38.11,14,0,0,10.17
26.0,32971.36,259.79,19,0,0,66.39
32.0,69940.78,20.38,14,1,0,164.5
23.0,56409.83,901.56,10,0,0,191.68
33.0,119800.92,117.7,18,1,0,163.55
36.0,115847.41,198.98,17,1,0,290.77
32.0,48301.94,1020.3,11,1,0,229.08
27.0,83928.44,685.73,16,1,0,274.88
37.0,88732.06,123.61,16,1,0,216.42
40.0,55063.03,37.31,19,1,0,173.57
22.0,32611.46,628.82,14,1,0,146.33
52.0,69692.54,247.72,21,1,0,222.78
34.0,65678.86,726.39,21,0,0,173.21
35.0,59105.89,294.66,13,1,0,135.74
43.0,81057.92,212.33,14,1,1,370.96
38.0,51231.76,300.02,12,0,0,226.25
46.0,41200.06,690.27,10,1,1,265.6
38.0,72727.07,1162.52,12,0,0,243.25
28.0,79649.25,25.52,18,1,0,127.37
39.0,40583.88,371.29,14,1,0,206.7
21.0,93202.27,16.69,16,1,0,269.71
36.0,25737.97,315.94,17,1,0,95.89
35.0,55547.16,1082.64,16,1,1,430.2
33.0,63549.79,224.39,20,1,0,182.48
33.0,54094.41,1347.45,15,0,0,207.57
18.0,55873.49,497.95,7,1,0,183.76
28.0,116776.86,1360.23,14,1,1,531.92
36.0,48727.9,707.69,11,0,0,200.54
37.0,131030.54,54.59,17,1,0,346.02
23.0,80928.17,131.43,23,0,0,131.18
50.0,72301.38,250.58,15,1,1,207.79
25.0,81906.01,93.23,15,1,0,223.25
47.0,133248.19,341.51,21,1,0,283.3
40.0,45160.17,318.73,10,1,0,273.37
27.0,41989.55,1564.74,15,1,1,373.48
56.0,51128.35,284.34,13,0,0,128.42
21.0,70803.58,770.02,17,1,0,295.25
46.0,26855.72,1422.89,8,1,1,307.86
47.0,70558.48,1047.74,19,1,0,289.58
27.0,112338.68,117.02,21,1,0,238.27
52.0,73785.18,342.62,24,1,0,204.85
32.0,62682.86,213.66,16,1,0,59.58
38.0,54545.99,255.3,17,1,0,216.48
38.0,92462.79,223.77,16,1,0,53.5
33.0,49354.18,875.38,15,0,0,184.14
45.0,116159.9,300.87,15,1,0,202.62
45.0,118333.99,370.85,13,1,0,272.71
18.0,76418.77,2021.28,16,0,0,369.26
51.0,69712.12,30.93,11,0,0,110.68
18.0,95766.5,334.67,21,1,0,94.28
47.0,97369.96,743.75,11,0,1,418.64
49.0,49850.21,81.94,12,1,0,238.22
22.0,56836.12,472.77,14,1,0,165.39
30.0,36941.31,136.87,18,0,0,149.54
22.0,80226.62,1010.22,16,0,0,354.69
32.0,86665.7,198.08,19,1,0,110.14
31.0,36251.86,199.54,25,1,0,69.59
44.0,58620.03,455.89,13,1,0,123.01
51.0,36318.65,101.4,16,1,1,108.92
52.0,47530.0,167.66,20,0,0,206.93
28.0,83775.43,269.47,19,1,0,217.68
32.0,51662.95,218.2,12,1,0,190.59
18.0,62479.35,372.09,17,1,0,175.97
25.0,29317.21,457.7,17,0,0,59.88
47.0,74674.76,418.12,19,1,0,237.07
54.0,68893.17,530.9,17,1,0,269.51
20.0,51776.02,183.9,23,0,0,141.81
28.0,65274.64,67.58,17,1,0,177.76
35.0,74507.37,715.24,20,0,0,168.8
38.0,49628.3,951.17,14,1,0,251.72
25.0,33093.44,148.53,24,1,0,150.34
40.0,115139.36,261.36,14,1,1,431.24
29.0,54168.18,345.14,12,1,0,79.01
35.0,67581.0,381.06,13,1,1,366.72
42.0,95270.99,538.66,17,1,0,213.17
35.0,158226.38,21.25,11,1,0,365.97
30.0,38887.84,639.13,14,1,0,211.34
34.0,81245.68,31.99,15,1,0,239.67
34.0,52311.19,315.83,13,1,0,70.2
31.0,56530.24,879.18,14,1,0,228.84
32.0,51994.7,300.02,12,1,0,162.54
54.0,41858.63,80.72,18,1,1,230.01
42.0,68967.72,2100.98,17,1,1,472.57
31.0,33137.43,1100.4,17,1,0,264.72
43.0,93670.19,737.7,11,1,0,316.11
31.0,71375.07,265.1,23,1,0,169.55
49.0,80560.87,101.58,16,1,1,292.49
39.0,58345.28,1418.61,13,0,0,358.73
34.0,60819.9,380.02,21,1,1,184.26
40.0,77189.1,956.47,20,1,0,305.32
18.0,40898.73,209.35,14,1,1,162.75
21.0,61050.24,204.2,23,0,0,104.4
21.0,48509.66,2118.2,17,1,0,376.01
37.0,47735.78,368.9,13,1,0,112.21
56.0,20000.0,75.82,18,0,0,80.44
62.0,103483.16,124.02,14,1,0,216.92
43.0,52836.53,328.84,19,1,1,101.72
41.0,99084.4,21.7,20,1,0,234.22
18.0,96719.81,310.44,16,1,0,248.8
28.0,37850.01,271.45,5,1,1,108.45
26.0,42789.72,755.56,8,1,0,160.21
28.0,134012.57,219.21,15,0,0,219.6
33.0,113773.15,2024.17,12,1,1,627.33
29.0,69212.04,99.7,13,0,0,241.79
18.0,76434.33,447.0,15,0,0,260.04
44.0,54228.84,46.99,16,1,0,180.61
22.0,80808.82,661.87,9,1,0,233.91
38.0,52070.45,2625.11,16,1,1,482.63
60.0,20000.0,855.01,13,1,0,149.05
24.0,36961.11,405.63,15,1,0,143.75
18.0,70527.32,331.54,15,1,0,242.08
32.0,41723.32,901.0,18,0,0,246.32
48.0,68318.06,1374.23,12,1,0,280.57
59.0,43133.47,2264.41,16,1,0,260.33
20.0,50441.15,252.54,15,0,0,136.77
41.0,91329.13,2350.7,18,1,0,420.76
29.0,76187.01,84.76,15,1,0,195.08
34.0,69758.39,146.21,20,1,0,205.79
67.0,91974.1,46.62,17,1,0,108.88
18.0,82015.21,158.55,12,1,0,172.34
38.0,106164.08,730.37,8,0,1,395.81
41.0,58503.52,958.4,17,1,1,367.09
48.0,59259.13,754.55,17,1,0,199.56
36.0,37472.27,498.57,13,1,0,123.16
39.0,59275.48,360.74,18,1,1,272.97
30.0,94119.25,616.71,13,1,0,244.26
38.0,102499.68,247.83,14,1,0,251.02
31.0,94007.63,920.4,11,1,0,398.76
42.0,25145.2,565.35,18,1,0,210.14
31.0,97078.63,598.34,27,1,1,348.92
40.0,24037.03,383.87,17,0,0,93.34
35.0,92452.93,1082.41,7,1,0,298.2
49.0,60805.39,145.19,15,1,0,59.84
34.0,87563.33,239.94,18,1,1,372.8
18.0,36688.79,751.73,11,1,1,362.81
50.0,99279.19,339.37,9,0,0,242.32
24.0,33375.63,1100.08,18,1,1,208.73
27.0,53288.63,212.63,20,0,0,124.2
28.0,45047.63,230.49,11,0,0,145.4
51.0,26142.88,1097.92,12,1,0,131.3
18.0,72363.19,312.16,14,0,0,175.02
73.0,115152.23,362.96,13,0,0,341.35
48.0,136672.63,202.31,17,1,0,315.94
38.0,72428.89,161.94,20,1,0,234.57
34.0,97917.03,533.48,19,1,0,279.42
38.0,75802.37,63.83,14,1,0,125.54
41.0,82472.08,1057.11,14,1,0,263.85
43.0,61446.28,755.26,10,1,0,240.84
42.0,74876.92,105.82,14,1,0,126.21
36.0,83436.97,592.12,18,1,0,177.47
33.0,55538.51,461.45,16,0,0,115.61
33.0,68062.64,102.0,11,1,0,200.12
33.0,68539.25,159.55,11,1,0,162.72
49.0,90660.08,262.96,7,1,0,302.74
42.0,43349.2,600.73,12,1,0,127.95
18.0,68711.44,509.06,9,0,0,97.46
43.0,117800.14,379.89,16,1,0,285.05
37.0,99101.5,731.39,15,0,0,373.72
35.0,103729.48,709.28,17,1,1,419.96
30.0,70610.8,480.98,13,0,0,144.72
48.0,78024.94,773.21,12,0,0,178.16
46.0,95055.9,203.43,15,0,0,290.35
26.0,109006.39,1065.37,14,1,0,306.18
40.0,21209.93,477.14,18,1,0,181.22
23.0,37113.97,864.01,16,1,0,211.33
18.0,102736.1,395.14,17,1,0,222.51
27.0,63077.77,123.23,17,1,0,212.84
45.0,53206.98,390.89,15,1,0,119.31
46.0,38645.98,231.9,21,0,0,36.12
41.0,56124.58,597.84,14,1,0,150.7
44.0,34940.77,322.94,20,0,0,150.61
41.0,122277.36,904.29,23,1,1,535.06
27.0,69439.1,566.71,15,1,0,195.75
40.0,68551.24,576.87,14,1,0,123.37
45.0,84701.92,122.41,22,1,0,109.81
44.0,94058.63,2075.45,15,1,1,471.81
49.0,93647.2,921.55,18,0,0,228.75
43.0,96840.55,777.96,13,1,0,308.75
39.0,54228.86,200.4,12,0,0,251.4
48.0,62553.33,383.54,12,0,0,229.25
35.0,89225.79,73.73,14,1,0,151.41
24.0,56815.27,386.61,14,0,0,139.57
33.0,69872.33,78.85,19,0,0,134.66
26.0,79969.09,402.64,15,0,0,239.66
27.0,89629.63,523.09,21,0,0,318.13
33.0,25557.98,247.31,15,0,0,72.48
25.0,87868.64,345.12,13,1,0,311.19
31.0,64156.9,1042.34,14,1,0,359.74
18.0,87686.44,57.46,9,0,0,195.62
38.0,89423.29,784.47,15,0,1,366.65
35.0,110197.88,93.62,15,1,0,231.73
25.0,103836.34,18.7,15,1,0,232.67
43.0,103664.29,102.64,10,1,1,349.39
46.0,106091.76,724.18,16,1,0,346.81
18.0,77284.47,259.7,16,1,0,121.1
26.0,70804.63,1029.9,12,1,1,339.25
26.0,91820.43,371.91,18,0,0,251.29
24.0,88302.02,11.25,14,1,0,243.23
45.0,62273.34,630.65,9,1,0,329.38
33.0,80120.59,58.4,6,0,0,139.63
32.0,69122.59,778.85,17,0,0,199.53
18.0,48651.68,92.02,16,1,0,11.19
43.0,102261.52,211.9,21,1,0,178.22
20.0,71379.98,716.21,20,1,0,135.94
36.0,121217.71,1542.08,14,0,0,392.58
38.0,29362.69,232.16,18,1,0,84.52
51.0,56080.53,884.22,12,1,0,250.06
19.0,70815.97,105.85,13,0,0,161.29
18.0,98434.53,823.0,17,0,0,318.67
37.0,79986.73,535.73,10,1,0,249.25
57.0,77761.82,107.06,14,1,0,136.56
50.0,41818.41,180.13,13,1,0,41.34
38.0,41076.47,70.65,9,1,1,210.22
29.0,78062.62,241.42,18,1,0,276.59
45.0,35897.35,113.86,19,1,1,273.0
23.0,56703.06,516.41,14,1,0,233.82
41.0,82522.93,2601.97,17,1,1,613.78
41.0,45441.89,6.04,18,0,0,128.56
48.0,110133.9,389.27,9,1,1,430.07
68.0,100598.41,426.27,17,1,0,265.37
40.0,30714.5,1227.92,15,0,0,198.93
29.0,46690.72,352.62,16,1,1,246.74
35.0,20000.0,392.3,18,0,0,67.2
18.0,50435.22,319.0,18,1,0,139.4
27.0,89159.71,156.61,17,1,0,151.08
30.0,59652.63,28.83,18,1,0,159.93
29.0,81519.93,262.68,17,1,0,157.35
37.0,31941.64,27.01,9,1,0,100.27
25.0,89949.38,399.8,12,1,0,270.9
48.0,56122.27,183.57,13,1,0,183.9
35.0,70304.24,381.36,19,1,0,229.32
35.0,67678.14,72.11,14,1,0,153.9
31.0,38211.29,1348.78,19,1,0,247.6
37.0,41172.89,1124.62,17,1,0,186.48
45.0,94194.86,105.36,14,0,0,122.38
25.0,79974.8,210.37,8,1,1,346.68
27.0,96251.23,475.3,13,0,0,278.96
31.0,78116.46,50.29,11,1,0,239.93
19.0,73574.77,218.92,17,1,0,183.78
25.0,26849.73,144.58,17,1,0,4.0
29.0,63240.83,1235.6,16,0,0,263.46
45.0,69315.39,957.0,10,0,0,308.66
38.0,118827.68,433.55,10,0,0,334.81
37.0,87173.92,367.35,13,1,0,227.75
45.0,108401.53,1334.84,13,0,0,291.11
33.0,84938.44,1347.28,13,1,1,383.07
40.0,52217.42,1742.24,17,1,0,318.52
34.0,72928.11,66.98,13,1,0,93.3
38.0,75905.59,87.51,14,1,0,166.65
28.0,46521.11,564.64,17,0,0,167.43
18.0,60390.32,389.83,12,1,0,243.26
33.0,64855.83,9.32,11,1,0,189.37
52.0,110140.5,31.99,7,1,0,307.62
46.0,20000.0,1094.99,16,0,0,182.59
47.0,100145.46,1015.79,6,1,1,411.95
50.0,46580.12,221.02,19,1,0,96.58
36.0,35698.02,1108.44,11,1,0,163.61
37.0,99498.55,450.3,15,0,0,293.57
28.0,88297.45,819.71,19,0,0,235.87
31.0,101362.97,278.81,17,1,0,226.91
42.0,90017.55,60.18,21,1,1,301.5
49.0,121496.13,284.34,12,0,1,513.76
33.0,83968.1,305.6,14,0,0,253.35
30.0,66088.07,400.3,10,1,0,163.56
35.0,78573.16,55.79,13,1,1,292.89
42.0,101086.73,2378.1,18,0,1,654.03
18.0,50515.62,139.95,15,1,0,165.78
18.0,53702.79,110.67,12,1,0,64.56
28.0,62276.0,374.12,18,1,0,130.2
20.0,20000.0,385.24,14,1,1,98.25
29.0,73451.96,289.75,12,1,0,273.92
33.0,22846.78,738.97,10,0,0,212.4
30.0,71326.48,363.51,19,1,0,159.75
52.0,91632.24,470.41,11,0,1,328.89
39.0,58078.09,643.22,18,0,0,196.71
39.0,111927.9,12.67,12,1,0,254.86
42.0,33487.48,422.73,14,0,0,83.13
21.0,99781.52,1077.92,18,1,0,308.9
47.0,86878.43,8.77,11,1,0,129.95
34.0,27099.17,259.75,10,1,0,173.79
43.0,137769.86,1303.38,19,1,0,329.86
22.0,68406.37,217.82,9,1,0,102.02
18.0,48062.9,306.92,26,1,0,146.57
45.0,34822.82,1996.11,17,1,0,223.41
40.0,64499.55,111.15,15,1,0,135.07
24.0,66814.83,33.74,15,0,0,160.16
25.0,72566.14,981.0,14,0,0,299.0
49.0,62555.1,1014.24,18,1,0,229.48
21.0,85830.63,319.4,16,1,0,310.56
55.0,60309.25,360.99,10,1,0,186.7
24.0,21625.9,903.35,21,1,0,201.13
43.0,66265.96,670.77,11,0,0,241.54
31.0,20000.0,154.04,15,0,0,181.96
42.0,78844.27,8.52,13,1,0,235.46
28.0,45517.49,326.68,8,1,0,159.88
33.0,74084.01,979.19,15,1,0,297.53
35.0,102851.87,1130.89,20,1,0,315.75
23.0,46281.28,1564.36,17,0,0,251.45
44.0,96531.41,1058.32,14,1,0,255.72
29.0,59165.26,433.8,15,0,0,141.3
32.0,113829.87,294.04,15,1,0,380.11
23.0,60871.18,745.49,18,1,1,236.93
18.0,48987.68,673.19,16,1,0,150.52
33.0,87180.96,386.25,23,1,0,212.3
64.0,59105.26,45.69,16,0,0,137.76
44.0,48963.76,1302.4,13,0,0,271.35
35.0,58054.0,304.04,19,0,1,213.23
32.0,68884.84,225.75,18,1,1,287.08
35.0,103554.5,496.54,15,0,0,333.88
42.0,21647.81,560.18,11,1,0,190.65
21.0,70577.02,118.3,14,1,0,161.61
48.0,85622.59,906.81,14,1,0,314.49
44.0,74836.21,171.2,17,1,0,125.49
44.0,102746.63,103.32,18,0,0,193.74
40.0,68141.37,260.77,14,1,0,125.67
35.0,65386.21,655.7,18,1,0,208.06
43.0,84808.24,1682.79,10,1,1,425.71
42.0,72482.85,828.48,24,1,0,153.78
31.0,60239.78,1409.62,15,1,1,344.51
28.0,82903.6,75.76,17,1,1,209.3
36.0,53686.79,36.92,18,0,0,191.43
54.0,54720.57,407.89,11,1,1,215.78
20.0,56800.15,171.45,9,0,0,212.01
18.0,103826.73,880.29,16,1,0,289.08
37.0,20000.0,557.35,19,1,0,47.99
36.0,79889.97,1765.56,10,1,0,425.11
37.0,70856.8,147.05,11,0,0,188.85
38.0,27978.24,332.56,14,1,0,205.56
32.0,77743.17,347.82,12,1,0,192.94
53.0,81893.8,136.68,15,0,0,175.21
18.0,84740.98,445.91,20,1,0,274.31
25.0,20000.0,292.85,11,0,0,147.87
34.0,104159.74,295.95,18,1,0,259.59
18.0,51556.58,225.29,15,0,0,312.41
33.0,87164.19,8.54,17,1,0,177.15
55.0,88526.84,369.17,15,1,0,170.5
35.0,48082.57,204.17,13,1,0,90.45
38.0,86511.5,0.66,23,1,1,268.48
20.0,60362.67,184.04,16,0,0,233.07
28.0,20000.0,163.3,11,0,0,75.01
30.0,99193.55,249.98,18,1,1,437.13
31.0,50623.88,70.7,19,1,0,142.04
50.0,48637.66,354.32,17,1,0,202.88
42.0,59923.35,589.54,18,1,0,212.16
22.0,76805.92,497.38,16,1,0,240.31
38.0,68568.24,814.2,10,1,0,286.19
41.0,83701.67,300.75,8,1,0,203.14
49.0,36512.77,366.04,20,1,0,91.84
54.0,51440.34,831.42,8,1,0,237.5
23.0,67100.07,279.05,18,1,0,273.16
25.0,117447.18,604.66,12,1,0,244.32
20.0,67154.69,285.11,14,1,0,83.36
32.0,97130.56,270.42,13,0,0,232.12
41.0,70963.88,713.99,16,1,0,282.87
47.0,57908.53,96.09,17,1,0,143.99
34.0,63831.89,206.69,22,0,0,95.87
31.0,65789.51,126.91,18,1,0,162.22
37.0,85091.14,222.45,15,1,0,125.78
25.0,104365.28,130.93,10,1,0,283.27
60.0,78992.02,433.04,16,1,0,203.83
18.0,99676.94,800.17,15,1,1,423.45
37.0,45880.26,772.32,17,1,0,206.35
59.0,59634.24,226.67,14,0,0,174.22
35.0,51892.44,2244.16,9,1,1,404.99
33.0,77861.11,450.52,14,1,0,274.46
31.0,61026.04,254.91,10,0,0,217.39
33.0,88244.32,902.54,16,1,0,196.03
51.0,46724.96,654.43,15,1,0,167.38
18.0,71075.77,691.7,19,1,0,169.31
53.0,87171.45,109.16,14,1,0,143.86
18.0,20000.0,315.86,14,0,0,120.34
32.0,123040.78,989.63,17,0,0,340.08
30.0,62921.2,350.63,11,1,0,181.77
42.0,20000.0,575.14,21,0,0,72.03
18.0,73952.35,443.29,26,1,0,208.74
41.0,70836.09,923.71,21,1,0,275.96
59.0,67952.64,167.43,12,1,0,287.16
19.0,94779.78,428.39,10,1,0,253.35
37.0,88686.12,65.76,29,1,0,103.53
27.0,77446.9,585.93,14,1,0,210.29
40.0,81253.89,658.32,18,1,0,284.69
35.0,67391.04,21.89,12,0,0,124.34
27.0,114387.27,563.18,16,0,0,228.99
41.0,33020.1,267.81,15,1,0,75.23
57.0,73491.29,66.25,16,1,0,144.94
33.0,71625.62,272.28,10,1,0,146.35
44.0,90332.01,107.98,11,0,0,230.34
19.0,48903.65,268.55,16,0,0,138.71
24.0,26408.18,242.53,12,1,0,142.55
41.0,73920.58,670.45,26,1,0,190.59
53.0,77030.76,744.09,21,1,0,264.37
39.0,107239.99,467.01,10,1,0,266.57
31.0,38240.95,11.47,23,1,0,25.15
35.0,98867.34,1336.99,20,1,1,433.15
20.0,129185.36,579.55,16,1,0,253.41
42.0,60555.88,17.4,22,1,0,218.26
46.0,37726.44,854.17,17,1,1,236.43
30.0,59825.64,111.74,12,0,0,117.05
29.0,70350.12,432.82,9,1,0,197.1
38.0,84094.7,314.27,17,0,0,93.09
30.0,55215.13,272.22,15,1,0,229.37
34.0,108879.96,1102.34,9,1,1,556.1
60.0,42136.69,287.56,17,1,0,134.41
32.0,26519.87,39.17,16,0,0,90.93
31.0,97667.76,1465.34,16,1,0,296.49
27.0,20000.0,1266.22,10,1,0,136.87
44.0,64896.76,576.69,10,1,0,132.6
33.0,147942.03,315.45,19,1,0,331.38
27.0,69698.91,48.73,16,1,0,215.32
51.0,41980.81,782.11,14,0,0,165.01
52.0,68565.06,39.24,18,0,0,172.44
28.0,68729.98,35.53,14,0,0,211.96
18.0,74016.25,385.43,15,0,0,125.37
47.0,86556.57,87.25,7,1,0,310.12
27.0,44022.22,3.88,19,1,1,226.43
44.0,112188.7,275.05,13,1,0,301.58
18.0,76127.86,73.8,13,1,0,229.84
46.0,88169.85,87.48,13,0,0,257.64
20.0,54296.27,40.01,14,1,0,149.23
44.0,102159.55,114.77,18,0,0,301.21
35.0,63573.69,628.48,19,0,0,179.36
24.0,76938.81,827.55,12,1,0,285.72
30.0,46672.35,301.23,11,1,1,286.66
43.0,45076.71,353.17,10,1,0,20.91
36.0,87205.13,16.6,16,1,0,215.97
42.0,58909.83,35.92,20,1,0,167.64
59.0,48654.42,148.91,22,1,0,32.78
18.0,53920.42,392.52,15,1,0,181.18
54.0,87473.83,672.67,18,0,0,216.53
36.0,54274.05,464.44,19,1,1,260.48
24.0,67058.63,248.9,14,1,0,176.26
19.0,70375.69,62.97,15,0,0,119.73
33.0,22066.28,758.82,14,1,0,197.5
46.0,33221.84,226.11,15,1,0,88.14
33.0,78406.95,666.01,15,0,0,256.91
53.0,51574.27,359.72,17,0,0,220.82
18.0,96418.12,670.97,13,0,1,363.02
35.0,94170.18,1189.14,10,1,0,337.66
20.0,87979.22,1269.34,16,1,0,296.13
39.0,115494.29,382.97,15,1,0,275.68
46.0,67922.77,358.22,14,0,0,301.47
30.0,86222.05,154.4,14,1,1,341.47
18.0,55389.98,1372.87,7,1,1,383.64
37.0,131309.25,306.17,9,0,0,351.44
40.0,119590.84,68.25,21,0,0,275.52
40.0,70297.01,283.44,18,1,0,91.65
50.0,79664.66,67.94,14,1,0,302.96
22.0,103982.44,349.11,10,1,0,199.66
43.0,66321.51,411.94,20,0,0,270.47
49.0,53584.4,206.06,15,1,0,178.68
18.0,91849.74,37.17,19,1,0,208.46
39.0,71960.98,1436.79,18,1,1,376.37
29.0,74574.86,742.18,17,0,0,369.63
34.0,49143.22,912.81,12,1,1,315.42
39.0,27058.2,228.54,19,0,0,89.85
29.0,75903.56,715.29,11,1,0,224.57
27.0,92624.05,332.16,18,1,0,199.71
35.0,64354.83,112.25,20,0,0,152.47
22.0,105910.74,66.44,14,1,0,193.93
22.0,52402.09,211.6,20,1,0,169.95
43.0,43632.39,73.99,13,1,1,145.94
21.0,68319.24,3179.52,13,1,1,624.05
43.0,67935.19,25.22,14,0,0,209.52
41.0,89249.22,290.93,12,0,0,230.82
18.0,50625.93,300.83,14,1,0,182.35
27.0,104202.36,178.79,18,1,0,271.8
49.0,119172.92,423.56,22,1,0,213.59
23.0,69021.4,81.25,18,0,0,246.75
29.0,101242.76,766.04,19,1,0,278.3
41.0,43587.57,202.07,8,0,0,176.16
44.0,96880.54,447.44,16,1,0,292.69
32.0,96181.91,628.76,6,0,0,168.76
28.0,91585.93,1099.3,15,0,0,280.26
52.0,69610.92,903.3,11,1,1,380.65
56.0,20000.0,468.64,16,0,0,107.98
47.0,53956.82,245.83,15,1,0,186.95
36.0,54352.1,349.79,22,1,0,154.3
25.0,45543.63,732.1,9,1,0,257.77
25.0,73056.08,1050.01,16,1,0,274.81
41.0,59525.91,54.79,13,1,0,219.73
40.0,49384.7,242.95,12,1,1,166.94
52.0,43530.0,748.31,9,1,0,187.51
43.0,52112.18,282.51,20,1,0,112.81
18.0,98037.48,201.9,21,1,0,243.7
48.0,53474.37,264.94,20,1,0,129.51
23.0,57126.53,461.71,13,1,0,172.95
30.0,58582.56,4271.63,11,1,1,617.98
38.0,78474.84,339.61,15,0,0,187.87
59.0,81406.24,116.91,14,1,0,195.99
72.0,20000.0,88.87,14,1,0,-30.18
42.0,95540.88,21.64,13,1,0,102.16
33.0,105909.2,409.15,26,1,0,253.69
41.0,43745.34,393.26,17,1,0,4.36
46.0,45692.54,114.85,12,1,0,119.21
31.0,58743.67,594.26,12,1,0,184.06
57.0,51099.9,675.67,17,1,1,273.2
38.0,75598.17,149.94,18,1,0,146.59
41.0,21336.87,210.87,16,1,0,160.24
43.0,42051.81,2326.74,21,1,0,367.19
40.0,108479.93,234.41,15,1,0,184.79
45.0,46794.5,715.23,13,1,0,174.89
28.0,101085.71,301.4,15,1,0,328.67
28.0,78883.45,788.35,11,1,0,229.72
22.0,24768.31,732.72,15,0,1,191.53
40.0,85883.23,550.94,12,0,0,323.07
44.0,67058.32,964.75,10,1,1,315.95
40.0,58613.32,1400.23,24,1,0,315.4
55.0,76123.93,433.73,18,1,0,164.12
35.0,81865.84,135.56,16,1,1,152.81
43.0,87689.8,254.27,14,1,0,284.23
22.0,99456.32,710.04,11,1,0,319.85
30.0,80203.4,526.17,14,1,0,260.25
43.0,35609.15,97.88,19,1,1,89.79
45.0,58158.86,26.3,13,1,0,92.28
31.0,143576.21,574.37,13,1,0,426.11
34.0,88112.28,144.56,14,0,0,224.84
18.0,129232.18,346.24,15,1,0,307.22
31.0,104885.85,686.68,14,1,0,311.49
46.0,76045.05,413.53,24,1,0,270.87
42.0,77535.18,43.49,12,1,0,221.6
41.0,69085.5,102.64,10,1,1,240.78
36.0,26554.88,123.8,18,1,0,9.32
35.0,70451.18,149.11,15,1,0,205.22
27.0,100266.86,416.67,21,0,0,204.0
43.0,55009.0,350.56,14,1,1,178.77
40.0,80298.82,113.55,15,1,0,257.74
41.0,91289.78,34.97,12,0,0,255.7
29.0,47257.99,94.03,19,1,1,205.62
18.0,58717.43,2079.64,14,0,1,372.7
48.0,44552.21,316.07,16,0,0,228.17
29.0,49445.86,1010.0,15,1,1,343.65
25.0,37809.87,944.42,15,1,0,174.87
43.0,47488.79,358.23,15,0,0,125.04
30.0,105486.39,613.26,12,0,0,302.22
48.0,47113.07,107.06,20,1,0,91.01
42.0,73161.48,583.01,16,1,0,333.22
43.0,57428.28,158.99,11,1,0,139.48
19.0,99471.65,892.08,13,0,0,258.76
50.0,102779.06,43.72,17,1,0,305.35
38.0,91601.75,741.71,18,0,0,242.92
31.0,77653.36,52.65,21,0,0,207.89
37.0,64223.51,1065.11,20,0,1,362.09
18.0,40203.13,181.35,23,1,0,99.61
40.0,118588.22,531.23,8,1,0,275.65
23.0,51008.17,334.23,15,1,0,153.03
19.0,86591.16,228.09,19,1,1,264.21
18.0,96489.14,518.44,13,1,0,267.64
48.0,56117.99,1473.69,17,1,1,383.69
27.0,95950.31,21.07,12,1,0,305.9
53.0,89105.33,1255.75,13,1,0,273.39
29.0,113199.1,469.63,14,0,0,282.84
18.0,58266.34,823.35,13,1,1,283.39
22.0,37853.4,242.15,21,1,0,121.61
50.0,57362.76,319.18,14,1,0,92.55
33.0,75221.34,1015.71,14,0,0,227.58
28.0,71455.32,267.94,15,0,0,105.1
37.0,60164.05,382.49,13,1,0,110.66
41.0,22270.06,10.2,10,1,0,42.54
48.0,81762.07,86.34,22,0,0,261.7
52.0,119308.61,513.17,19,1,0,319.31
31.0,81606.28,631.11,21,1,0,237.57
19.0,85228.39,436.86,8,1,0,315.49
30.0,84311.13,77.34,13,1,0,219.54
38.0,79926.17,294.76,13,1,0,237.21
23.0,93291.65,219.33,12,1,0,210.86
24.0,79884.34,342.25,12,1,0,188.13
39.0,62183.07,1021.38,20,1,0,170.95
34.0,50100.28,747.75,20,1,0,154.92
35.0,63775.66,43.86,11,1,0,145.91
26.0,77853.24,1105.04,16,1,0,301.45
32.0,62097.93,319.11,17,1,0,170.27
24.0,77858.47,681.02,17,1,1,324.97
46.0,80978.75,75.43,14,1,0,145.92
47.0,90829.49,555.42,17,1,1,377.78
18.0,102069.87,134.81,19,1,0,204.73
24.0,71950.19,288.47,17,1,0,206.44
18.0,37305.59,8.5,10,1,0,9.8
27.0,61372.4,82.21,10,1,1,263.06
34.0,71101.56,48.3,14,1,0,206.38
18.0,24105.78,137.05,11,1,0,120.89
24.0,104716.61,52.69,13,1,0,228.87
23.0,73559.45,588.68,18,0,0,265.75
37.0,79533.82,14.73,13,0,0,120.89
36.0,104138.16,480.83,13,0,1,399.62
26.0,54246.43,75.82,13,1,0,130.41
37.0,84351.05,1451.68,16,1,0,383.69
28.0,67253.4,1352.23,13,0,0,192.71
32.0,65397.83,127.77,14,1,1,199.69
55.0,50695.19,476.5,15,1,0,256.4
51.0,111640.08,14.2,13,1,0,127.17
19.0,60612.5,1342.57,17,0,0,312.2
45.0,87486.61,370.11,13,1,0,200.97
45.0,23124.82,22.09,20,1,0,71.19
21.0,99499.71,209.66,18,1,1,431.04
45.0,96305.28,39.98,14,1,0,233.27
53.0,72435.85,249.57,14,0,0,263.56
22.0,64326.44,554.22,12,1,0,185.46
24.0,80000.0,317.34,13,1,0,197.72
47.0,127219.77,242.03,19,1,0,329.98
38.0,25919.08,63.44,21,0,0,44.21
42.0,89550.68,140.48,13,0,0,247.02
39.0,47209.57,52.76,13,0,0,182.89
40.0,69502.04,823.83,19,0,0,276.8
19.0,63803.0,72.65,16,1,0,73.93
48.0,59292.04,452.4,11,0,0,174.75
49.0,69738.37,209.84,17,1,0,190.55
32.0,41645.72,128.08,19,0,0,95.9
34.0,95729.51,510.09,10,1,0,276.44
18.0,25146.41,305.33,9,1,0,127.58
41.0,83494.11,255.53,13,1,0,190.21
42.0,61836.6,449.29,19,1,0,170.93
34.0,40726.88,337.92,18,1,0,70.19
48.0,75059.58,180.83,13,1,0,168.31
31.0,31076.22,409.42,17,1,0,42.76
42.0,70992.85,553.57,16,0,1,308.77
23.0,34428.08,13.53,14,0,0,82.55
35.0,81531.8,313.56,13,0,0,172.63
33.0,46891.07,29.71,16,0,0,204.02
38.0,58725.15,103.15,19,1,0,127.49
31.0,77348.73,411.07,17,1,0,226.13
33.0,50686.45,1005.66,11,1,0,198.01
45.0,68550.9,1071.96,16,0,0,241.58
30.0,32154.24,36.26,9,0,0,116.15
18.0,85771.89,271.59,13,0,1,320.36
56.0,114122.85,437.34,15,0,0,292.15
52.0,139805.22,79.54,16,1,0,345.91
19.0,72279.2,725.01,9,1,0,223.16
43.0,89705.1,681.75,12,0,0,206.98
29.0,25484.36,1168.28,15,1,0,111.48
38.0,107568.36,4.26,12,1,0,313.48
39.0,89405.71,122.11,18,1,0,251.58
32.0,57901.66,877.77,14,1,0,258.37
26.0,100929.52,555.21,15,0,0,255.58
27.0,63638.1,1124.0,12,1,0,199.02
24.0,58549.37,29.44,9,1,0,137.93
25.0,81883.37,454.36,16,1,0,222.54
34.0,43416.14,420.88,12,1,0,98.34
26.0,95540.62,18.16,13,0,0,143.41
43.0,43600.25,360.28,16,1,0,54.71
53.0,43748.63,470.19,20,1,0,177.39
28.0,47257.76,106.16,15,1,0,64.86
38.0,88987.5,159.64,15,0,0,229.41
41.0,54580.62,511.31,16,1,1,229.98
41.0,36300.11,315.84,17,0,0,149.67
36.0,54858.0,976.01,16,1,0,242.11
44.0,69198.94,209.57,14,1,0,169.76
41.0,40475.69,155.07,20,0,0,112.98
20.0,41207.97,2095.4,11,1,1,383.07
45.0,122782.41,1210.32,17,1,0,351.83
46.0,48485.86,14.71,12,1,0,173.45
26.0,61923.94,736.42,12,1,1,288.84
35.0,60819.07,58.46,16,1,0,141.14
43.0,59466.08,13.93,8,1,0,83.57
32.0,85533.67,159.89,18,1,0,214.76
48.0,93703.57,156.91,11,1,0,200.57
63.0,62351.14,855.51,12,0,0,212.41
26.0,39088.04,620.09,13,1,0,122.21
18.0,101861.01,1997.96,11,1,1,555.47
39.0,67616.47,621.55,14,1,0,119.06
44.0,113258.05,270.86,12,1,0,313.72
32.0,20000.0,600.2,17,1,1,155.47
52.0,74885.08,3761.11,16,0,1,606.68
19.0,117965.16,619.18,13,0,0,244.44
43.0,61168.4,717.07,14,1,0,237.7
28.0,64362.66,1393.26,20,1,0,246.34
56.0,77387.79,60.32,11,1,0,254.11
59.0,56030.1,610.02,12,0,0,223.38
26.0,62198.2,951.25,13,1,0,320.25
28.0,61554.62,1543.69,20,1,0,294.33
45.0,54314.48,118.48,14,1,0,196.37
30.0,100721.41,350.52,24,1,0,261.63
34.0,81526.95,570.58,24,1,0,199.56
35.0,76265.71,142.16,10,0,0,206.11
18.0,90214.28,458.74,8,1,0,218.6
35.0,63391.1,148.92,14,1,0,267.11
27.0,50644.9,202.83,13,1,0,140.53
29.0,54934.39,291.27,11,1,0,168.31
52.0,70044.58,376.65,14,1,0,219.25
20.0,43519.71,298.34,10,0,0,92.53
45.0,57493.47,339.81,15,1,0,235.04
32.0,57097.08,177.33,15,1,0,100.66
32.0,123113.91,86.56,17,0,0,208.31
44.0,20000.0,24.25,18,1,0,48.1
39.0,65509.51,109.06,17,1,0,93.96
42.0,113142.34,436.07,9,1,0,379.99
47.0,73046.11,771.16,10,0,1,328.91
31.0,88835.44,92.71,23,1,0,29.88
28.0,72495.66,57.46,26,1,0,158.73
22.0,53316.67,691.73,15,1,0,223.48
25.0,20000.0,182.04,16,1,1,100.08
70.0,75136.39,1513.09,11,0,1,339.23
50.0,50609.83,626.44,18,1,0,172.7
19.0,49991.61,197.82,20,0,0,105.68
19.0,57525.32,170.92,9,1,0,115.36
41.0,113621.54,370.85,13,1,0,235.14
42.0,130120.94,41.23,11,0,0,300.18
42.0,75430.2,62.6,12,1,0,228.27
32.0,58380.82,96.71,18,1,0,163.51
33.0,40569.34,745.21,15,1,1,150.58
39.0,81713.5,360.63,12,1,0,256.26
36.0,114572.64,5.31,16,1,0,286.3
18.0,63816.49,559.69,13,0,0,277.29
32.0,20000.0,275.55,19,0,0,32.06
25.0,86751.24,357.55,18,0,0,220.43
37.0,94634.99,120.47,12,0,0,255.69
71.0,30353.86,401.24,11,1,0,102.45
39.0,74412.1,1935.28,23,1,1,466.15
31.0,81280.65,38.14,13,1,0,189.17
46.0,68172.32,166.98,16,0,0,128.72
41.0,50230.73,139.19,10,1,0,106.32
40.0,95398.43,142.87,14,1,0,289.55
42.0,59915.51,237.98,9,1,0,125.81
60.0,32870.35,852.18,9,1,0,124.56
21.0,20000.0,1220.11,16,1,1,244.02
41.0,101521.24,112.96,18,1,0,226.81
24.0,85416.6,391.48,14,0,0,166.4
42.0,72199.34,506.54,10,1,0,199.08
24.0,58993.13,368.89,18,0,0,128.04
30.0,56775.04,284.65,10,1,1,219.21
31.0,43106.58,106.58,16,0,0,241.12
47.0,59213.61,334.93,11,1,0,164.79
46.0,20000.0,256.43,18,0,0,35.58
20.0,51598.41,793.75,16,1,0,301.66
36.0,62226.56,721.12,22,1,0,246.98
26.0,85247.0,71.93,18,0,0,227.93
20.0,69001.84,46.34,15,1,0,120.98
32.0,89873.08,1193.82,15,1,0,378.7
31.0,103728.38,383.41,14,1,0,308.61
64.0,96454.25,975.26,16,1,0,315.79
40.0,81762.75,29.96,20,1,0,90.71
18.0,70296.57,373.82,13,1,0,200.98
28.0,45480.3,387.64,14,1,0,238.22
47.0,88498.6,985.57,19,1,0,298.57
60.0,111993.68,51.35,16,0,0,228.3
18.0,78552.65,137.51,14,1,0,181.43
18.0,117931.48,260.89,25,1,0,253.99
57.0,31860.71,1004.37,17,1,0,140.18
40.0,41145.92,1397.49,19,1,1,290.79
25.0,91380.04,2461.63,15,1,1,637.65
41.0,76607.26,1599.46,9,1,0,411.63
18.0,102844.55,2.98,8,0,1,333.61
35.0,69613.21,24.44,16,0,0,223.47
39.0,48300.61,79.85,18,1,0,156.64
46.0,64660.17,214.52,21,1,0,190.44
23.0,31682.9,885.74,16,1,0,191.54
36.0,41785.23,1115.86,13,0,0,172.64
24.0,94311.1,103.41,15,0,0,198.68
38.0,91819.69,483.35,17,1,0,289.62
24.0,79075.11,1246.64,12,1,1,352.92
30.0,26973.06,311.56,11,1,0,61.06
23.0,61039.91,54.65,11,1,0,170.85
43.0,39375.0,306.07,14,1,0,91.88
45.0,99413.33,235.64,18,1,0,277.59
32.0,55406.95,430.97,14,1,0,138.2
35.0,42856.31,288.71,14,1,1,211.43
18.0,70744.9,8.75,14,1,0,180.77
31.0,53996.14,2557.81,15,0,1,435.46
34.0,107093.6,392.13,13,1,0,265.42
66.0,51629.73,320.88,14,1,0,123.35
22.0,35019.29,1546.31,19,0,0,235.74
53.0,20000.0,84.72,17,1,0,16.39
47.0,69230.34,104.89,24,1,0,139.77
38.0,55951.75,825.17,16,1,0,249.84
56.0,34277.38,151.11,14,1,0,48.83
39.0,99730.66,802.79,21,1,0,263.39
40.0,86681.13,158.41,10,0,0,245.12
34.0,69294.55,16.88,18,1,0,50.39
50.0,104108.16,363.88,15,1,0,357.38
48.0,86563.4,109.51,14,0,0,258.34
27.0,49428.6,709.09,14,1,0,114.85
19.0,44019.5,512.49,12,1,0,60.08
33.0,90449.54,1285.9,8,1,0,344.97
25.0,79909.17,763.9,16,1,1,302.91
34.0,74243.69,99.7,14,1,0,228.53
50.0,48837.55,805.11,13,0,0,221.89
30.0,85198.69,513.24,13,1,0,251.89
34.0,51112.53,552.75,19,1,0,140.99
36.0,67450.33,892.68,16,0,1,409.27
45.0,106173.6,426.45,13,1,0,316.66
18.0,53479.14,313.68,16,1,1,268.46
28.0,30675.27,506.18,17,0,1,242.29
38.0,43686.32,176.88,20,0,0,64.12
49.0,94857.47,100.81,15,1,0,284.03
29.0,76368.28,479.32,9,0,0,219.44
18.0,66778.07,133.19,18,1,0,177.61
42.0,57272.65,41.64,17,0,0,126.89
27.0,82134.0,0.28,14,0,0,92.4
21.0,48772.38,468.65,14,1,0,214.28
28.0,77641.64,224.83,17,1,0,102.54
33.0,51718.64,697.79,9,1,0,156.89
28.0,47558.52,235.14,15,0,0,115.99
18.0,54062.81,332.77,10,0,0,73.72
46.0,60614.81,261.35,17,1,0,108.33
50.0,68779.25,525.73,17,0,0,218.37
43.0,75886.39,220.14,13,0,0,180.45
21.0,20000.0,1658.9,18,0,1,253.51
33.0,49808.74,1375.59,16,0,0,209.43
35.0,60210.75,942.03,12,1,0,242.93
42.0,107626.55,1264.74,17,1,0,341.47
43.0,42999.93,298.14,19,0,0,45.77
26.0,74069.92,384.4,18,0,0,190.53
36.0,107375.76,677.58,17,1,0,236.41
40.0,37175.79,595.6,23,1,0,182.8
52.0,79849.38,1106.73,17,0,0,266.8
43.0,49943.2,629.97,11,0,0,316.96
44.0,57384.16,3079.28,19,1,1,555.69
36.0,49922.23,214.24,18,1,0,128.76
52.0,51703.57,894.87,16,0,0,239.87
40.0,138047.8,598.06,19,0,0,243.41
25.0,91111.4,587.83,17,0,0,305.13
52.0,97543.45,197.14,8,0,0,207.79
43.0,82299.84,769.96,19,1,1,356.19
30.0,29843.58,1153.18,22,0,0,144.62
29.0,79873.95,123.3,16,0,0,159.01
39.0,96823.24,491.08,12,1,0,259.7
41.0,48665.01,248.9,15,0,1,211.95
37.0,94133.17,2280.49,18,0,0,428.97
39.0,87608.41,325.84,19,0,1,325.44
55.0,116301.0,129.59,17,1,0,180.28
48.0,59555.42,240.52,12,1,0,285.77
37.0,42559.73,530.42,10,1,0,179.76
46.0,60959.3,39.57,19,1,0,159.75
23.0,105889.27,462.67,12,1,0,267.05
40.0,24289.85,1338.46,14,1,1,202.62
57.0,20000.0,949.77,18,1,0,156.53
32.0,72234.88,35.04,19,0,0,174.44
25.0,58935.27,2509.58,19,1,1,529.94
27.0,70193.2,599.87,15,1,0,324.25
22.0,93632.79,88.54,23,1,0,273.97
26.0,56185.77,6.25,22,1,0,30.67
31.0,23174.85,93.94,16,0,0,50.72
18.0,121112.04,910.62,18,1,0,364.08
35.0,45069.29,10.94,16,1,0,89.22
46.0,43524.07,132.73,10,1,1,186.24
24.0,97593.0,707.98,12,1,0,184.73
53.0,60387.77,441.08,15,1,0,230.59
41.0,68415.25,763.32,12,1,0,145.39
47.0,82069.75,685.51,10,1,0,184.07
27.0,97089.58,25.96,11,1,0,174.04
45.0,61663.48,1115.19,14,0,0,251.97
22.0,107998.8,128.76,9,1,0,179.74
46.0,20000.0,403.04,19,1,0,39.28
37.0,88994.68,516.82,10,1,0,317.12
42.0,49011.81,92.34,16,1,0,119.64
21.0,104306.78,1869.69,16,1,1,566.62
24.0,73551.11,334.87,18,1,0,132.78
42.0,53177.37,29.69,13,1,0,130.63
24.0,86571.03,1384.39,14,1,0,326.79
41.0,92329.71,441.27,16,1,0,207.02
19.0,86047.35,600.64,17,1,0,245.61
45.0,44257.59,372.41,13,0,0,55.15
20.0,57899.57,900.11,20,1,0,237.74
42.0,69898.18,16.85,21,1,0,129.51
43.0,68968.51,156.25,15,0,0,160.7
27.0,88743.64,317.11,21,1,0,259.79
42.0,20000.0,39.85,12,1,0,91.59
38.0,78358.18,611.93,16,1,0,219.99
29.0,62750.47,250.16,11,1,1,208.67
23.0,49037.48,159.19,17,1,0,196.43
18.0,51437.83,1.69,24,0,0,38.04
39.0,64636.56,636.18,9,1,0,256.36
18.0,20000.0,897.31,20,1,0,59.86
36.0,52467.76,251.3,13,1,0,199.96
32.0,48104.63,415.31,13,1,0,212.27
43.0,83319.58,129.18,15,1,0,103.93
31.0,49861.83,486.69,19,1,0,182.86
31.0,64622.15,6.11,23,1,0,152.18
44.0,108556.92,335.34,11,1,0,313.8
39.0,94858.79,516.7,14,0,0,281.65
39.0,92556.78,1251.69,15,1,0,282.17
41.0,57503.19,240.1,14,1,0,150.15
18.0,83575.81,724.49,11,1,0,350.83
44.0,64152.55,455.26,13,1,0,142.44
42.0,65097.67,1308.73,9,1,0,309.21
23.0,80242.13,254.06,12,0,0,269.45
32.0,55075.16,192.17,14,1,0,101.83
35.0,107325.08,1090.81,22,1,0,258.89
33.0,65996.75,25.25,17,0,0,87.21
39.0,85459.01,73.31,15,1,0,218.0
52.0,106390.01,43.0,11,0,0,181.35
48.0,95791.34,926.11,19,1,0,289.43
19.0,34777.02,5.33,16,1,0,156.65
42.0,81122.4,989.01,13,0,0,282.58
51.0,91267.98,300.07,20,0,0,183.65
40.0,92296.58,2.02,8,1,1,335.04
48.0,42167.63,256.79,14,1,0,128.58
59.0,53574.12,103.39,16,1,0,158.12
47.0,94863.96,489.62,13,1,0,343.65
38.0,50955.99,568.72,9,0,1,280.08
48.0,62507.6,334.25,15,1,0,280.13
37.0,109396.9,20.68,14,1,0,265.63
35.0,68805.02,533.74,12,0,0,178.62
31.0,51830.65,922.7,13,0,0,334.35
54.0,48059.57,637.06,16,1,0,171.58
25.0,78317.98,885.85,14,0,1,317.71
53.0,36671.3,111.89,11,1,0,228.72
41.0,63816.6,1098.61,15,0,1,301.66
18.0,78330.76,194.45,15,1,0,157.49
39.0,102478.75,6.75,16,0,0,196.06
18.0,86688.7,927.0,15,1,0,294.31
43.0,52148.37,1422.12,21,1,0,301.05
46.0,99460.48,532.92,14,1,0,141.77
28.0,62512.12,131.62,17,0,0,200.51
36.0,39107.42,145.01,15,0,0,84.99
58.0,65698.97,314.24,17,1,0,158.18
29.0,105954.23,1140.56,11,1,0,439.72
22.0,74131.0,81.02,13,1,1,291.51
53.0,70313.05,874.27,13,1,0,274.44
59.0,110930.29,172.16,10,1,0,266.65
35.0,34216.13,826.66,15,1,1,263.47
47.0,37860.02,1264.56,23,1,0,287.08
51.0,29603.84,278.87,14,1,0,-14.66
26.0,79316.2,227.11,14,0,0,257.57
29.0,74162.33,810.3,13,1,0,330.71
50.0,108568.41,376.96,11,1,0,307.89
55.0,76086.88,576.72,6,1,1,299.95
42.0,59896.07,487.53,12,1,0,136.93
24.0,70044.87,82.96,13,1,0,290.48
59.0,72942.69,931.49,18,1,0,207.79
29.0,28205.97,108.94,16,1,0,161.19
31.0,137758.29,1346.2,12,1,0,455.66
39.0,82996.78,144.22,11,1,0,310.71
54.0,75250.21,661.91,16,1,0,218.78
45.0,85379.1,167.5,9,1,0,139.13
40.0,87735.27,191.21,14,1,0,216.7
41.0,66486.16,185.53,15,1,0,97.2
36.0,54218.97,688.95,13,1,0,335.19
42.0,84986.27,406.88,15,1,0,262.14
18.0,79642.77,1072.59,12,0,0,331.45
31.0,49752.75,183.63,15,0,0,176.81
38.0,105475.89,588.82,18,1,1,373.18
21.0,77333.8,699.08,20,1,0,227.97
40.0,88245.48,82.13,11,1,1,324.15
33.0,104798.02,255.9,14,1,0,354.38
56.0,70547.22,329.68,12,1,1,222.22
54.0,77923.8,219.79,12,1,0,167.4
29.0,90250.68,194.39,17,0,0,197.79
33.0,51878.47,579.85,17,1,1,216.84
34.0,71351.29,121.59,19,0,0,93.92
30.0,73138.71,617.89,17,1,1,184.68
37.0,46098.54,1367.02,18,1,0,151.56
26.0,127940.92,416.43,16,1,0,370.48
21.0,34817.66,472.65,14,1,0,138.49
42.0,37547.4,35.71,16,0,0,138.44
43.0,102855.66,999.31,14,1,0,298.52
25.0,87831.66,168.05,14,1,1,322.21
46.0,44350.88,477.32,15,1,0,237.09
27.0,85182.23,1934.29,15,1,1,570.4
38.0,106696.26,452.55,15,1,0,325.75
45.0,69243.42,644.96,22,1,0,219.1
35.0,134970.57,294.68,25,1,0,325.31
40.0,26898.45,31.13,15,0,0,95.44
29.0,87345.59,798.75,15,1,0,266.22
33.0,99163.21,17.81,19,1,0,191.89
33.0,92283.6,603.08,15,1,0,320.99
26.0,64891.11,11.59,12,0,0,92.16
33.0,62738.96,991.36,10,1,0,328.98
18.0,81103.63,85.77,17,0,0,173.01
29.0,90393.86,361.05,16,1,0,169.19
32.0,85061.84,454.6,14,1,0,210.31
32.0,96001.45,305.83,18,1,0,192.87
32.0,44528.25,208.34,11,0,0,109.11
34.0,64305.73,315.38,12,1,1,241.13
41.0,46499.6,186.56,12,1,0,105.97
45.0,60347.18,288.24,11,1,0,162.12
27.0,95380.52,222.3,12,1,0,235.75
21.0,72699.6,417.59,15,1,0,245.35
22.0,135171.48,135.85,18,0,0,285.68
29.0,74835.16,2239.56,17,0,0,405.93
31.0,71492.3,347.44,16,0,0,196.11
26.0,72654.57,107.94,17,1,0,199.13
19.0,54054.78,324.15,12,1,0,168.86
30.0,68554.08,1006.51,14,1,0,227.42
37.0,98194.7,11.02,13,1,0,175.58
42.0,72849.27,569.02,12,0,0,239.11
28.0,50163.51,397.0,18,1,0,217.7
30.0,46872.88,92.9,17,0,0,107.58
24.0,58744.95,850.44,16,0,0,185.49
35.0,71846.59,230.13,15,1,0,173.9
25.0,99839.66,173.93,13,1,0,213.0
42.0,36487.78,880.49,7,1,1,216.73
18.0,62004.34,508.78,13,1,0,126.71
31.0,73607.75,1142.66,20,1,1,355.03
39.0,24157.36,496.97,16,0,0,127.8
37.0,49160.04,675.11,15,1,0,131.74
67.0,53002.79,905.31,13,1,1,233.46
39.0,50100.74,28.15,15,0,0,75.61
23.0,74797.24,748.16,17,0,0,171.08
34.0,65986.01,475.58,14,0,0,153.75
18.0,56117.85,36.02,17,1,0,121.94
34.0,80699.07,355.23,17,1,0,145.82
25.0,113076.87,43.03,12,1,0,249.58
46.0,110981.41,665.8,20,1,0,263.37
28.0,21930.71,395.38,20,1,1,92.18
34.0,84426.8,1534.94,21,1,1,454.34
27.0,65549.42,101.14,15,0,0,129.21
56.0,73878.88,465.74,13,1,0,194.83
31.0,60042.92,118.86,19,1,0,208.87
57.0,72939.72,476.04,15,1,0,167.48
45.0,73785.18,641.24,9,1,0,321.99
41.0,55526.21,640.61,16,1,0,175.72
39.0,47590.81,843.9,12,1,0,148.76
40.0,58782.61,960.54,9,0,0,217.92
18.0,75856.48,40.21,7,1,1,299.53
32.0,84974.91,210.24,16,1,0,271.7
45.0,91333.72,580.97,18,1,0,294.71
34.0,57645.25,345.16,10,1,0,183.0
18.0,77096.11,105.78,18,0,0,241.77
34.0,94062.56,402.27,12,1,1,274.68
55.0,99139.87,261.65,18,1,0,250.92
50.0,68529.18,247.18,10,1,0,207.27
34.0,64476.71,829.72,10,0,0,258.03
46.0,74778.11,261.79,16,1,0,113.23
31.0,41257.31,13.41,10,1,0,63.01
18.0,65159.76,29.91,8,1,0,158.99
24.0,88614.66,969.82,15,0,0,349.95
54.0,86048.68,1617.01,16,0,0,447.56
32.0,63243.31,583.03,10,1,0,181.57
32.0,75442.96,226.57,17,0,0,124.05
31.0,49383.74,1395.18,16,1,0,297.07
58.0,87587.3,543.54,18,1,0,374.25
55.0,68054.46,930.02,13,1,0,308.46
62.0,63101.21,725.9,16,0,0,179.36
33.0,60956.9,238.32,16,1,0,306.8
39.0,68427.65,325.72,12,0,0,229.77
18.0,58803.06,102.98,12,1,0,114.35
53.0,86453.58,172.67,11,0,1,412.48
21.0,60117.91,752.82,10,1,0,182.02
38.0,109824.1,1122.06,11,1,0,328.8
22.0,106630.26,644.51,15,1,0,334.04
28.0,47711.41,312.91,16,1,0,143.47
25.0,71742.61,45.24,9,1,0,181.86
28.0,53733.58,29.32,14,1,0,134.33
29.0,61833.81,234.46,14,0,0,224.84
28.0,120060.69,311.64,12,1,0,181.07
45.0,62310.71,469.68,13,1,0,209.81
22.0,79005.65,3.26,12,1,1,275.46
38.0,83533.03,2288.92,19,1,0,370.33
50.0,44984.27,226.23,21,1,1,140.51
29.0,48622.61,942.25,8,0,0,93.61
26.0,39849.44,382.82,15,1,0,98.06
32.0,47850.73,69.88,16,0,1,254.45
49.0,20000.0,798.67,17,1,0,177.47
37.0,83614.56,618.64,13,0,0,243.52
29.0,121354.85,374.79,18,1,0,223.63
41.0,73695.52,361.34,15,1,0,244.62
22.0,34593.28,45.77,21,1,0,147.26
43.0,53930.59,533.34,6,0,0,250.9
40.0,58528.08,1210.94,9,1,1,297.79
31.0,44560.38,48.94,15,1,0,70.77
25.0,91504.57,152.93,11,1,0,309.1
24.0,90256.5,1162.97,13,0,0,260.35
41.0,41113.71,167.28,21,1,1,188.77
50.0,88127.03,530.58,17,1,0,156.42
27.0,108170.32,382.66,7,0,1,407.59
41.0,117563.96,453.58,21,0,0,317.74
18.0,141630.3,268.75,8,0,0,342.64
28.0,47450.18,178.33,17,0,0,154.93
35.0,140605.51,24.88,12,1,0,248.39
24.0,61144.84,681.84,14,1,0,171.47
24.0,55188.36,685.39,9,1,0,235.01
27.0,78176.81,555.43,15,0,0,266.74
39.0,55448.47,515.9,19,0,0,185.48
33.0,79976.1,139.67,11,0,0,249.27
18.0,36998.07,11.3,17,1,0,8.27
18.0,64031.18,827.0,15,1,0,207.45
28.0,102139.56,337.79,8,1,1,488.97
40.0,68573.47,183.25,7,1,0,255.64
18.0,73539.89,53.75,13,1,0,208.14
29.0,81881.47,32.39,15,0,0,179.23
29.0,99266.54,214.52,15,1,0,291.73
52.0,28619.38,816.7,24,1,0,162.37
30.0,84613.1,1254.95,23,1,1,329.77
40.0,63296.52,1135.31,15,0,0,309.91
37.0,74165.95,1262.87,8,1,1,358.64
18.0,96498.75,1191.49,18,0,0,364.13
44.0,40145.33,374.57,16,1,0,54.95
38.0,44683.89,123.86,14,1,0,203.7
41.0,21614.25,799.86,20,1,0,119.47
80.0,56271.03,120.22,12,0,0,95.1
18.0,103260.81,155.45,24,1,0,189.64
56.0,66985.32,132.8,19,0,1,219.05
32.0,36496.88,361.79,13,1,0,132.88
38.0,57858.03,194.18,17,1,0,217.04
34.0,32803.46,83.71,16,1,0,95.49
30.0,41870.35,301.81,20,1,0,15.38
28.0,79720.47,1035.37,16,1,0,219.49
39.0,40653.17,422.63,13,1,0,285.45
18.0,97815.86,1053.24,14,0,0,329.73
44.0,68221.99,109.0,15,1,0,214.88
30.0,72139.87,91.35,16,1,0,156.0
21.0,63040.68,428.51,11,1,0,146.7
30.0,89321.2,311.18,16,1,0,203.7
50.0,89579.0,539.66,8,1,0,273.54
29.0,78376.36,791.46,21,0,0,220.89
39.0,84119.73,695.77,16,1,1,453.71
26.0,64697.76,1425.91,13,0,1,354.26
44.0,83555.08,253.96,15,1,0,159.76
43.0,61553.06,115.58,13,1,0,199.1
57.0,70055.79,400.27,22,1,1,311.7
33.0,63133.91,58.68,15,1,0,153.64
43.0,58569.54,170.44,22,1,0,110.08
36.0,52772.21,116.53,12,1,0,48.16
51.0,81692.25,252.56,16,0,1,361.59
26.0,102765.15,58.95,9,0,0,286.85
44.0,99277.55,16.18,13,1,0,202.18
33.0,38585.87,534.71,10,0,1,223.38
34.0,102230.08,471.12,16,1,1,380.85
36.0,62046.04,616.12,10,1,0,297.14
38.0,85018.33,539.97,15,0,0,192.14
34.0,47344.62,60.69,15,1,0,89.75
38.0,73549.5,172.01,18,0,0,142.46
54.0,77843.08,69.36,22,1,0,184.13
47.0,32884.88,925.67,14,1,0,183.14
45.0,85206.68,686.99,14,1,0,271.12
30.0,103648.38,112.53,18,0,0,188.52
24.0,65633.8,208.75,24,1,0,228.39
46.0,104004.2,1699.82,13,1,0,379.29
46.0,65257.66,450.9,16,1,1,332.99
53.0,91239.61,807.62,15,1,1,542.6
28.0,20000.0,153.66,20,1,0,21.7
32.0,130469.44,117.89,19,0,0,301.85
18.0,107386.46,766.05,14,0,0,306.8
30.0,62884.36,578.98,17,0,0,301.21
47.0,20697.77,571.25,13,0,0,108.49
29.0,77200.71,402.19,12,0,0,233.05
43.0,33901.86,414.57,17,0,0,136.6
33.0,81121.34,665.33,15,1,0,243.76
39.0,80289.14,157.36,16,1,0,232.09
21.0,46464.92,217.53,15,0,1,212.7
36.0,98024.18,1026.45,15,1,0,342.79
18.0,90139.37,184.71,17,0,0,225.43
33.0,94395.58,395.17,14,1,0,220.08
18.0,70221.44,606.4,12,0,0,213.64
49.0,34611.9,4747.86,8,1,1,653.16
44.0,94446.81,285.72,17,1,0,261.03
41.0,63240.72,279.39,13,1,1,321.11
53.0,35255.5,924.45,13,1,1,326.05
24.0,103800.98,818.67,15,0,0,283.42
56.0,122485.19,656.66,18,1,0,331.38
46.0,68968.8,311.09,19,0,0,171.38
32.0,123978.03,195.74,10,1,0,242.16
49.0,72282.87,469.18,23,0,0,223.71
22.0,60488.6,1044.64,17,1,0,280.33
25.0,54238.54,1076.12,10,1,0,192.24
28.0,110927.06,57.42,11,1,0,236.87
29.0,50496.4,279.61,9,0,0,137.35
22.0,88381.73,312.48,13,1,0,156.59
50.0,56020.9,1899.69,12,1,1,394.87
32.0,58492.33,566.6,13,1,0,140.38
39.0,95756.24,261.49,17,1,0,241.61
28.0,60499.08,13.2,15,0,0,155.77
18.0,59880.12,416.65,12,1,0,207.08
38.0,98320.12,50.5,17,1,0,239.76
18.0,109934.93,899.24,16,0,0,404.34
34.0,86117.25,698.21,10,1,0,231.62
19.0,53630.76,308.56,13,0,0,124.19
59.0,57234.79,280.37,13,1,0,199.26
46.0,71997.88,1138.16,13,0,0,275.21
36.0,78023.25,170.16,12,1,0,255.33
50.0,45303.35,143.19,16,0,0,151.01
25.0,88075.95,1400.06,15,1,0,432.06
42.0,72137.83,828.38,17,1,0,238.55
37.0,27107.29,859.14,12,1,0,92.03
38.0,46776.84,108.58,5,1,0,161.44
50.0,57396.78,77.33,18,1,0,132.94
44.0,68178.56,13.19,11,1,0,192.4
38.0,117231.97,135.28,19,0,0,293.12
18.0,75954.28,744.03,13,1,0,223.58
23.0,48980.7,137.24,16,1,0,79.24
34.0,75515.77,653.01,21,1,0,217.04
36.0,61197.81,145.11,18,1,0,31.85
21.0,78118.96,251.51,16,1,0,203.42
64.0,84514.19,2042.07,14,0,0,374.86
53.0,100230.77,140.39,19,0,0,269.58
42.0,69392.84,236.1,16,1,0,81.1
36.0,110974.01,179.11,10,1,0,270.18
32.0,92700.57,58.06,9,1,1,415.99
24.0,52314.01,336.57,8,1,1,284.08
36.0,125246.39,237.96,14,1,1,490.1
38.0,78174.86,593.54,16,0,1,347.32
20.0,49121.89,850.76,6,1,1,214.82
39.0,111322.83,392.91,7,0,0,306.26
33.0,121944.44,16.36,15,1,0,285.95
18.0,69174.37,482.38,18,1,1,244.35
25.0,57408.74,28.49,14,0,0,133.34
30.0,65690.63,479.02,14,1,0,56.23
58.0,87868.29,577.64,12,1,0,242.8
42.0,101946.42,110.18,17,1,0,209.09
19.0,84262.18,855.59,12,1,1,462.47
41.0,72543.08,1210.04,17,1,0,251.93
18.0,107450.29,838.56,15,1,0,305.44
48.0,62179.09,182.0,9,1,0,170.6
29.0,95772.98,441.72,13,0,1,348.8
34.0,62798.43,1231.47,15,1,0,304.73
51.0,80775.57,193.32,14,1,0,103.26
20.0,67160.94,857.48,18,1,0,290.9
18.0,68603.7,4.76,16,1,0,155.09
28.0,60565.34,1.83,14,1,0,208.4
47.0,103621.35,712.96,17,1,0,157.18
18.0,51676.85,716.58,14,1,0,75.2
18.0,51494.19,777.89,16,1,0,184.18
30.0,123024.84,1329.82,17,0,0,420.33
42.0,94446.19,62.73,17,0,0,183.42
49.0,20000.0,131.97,11,1,1,143.19
29.0,55868.53,1170.27,13,1,0,301.83
30.0,24700.27,97.54,17,1,0,108.45
49.0,46232.73,573.21,15,1,0,174.95
18.0,20000.0,378.0,17,1,0,98.58
30.0,66575.26,43.43,14,0,0,128.75
37.0,41451.45,167.92,19,1,0,108.93
40.0,71497.63,367.37,16,0,0,146.52
29.0,29371.97,956.46,14,1,0,137.15
35.0,72072.8,614.71,21,1,0,239.33
18.0,59627.09,486.28,22,1,1,238.86
27.0,107548.82,342.62,5,0,0,252.48
40.0,105283.92,177.4,13,1,0,274.77
23.0,89633.64,63.49,14,1,0,226.61
36.0,61834.66,263.03,15,1,0,159.21
40.0,119634.51,14.47,18,0,0,247.27
31.0,31174.12,118.53,11,0,0,123.0
37.0,34911.03,283.24,13,1,1,224.48
23.0,67905.42,271.16,15,1,0,192.98
33.0,126350.95,22.65,13,0,0,219.37
42.0,64941.53,444.65,27,0,0,159.28
37.0,65418.87,398.9,19,1,0,162.37
28.0,33952.24,40.66,18,0,0,33.32
38.0,93648.24,1433.78,14,1,0,377.57
44.0,93829.41,52.34,12,1,0,247.64
18.0,89726.88,964.94,18,1,1,444.48
49.0,54269.48,0.15,14,1,0,81.01
31.0,52332.33,1069.73,9,0,0,251.51
40.0,37671.94,9.96,18,1,0,90.03
49.0,72096.81,709.02,10,1,0,260.47
19.0,42989.82,224.47,20,0,0,124.91
26.0,40564.59,670.12,14,0,1,234.34
32.0,59407.73,256.87,9,1,0,169.87
26.0,57771.1,36.77,13,1,0,198.56
56.0,56550.54,729.45,12,0,0,168.96
25.0,81661.11,36.96,9,0,0,190.36
28.0,71976.2,1276.3,15,0,0,345.65
37.0,62796.1,26.16,14,1,0,109.66
21.0,74575.32,326.31,14,1,0,165.78
30.0,45211.82,641.93,20,0,0,201.31
39.0,72631.97,249.82,8,0,0,133.05
31.0,73765.06,122.46,17,1,1,304.57
34.0,32423.83,711.67,19,1,0,123.53
29.0,94892.34,766.92,17,0,0,302.98
18.0,47964.16,1280.0,25,1,0,162.89
39.0,72257.74,235.93,16,1,0,245.36
56.0,99110.29,352.86,18,1,0,186.65
35.0,93141.92,225.59,14,1,0,267.09
38.0,70858.33,148.58,16,1,0,115.8
43.0,60937.52,695.22,11,1,0,309.81
20.0,93687.8,207.49,24,1,0,206.56
55.0,86867.37,279.44,14,0,0,321.22
37.0,54540.87,258.48,15,0,0,113.99
55.0,50127.66,623.55,11,0,0,168.48
26.0,20000.0,1249.27,20,0,0,235.46
57.0,73850.8,549.44,10,1,0,161.34
44.0,67932.56,318.93,11,1,0,160.8
42.0,98404.78,755.26,14,1,0,319.09
38.0,78976.38,512.18,16,1,0,176.23
32.0,103355.73,31.26,17,1,0,251.93
49.0,52565.89,50.28,15,1,0,138.68
37.0,98453.76,19.33,17,0,0,139.16
18.0,56777.09,305.15,17,1,0,208.46
22.0,89439.9,873.93,10,1,1,349.29
33.0,33531.04,187.77,18,1,0,138.4
39.0,75878.38,242.38,12,1,0,208.42
34.0,20382.8,1201.08,14,0,0,160.12
50.0,63321.56,906.71,18,1,0,176.04
18.0,81008.85,546.88,18,1,0,247.17
37.0,56975.79,155.17,13,0,0,109.84
18.0,43739.06,62.24,13,1,1,250.34
44.0,91152.96,8.09,12,1,1,377.93
34.0,67413.43,56.59,13,1,0,246.59
40.0,57760.73,173.08,16,0,0,164.87
25.0,71047.4,401.25,11,1,0,190.0
50.0,135916.73,33.07,12,0,0,286.3
48.0,98837.57,73.22,10,0,0,216.49
42.0,99064.34,99.88,9,1,0,252.52
33.0,80888.66,499.81,9,1,0,265.59
42.0,74162.13,478.28,21,0,0,265.73
27.0,20000.0,400.11,18,1,0,95.02
45.0,53025.49,144.18,20,0,0,60.31
55.0,57985.64,231.91,12,1,0,144.79
48.0,23127.7,50.84,10,1,0,159.13
26.0,41064.61,128.39,16,1,0,35.14
39.0,20479.09,1139.95,22,1,0,197.91
19.0,69041.9,1948.36,18,1,0,327.39
42.0,90469.15,521.58,12,0,0,214.92
40.0,97669.36,1243.39,15,1,0,359.46
18.0,80369.61,514.65,12,0,1,425.12
21.0,45915.09,16.88,9,1,0,142.54
32.0,21698.37,2866.49,15,1,0,336.92
31.0,26078.28,52.1,19,0,0,4.56
20.0,38275.44,573.86,15,0,0,148.99
40.0,47778.51,145.74,11,0,0,71.52
38.0,66006.29,248.77,19,0,0,153.39
33.0,44645.89,519.14,11,1,0,166.05
26.0,78474.4,286.78,14,0,0,89.6
48.0,64193.16,144.21,8,1,0,246.22
55.0,70263.64,203.57,14,1,0,120.96
29.0,98506.26,208.93,15,1,0,228.61
28.0,40494.21,1601.06,23,0,0,271.79
41.0,80467.61,801.26,20,1,0,316.49
31.0,69650.67,306.75,14,1,0,152.37
33.0,61662.84,111.46,9,1,0,41.01
44.0,92131.41,833.05,13,1,0,345.5
18.0,91975.35,85.5,19,0,0,142.03
51.0,46337.73,118.15,11,1,1,208.89
36.0,65445.99,227.86,15,1,0,194.76
30.0,77030.29,1061.58,15,1,1,217.12
34.0,63174.83,70.66,17,1,0,68.67
35.0,84625.53,65.19,12,1,0,178.73
18.0,77029.8,340.58,14,1,1,186.44
53.0,115814.03,161.77,10,1,0,210.9
35.0,31743.02,420.51,13,1,0,135.68
40.0,66939.1,300.41,17,0,0,175.49
46.0,47287.44,285.43,20,0,0,148.25
23.0,85102.69,59.38,25,1,0,198.6
41.0,29570.7,76.02,12,1,1,55.38
32.0,78657.82,860.4,17,0,0,195.11
45.0,54248.79,1085.26,16,1,0,273.09
18.0,51645.95,133.73,18,1,0,206.88
34.0,33837.54,60.21,19,1,0,37.33
28.0,58373.1,27.45,14,0,0,154.44
40.0,97112.51,468.63,16,1,0,299.44
41.0,69370.28,628.25,14,1,0,235.44
27.0,85692.01,233.25,13,1,0,206.27
26.0,111616.05,569.21,10,1,0,278.12
34.0,76593.89,624.06,13,1,1,436.12
24.0,56030.01,1369.32,11,1,1,363.21
45.0,81681.31,33.54,13,0,0,210.16
31.0,56392.6,106.78,6,1,1,256.29
18.0,57389.43,35.49,16,1,0,95.71
31.0,32002.68,1012.45,12,1,1,248.04
23.0,93156.44,786.52,10,1,0,278.85
18.0,60349.94,427.41,15,0,0,166.43
20.0,74552.46,43.69,13,1,0,193.32
36.0,44100.95,159.63,12,1,1,147.83
51.0,80898.69,176.71,17,1,0,135.23
39.0,50951.47,411.34,16,1,0,186.17
28.0,66457.28,149.23,10,0,0,151.26
40.0,91945.65,37.88,8,1,0,204.43
29.0,89768.98,656.08,16,1,0,166.71
27.0,69449.25,177.68,9,1,0,236.82
21.0,25796.72,301.08,27,0,0,103.9
18.0,144820.26,68.29,21,1,0,339.87
30.0,113646.47,811.13,22,1,0,333.77
37.0,88066.87,416.82,19,1,0,154.02
34.0,51169.91,1159.28,20,0,1,311.47
30.0,67160.2,342.07,13,1,0,162.07
24.0,56414.49,1418.73,19,1,0,218.56
42.0,101596.4,1112.2,13,1,1,481.36
19.0,76562.57,429.55,19,1,0,291.01
44.0,50395.9,1358.24,9,1,0,343.28
23.0,58231.12,195.11,14,1,0,189.08
26.0,98029.7,227.57,11,1,0,245.31
18.0,110002.45,23.27,20,1,0,221.56
29.0,108208.29,444.83,19,1,1,358.89
47.0,88925.8,639.93,17,1,0,244.36
41.0,63684.38,742.55,17,1,0,263.05
47.0,20000.0,81.15,11,0,0,167.27
41.0,77429.0,293.64,19,1,0,155.4
22.0,69954.28,97.32,20,1,0,59.89
31.0,73499.55,542.54,13,0,0,198.71
26.0,71347.43,85.96,13,1,0,220.49
51.0,36843.45,1172.56,18,1,0,308.56
21.0,83935.21,131.09,11,1,0,274.48
46.0,85805.41,172.23,19,1,0,265.1
46.0,87058.47,951.59,15,1,0,246.8
57.0,93664.43,306.68,15,1,0,196.93
30.0,85101.29,12.14,16,1,0,123.23
44.0,59749.26,341.19,13,0,0,144.34
62.0,68229.08,44.17,20,1,0,196.58
28.0,72278.12,2111.48,17,0,0,452.93
18.0,72692.49,443.5,18,0,0,221.01
18.0,94955.44,148.22,12,1,0,217.98
44.0,86091.72,414.73,17,0,0,176.32
18.0,121933.59,39.99,17,1,0,258.24
31.0,125161.72,804.45,11,1,1,516.32
40.0,71991.24,1297.33,13,0,1,313.93
37.0,20000.0,1037.5,15,1,0,209.82
40.0,100920.81,209.09,22,1,0,207.56
38.0,56490.59,197.09,14,1,0,197.76
50.0,49962.9,17.86,18,1,0,115.17
24.0,60038.87,526.92,17,1,0,203.63
27.0,58833.92,382.76,20,1,0,130.85
26.0,85306.75,307.49,23,1,0,188.13
45.0,31014.11,1190.98,15,1,0,233.23
46.0,43056.98,91.89,16,1,0,106.73
40.0,78578.96,4.86,27,1,0,98.39
49.0,85573.6,38.07,12,1,0,206.53
21.0,86038.54,126.4,15,1,0,224.0
55.0,50324.09,16.93,14,1,1,253.31
53.0,45543.36,349.43,15,0,0,203.66
44.0,57334.13,188.5,21,1,0,138.29
56.0,75996.82,99.52,14,1,0,156.58
18.0,107136.93,693.32,21,0,0,280.19
29.0,20000.0,114.36,12,1,0,51.25
26.0,64481.78,581.74,11,1,0,240.45
44.0,36683.04,214.83,12,1,0,172.93
22.0,28693.93,358.54,18,1,0,169.23
44.0,94173.92,1358.04,18,1,0,317.54
51.0,83615.61,19.03,15,0,0,163.53
43.0,81235.84,346.84,16,1,0,194.14
38.0,93025.65,963.52,17,1,0,201.8
23.0,58007.03,443.33,14,0,0,122.21
25.0,59184.06,162.08,12,1,1,243.11
50.0,124643.27,253.48,10,1,0,323.6
44.0,63835.72,570.13,15,1,0,229.24
35.0,88378.3,1107.34,14,1,0,270.47
30.0,70159.54,20.97,5,0,0,157.86
18.0,23793.54,37.11,13,1,0,61.82
22.0,20000.0,196.56,20,0,0,50.6
58.0,55525.39,132.49,17,1,0,174.7
20.0,96402.53,153.9,15,0,0,162.79
37.0,89707.29,125.05,17,1,0,150.45
47.0,92851.93,108.97,11,0,0,209.68
20.0,45323.85,69.99,16,1,0,47.37
37.0,110396.81,1358.7,14,0,1,412.93
46.0,45877.67,77.85,12,1,0,50.87
35.0,75320.61,114.33,17,1,0,165.94
69.0,69741.19,141.36,13,1,0,209.14
18.0,65653.15,1351.64,11,1,0,327.04
48.0,103464.8,704.71,10,1,0,386.8
33.0,52372.24,779.61,18,1,0,201.79
44.0,36259.87,55.33,12,1,0,115.86
40.0,70499.89,904.89,15,0,0,238.97
26.0,60004.33,262.29,14,1,0,158.15
38.0,154434.57,152.46,7,1,0,464.14
18.0,86912.69,428.72,18,1,1,359.18
42.0,59766.49,863.5,11,1,0,251.3
39.0,43597.21,754.01,13,0,0,129.34
43.0,22992.79,1103.63,13,1,0,200.87
48.0,44369.52,1316.46,14,1,0,275.3
39.0,72873.54,135.98,8,1,0,248.86
37.0,105683.22,275.7,14,1,0,292.44
24.0,98042.23,7.37,12,1,0,216.48
26.0,75727.37,1057.31,14,1,0,270.71
49.0,61920.81,83.96,12,1,0,154.63
52.0,76720.31,988.35,20,1,0,267.64
32.0,57034.05,199.78,14,1,0,219.43
36.0,112959.1,229.54,9,1,0,334.5
24.0,65270.25,19.96,18,1,1,274.88
49.0,67841.55,197.91,7,0,0,292.94
43.0,20000.0,1096.25,15,0,0,36.81
58.0,65114.13,12.94,14,0,0,130.52
24.0,90912.1,260.71,14,0,0,229.33
30.0,43306.94,15.95,10,1,1,150.17
38.0,51231.99,231.75,17,1,0,95.15
43.0,89817.78,94.76,15,1,0,123.25
32.0,33083.57,145.32,15,1,0,85.13
25.0,96445.03,1050.22,16,0,0,360.61
46.0,56696.4,286.39,10,1,0,210.73
44.0,60285.79,159.96,12,1,0,124.96
24.0,41903.04,444.99,13,1,0,163.32
51.0,79451.16,76.64,16,1,0,252.45
49.0,131496.8,150.14,15,1,0,222.0
37.0,89537.43,395.1,15,1,0,230.64
36.0,48392.87,135.59,11,0,0,152.67
42.0,98390.51,568.36,13,1,0,278.12
25.0,62083.01,338.14,13,1,0,224.51
35.0,104362.12,739.18,12,1,0,233.75
18.0,90166.91,1480.61,14,1,1,418.77
46.0,20000.0,61.54,15,1,0,100.26
18.0,44898.01,203.73,12,1,0,51.06
53.0,93609.63,192.5,16,1,0,265.06
31.0,73791.43,81.96,12,1,0,204.27
32.0,44406.1,831.16,8,1,0,243.02
27.0,54160.26,713.31,14,1,0,178.19
32.0,22344.08,331.24,24,0,0,105.3
52.0,67790.67,385.85,16,1,0,133.55
18.0,125267.24,30.7,9,1,0,264.88
50.0,90123.33,405.41,18,0,0,236.6
39.0,124760.43,783.53,14,1,0,304.94
21.0,92059.93,426.46,18,1,0,251.67
22.0,95686.98,154.15,19,1,1,283.72
55.0,119351.97,550.63,13,0,0,331.2
24.0,79431.58,224.31,15,0,0,288.39
21.0,65319.32,393.59,14,1,0,129.16
49.0,95816.44,334.29,13,1,0,247.93
39.0,106346.01,239.97,15,1,0,175.79
24.0,58000.88,634.48,15,0,0,157.8
38.0,51960.77,1076.55,16,1,0,264.67
23.0,73471.4,2.61,14,0,0,147.67
48.0,90787.47,1356.15,8,1,0,388.31
48.0,89952.28,358.22,10,1,0,263.52
41.0,34395.81,603.21,11,1,0,153.89
39.0,117790.15,967.67,17,0,0,296.88
56.0,53970.88,314.71,16,1,0,191.69
35.0,63373.38,900.83,11,1,0,260.04
21.0,47433.64,97.78,12,1,0,54.24
40.0,137458.22,86.68,16,1,0,253.36
60.0,76051.77,535.7,13,0,0,91.22
23.0,48725.62,1020.66,19,1,0,143.24
31.0,91598.09,1114.79,10,1,0,309.01
40.0,89228.39,516.05,17,1,1,300.0
34.0,65306.82,372.74,18,1,0,140.3
23.0,91015.17,201.28,14,0,1,410.6
48.0,49367.7,1956.02,12,1,1,434.41
63.0,57677.04,192.61,12,0,0,125.88
37.0,20000.0,681.65,13,1,0,171.84
24.0,36901.22,379.62,11,1,0,200.51
18.0,115190.77,468.9,11,1,0,336.2
38.0,111035.72,250.01,18,0,0,276.02
48.0,71644.72,1673.68,15,1,1,470.6
41.0,111573.29,423.95,17,1,0,320.02
35.0,65998.14,1388.6,13,0,1,320.21
28.0,63914.74,3.81,22,0,0,124.76
22.0,71412.77,425.1,14,1,0,179.73
45.0,66876.96,631.48,8,1,0,288.53
46.0,64620.09,683.4,11,1,0,196.56
18.0,98584.95,1176.82,14,1,1,426.33
54.0,73753.39,2.21,17,1,0,215.06
42.0,87812.04,0.17,16,0,0,206.62
52.0,95784.51,319.58,17,1,0,345.12
19.0,79704.64,14.87,18,1,0,131.78
19.0,45743.22,1835.18,18,0,0,263.06
33.0,36178.35,125.56,16,1,0,159.01
41.0,73719.52,319.96,19,1,0,127.48
57.0,65718.59,31.54,17,0,0,216.58
43.0,72184.79,369.12,16,0,0,138.91
32.0,69598.65,238.98,22,1,0,199.61
23.0,134589.34,22.84,12,1,0,205.31
50.0,36744.34,204.08,18,1,0,110.15
23.0,20251.34,248.33,17,1,1,58.9
55.0,78309.42,2298.67,16,1,1,589.34
32.0,60589.44,116.52,11,1,0,107.25
54.0,77901.7,393.49,19,0,0,165.71
43.0,84597.08,2183.69,13,0,0,438.33
33.0,102102.62,785.15,19,0,0,264.67
29.0,32319.35,2507.89,13,1,1,429.86
31.0,56082.05,1725.69,15,1,0,269.19
40.0,80719.03,336.22,18,0,0,169.66
36.0,89261.59,595.98,17,0,0,252.74
28.0,124836.24,58.52,12,0,0,220.68
33.0,93892.6,290.94,21,0,0,244.7
36.0,68580.29,827.79,17,0,1,367.91
18.0,47739.11,351.94,19,1,0,170.32
40.0,55892.75,606.51,12,1,0,230.6
23.0,55182.43,684.72,9,1,1,195.65
21.0,86380.84,146.16,19,1,0,176.3
18.0,76424.94,1042.53,11,1,0,273.75
18.0,36908.76,307.93,16,0,0,195.33
19.0,59102.46,117.98,13,1,0,124.94
26.0,91938.69,1002.78,16,0,0,187.07
58.0,78791.56,270.49,12,1,0,160.43
29.0,84216.12,693.77,8,1,0,238.75
37.0,79573.04,397.07,13,0,0,115.03
40.0,110660.77,240.53,15,1,0,313.81
37.0,75901.08,830.04,18,1,0,170.33
34.0,60349.43,439.1,22,1,0,192.91
21.0,47106.12,247.61,15,0,0,84.35
52.0,76240.24,58.04,13,0,0,257.63
57.0,20000.0,1129.02,12,0,0,165.09
18.0,65392.77,18.06,18,0,0,122.64
23.0,64854.0,994.57,17,0,0,271.58
32.0,35888.23,223.11,16,1,1,119.29
23.0,46793.35,509.91,16,1,0,191.35
41.0,90241.44,1276.81,17,1,0,300.08
26.0,75767.79,82.26,14,1,0,152.03
61.0,72544.71,418.45,10,0,0,212.56
49.0,77658.69,722.88,12,1,0,199.12
38.0,72315.69,708.55,9,1,0,237.94
47.0,101071.56,372.89,16,1,0,274.41
48.0,73085.73,490.07,11,1,0,107.74
28.0,33544.67,708.43,13,1,0,216.5
25.0,110753.25,919.51,20,1,0,364.26
36.0,79258.51,717.35,13,0,0,161.52
45.0,55268.66,218.48,11,1,0,59.86
37.0,38664.96,2860.93,15,0,0,425.52
18.0,79897.86,285.02,12,1,0,252.52
25.0,67070.7,12.38,15,1,0,186.53
34.0,109353.67,225.19,20,1,0,179.88
34.0,61352.32,68.36,16,1,0,238.97
59.0,49065.48,64.74,14,1,0,88.85
18.0,92394.91,165.32,21,1,0,221.3
41.0,93132.05,27.43,12,1,1,337.69
53.0,74216.28,583.2,22,0,0,292.4
62.0,86908.93,38.43,16,1,0,201.92
30.0,69057.82,113.63,14,1,0,192.27
41.0,75846.63,48.75,23,1,0,156.71
42.0,99124.77,32.63,10,1,0,171.68
37.0,85632.96,155.82,13,1,0,94.91
34.0,65768.14,424.2,14,0,0,197.59
40.0,103809.06,1671.73,18,1,1,439.37
18.0,20000.0,1041.95,13,0,0,185.7
43.0,121301.83,1043.47,20,1,0,364.39
37.0,27351.02,96.83,13,1,1,141.2
32.0,54322.68,153.88,8,0,0,105.39
60.0,68977.06,39.73,14,1,0,215.75
27.0,66337.98,753.59,11,0,0,259.77
30.0,95160.28,36.19,30,1,1,242.43
59.0,43554.08,406.75,11,1,0,259.21
25.0,76519.17,142.43,15,1,0,176.74
28.0,55544.7,139.49,11,0,0,86.32
33.0,77378.52,2340.22,14,1,0,372.86
45.0,68380.69,706.89,25,1,0,132.01
37.0,72323.39,906.82,14,0,0,325.3
19.0,56251.88,424.3,17,1,0,224.96
29.0,57248.4,1024.03,13,1,1,358.31
28.0,77181.81,518.51,17,0,0,249.77
34.0,93592.89,1461.0,15,1,0,415.7
40.0,55043.02,165.18,15,1,0,134.5
40.0,48280.81,452.33,15,0,0,182.93
18.0,85336.5,585.8,17,1,0,204.66
48.0,69187.4,249.56,16,1,0,173.66
38.0,90762.45,1058.92,16,1,0,327.92
52.0,47355.07,1951.11,14,0,0,157.76
40.0,25514.03,340.38,9,1,1,128.93
48.0,56674.9,247.67,14,1,0,168.37
41.0,50841.18,319.27,12,1,0,155.73
51.0,68030.29,957.77,12,1,1,315.17
41.0,54078.87,518.48,19,1,0,201.46
34.0,88525.42,22.9,14,1,1,275.07
62.0,62796.24,390.63,9,1,0,135.56
46.0,73761.86,8.73,14,1,0,229.58
42.0,73940.86,753.75,12,1,0,301.39
20.0,74873.88,198.98,20,1,0,149.69
20.0,69396.77,319.34,19,1,0,179.29
39.0,82765.02,801.43,16,1,0,305.97
37.0,50108.62,23.78,21,1,0,112.8
28.0,104985.45,86.31,13,1,0,269.11
37.0,64086.57,253.72,17,1,0,193.32
54.0,37211.27,130.63,10,1,0,101.53
43.0,74701.83,206.17,14,0,0,217.82
21.0,48720.49,3153.02,22,1,0,370.5
34.0,86633.36,872.67,18,1,0,294.25
25.0,125240.14,1076.66,9,0,0,386.44
30.0,50335.7,1382.74,10,1,0,250.91
30.0,78309.31,208.47,15,0,0,135.13
29.0,26112.36,176.25,12,0,0,102.43
20.0,81347.63,133.33,12,1,1,312.83
33.0,47857.16,886.32,20,0,0,152.36
28.0,54379.13,569.02,13,1,0,109.82
18.0,42467.84,134.71,18,1,0,30.18
60.0,88303.78,236.6,15,1,0,207.56
48.0,95182.61,353.33,9,1,0,273.02
30.0,70584.63,375.54,16,1,0,289.22
35.0,48389.33,1097.89,24,1,0,206.31
21.0,109738.08,239.47,14,0,0,184.15
55.0,51239.75,1195.84,15,1,0,231.72
58.0,20000.0,291.13,8,1,0,165.68
37.0,81459.73,685.94,20,1,0,207.37
47.0,42380.63,1331.45,14,1,0,295.84
37.0,94715.22,1190.68,14,1,1,452.95
19.0,60471.56,29.32,14,0,0,178.22
30.0,85092.83,115.15,19,1,0,286.64
37.0,105037.51,324.0,15,1,1,294.86
30.0,39778.53,282.42,13,1,0,176.62
32.0,55851.57,512.07,12,1,0,184.17
34.0,68108.22,1447.57,10,1,0,263.51
34.0,108438.78,59.62,21,1,0,225.81
36.0,53540.43,300.61,16,1,0,239.69
22.0,55137.41,106.85,10,1,0,217.71
26.0,81953.51,1122.67,10,0,0,206.14
20.0,55569.28,1670.24,15,0,0,259.67
47.0,73813.15,325.72,14,1,0,249.34
18.0,31211.56,54.91,12,0,0,92.83
49.0,125358.25,769.24,18,0,0,340.74
52.0,36307.27,597.24,21,1,0,61.92
31.0,61956.18,219.0,15,1,0,128.54
18.0,69187.97,1091.99,22,1,1,283.35
31.0,117817.2,1861.36,19,1,0,351.1
34.0,36878.86,408.06,19,1,0,63.68
23.0,119592.6,417.04,17,1,0,250.48
29.0,88929.42,176.56,20,1,0,167.46
53.0,80427.38,439.14,11,1,0,190.66
43.0,45384.16,289.59,16,1,0,188.75
24.0,84278.53,179.9,14,1,0,163.19
18.0,51912.83,34.77,19,1,0,190.61
31.0,101666.53,145.65,15,1,0,213.7
32.0,45723.45,110.23,18,1,0,138.43
41.0,67171.04,390.49,21,0,0,204.95
29.0,56118.17,460.24,18,1,0,127.37
41.0,45311.93,468.98,18,1,0,135.12
58.0,88533.0,245.66,12,1,0,202.48
45.0,83386.47,273.42,20,1,0,222.74
34.0,100225.25,898.6,17,1,0,299.87
33.0,25503.12,323.35,21,1,0,53.92
31.0,96604.27,2202.07,21,1,1,546.11
49.0,132636.22,289.57,18,1,0,325.21
27.0,58708.97,524.31,15,1,0,282.35
36.0,117378.72,25.84,22,1,0,246.75
36.0,63420.97,529.71,22,0,0,186.31
29.0,35689.76,953.34,19,1,0,200.13
19.0,62359.19,1427.62,16,1,0,238.01
39.0,96205.1,2961.08,12,0,1,542.51
34.0,49045.59,165.77,18,0,0,113.06
41.0,54991.53,428.27,15,1,0,226.41
29.0,84838.49,299.57,8,1,0,295.31
50.0,70076.5,414.85,18,1,0,101.67
24.0,84615.57,85.66,18,1,0,225.1
56.0,75945.74,969.49,19,1,0,151.6
18.0,81990.63,1201.58,19,0,0,319.1
40.0,59192.47,298.61,14,1,0,190.21
41.0,75793.27,164.55,20,0,0,91.84
25.0,46815.67,75.9,12,1,0,177.22
40.0,102210.84,575.63,16,0,0,367.18
50.0,54143.13,187.15,17,1,0,139.88
18.0,98221.19,1201.42,13,1,0,347.63
41.0,64159.83,555.87,15,0,0,277.86
18.0,75049.98,518.78,9,1,0,177.66
23.0,57625.89,409.81,12,1,0,127.18
55.0,44600.11,23.43,17,1,0,65.57
28.0,26380.99,1343.55,17,1,0,204.97
21.0,43616.9,494.35,17,1,0,154.39
33.0,61902.28,2563.19,20,1,0,362.46
60.0,75296.98,385.4,16,0,0,192.11
18.0,95259.48,619.13,14,1,1,371.21
22.0,58856.06,28.93,21,1,0,104.01
53.0,47950.98,499.48,15,1,1,186.39
57.0,33932.13,723.34,24,0,0,104.18
34.0,82001.59,753.7,26,1,0,137.33
20.0,104579.86,735.08,17,1,0,287.48
60.0,101658.26,128.27,18,1,0,132.36
54.0,87748.32,1852.47,9,1,1,528.45
43.0,85963.58,2667.71,12,1,0,436.7
25.0,112440.59,39.3,17,1,0,238.84
34.0,78302.04,1377.94,15,1,0,295.74
33.0,86153.24,170.86,16,1,0,195.19
39.0,61980.4,584.44,20,0,0,255.57
52.0,35948.92,206.33,11,1,0,52.96
46.0,52903.78,1717.19,8,1,0,230.36
22.0,69771.02,53.52,7,1,1,283.1
52.0,71519.63,344.33,12,1,0,178.68
39.0,118157.15,279.35,17,1,0,298.23
43.0,72031.93,197.28,13,1,0,223.62
53.0,99471.09,518.57,14,1,0,217.48
22.0,59123.07,70.24,15,1,0,175.44
35.0,62208.1,630.56,11,1,0,164.37
29.0,36774.81,1971.04,10,1,1,364.35
18.0,51441.8,816.25,14,1,1,224.6
39.0,83174.53,983.12,11,1,0,299.27
65.0,70189.0,222.86,19,0,0,173.62
18.0,93573.47,196.44,14,1,0,173.64
35.0,74531.35,363.92,16,1,0,135.53
43.0,61188.66,23.4,15,0,0,182.25
36.0,123707.42,1453.48,16,0,0,388.11
34.0,67652.41,77.62,14,1,0,215.67
19.0,99075.02,1166.59,17,1,0,303.64
38.0,59969.77,43.64,15,0,0,209.41
26.0,87739.99,864.74,15,0,0,234.53
18.0,93200.39,82.42,12,0,0,294.28
49.0,75212.3,19.44,14,1,0,183.09
47.0,20000.0,635.57,13,1,0,147.55
36.0,70456.31,164.44,17,1,0,123.16
38.0,100761.5,626.75,16,0,0,318.66
48.0,83187.02,404.94,18,0,0,259.06
38.0,81145.97,57.6,16,0,0,169.83
46.0,26943.58,1345.08,13,1,0,105.7
31.0,51988.62,301.03,11,1,0,106.41
51.0,80283.94,662.97,16,1,0,189.19
39.0,80259.58,347.6,13,0,0,241.75
37.0,100366.67,463.63,23,1,0,227.84
20.0,66378.33,180.32,10,0,0,158.51
38.0,80145.6,111.8,15,1,0,163.16
25.0,70409.36,391.07,13,1,0,277.39
27.0,45326.43,290.1,16,0,0,139.93
25.0,20000.0,247.24,18,1,0,88.61
22.0,80775.24,558.24,16,1,0,204.4
60.0,74348.68,586.41,13,0,0,229.86
51.0,54545.62,23.5,10,1,0,92.66
58.0,29520.67,206.81,17,0,0,112.91
20.0,85743.49,265.31,9,1,0,172.69
36.0,63352.0,50.96,10,0,0,199.01
19.0,83921.87,134.53,14,1,0,166.55
27.0,116601.21,26.51,18,1,0,297.27
24.0,20000.0,2791.95,11,1,1,488.07
50.0,52509.98,666.96,16,1,0,189.77
30.0,64765.61,45.76,19,1,0,211.69
48.0,106370.65,10.23,19,0,0,263.34
42.0,29089.92,635.21,17,0,0,66.06
63.0,118396.53,289.19,12,0,0,297.26
18.0,73396.4,772.75,12,1,0,275.13
50.0,67599.98,1285.08,21,1,1,381.64
49.0,65048.51,457.27,19,1,1,274.9
23.0,59093.42,103.58,10,0,0,166.81
47.0,96202.92,762.08,14,1,0,290.87
39.0,43286.98,1559.65,18,1,1,324.47
32.0,78635.35,434.03,10,1,0,169.49
25.0,60395.46,572.85,18,1,0,180.27
26.0,50946.66,205.85,12,0,0,75.83
60.0,134649.38,240.25,22,1,0,274.44
35.0,80476.27,663.36,18,0,0,211.75
44.0,85331.64,1313.96,12,1,1,395.96
26.0,98444.42,495.76,15,0,0,213.86
26.0,34466.25,779.96,14,1,0,182.39
48.0,113807.3,94.15,11,1,1,376.44
19.0,20000.0,119.1,19,1,0,42.89
30.0,50780.84,379.68,13,1,0,93.15
35.0,58524.21,97.13,18,1,0,125.87
36.0,84543.08,503.92,12,1,0,302.76
33.0,75467.96,172.41,17,1,0,242.22
40.0,65829.63,783.99,16,1,0,246.73
43.0,69700.07,825.42,14,1,0,229.18
44.0,45549.42,311.61,16,1,1,229.35
23.0,32569.19,99.72,17,0,0,57.74
32.0,88162.79,520.32,17,0,0,229.4
49.0,87342.65,2465.94,10,1,0,414.15
46.0,109612.36,487.21,16,1,0,331.36
19.0,50249.57,18.22,17,1,0,157.32
39.0,87320.38,8.72,12,1,0,199.78
18.0,62907.33,193.1,15,0,0,251.69
36.0,99761.87,108.94,14,1,0,253.04
58.0,95549.07,838.46,14,1,0,314.76
24.0,75280.23,931.54,4,1,0,298.17
25.0,61511.75,149.62,13,0,0,98.87
44.0,94023.3,197.0,18,1,0,177.03
18.0,86172.61,134.76,12,0,0,209.09
27.0,52888.99,1195.07,13,0,1,323.65
42.0,36805.03,349.23,13,1,0,162.02
27.0,62786.68,533.76,16,1,0,163.56
32.0,107885.35,268.48,16,1,0,264.15
44.0,98662.18,498.5,16,1,0,269.6
40.0,42191.81,243.76,19,1,0,127.17
38.0,40806.06,207.51,12,1,0,129.18
31.0,101867.1,503.22,15,1,0,203.86
39.0,41609.1,447.1,14,1,1,96.26
34.0,82732.38,173.74,12,0,0,161.75
40.0,54598.22,80.88,20,0,0,100.73
29.0,110426.12,229.89,16,1,0,202.92
33.0,50739.38,268.24,15,1,0,145.52
23.0,98584.04,495.35,11,1,1,453.73
35.0,74621.47,1229.79,10,0,1,433.35
25.0,76304.87,18.43,12,0,0,203.77
22.0,20742.29,139.63,16,1,0,122.71
38.0,20000.0,107.66,6,1,0,42.53
38.0,64485.85,348.87,16,1,0,159.02
44.0,76172.65,280.8,12,1,0,237.17
30.0,41870.05,652.89,15,1,1,209.76
40.0,42782.66,138.81,14,1,0,100.46
42.0,84036.82,451.32,10,0,0,336.33
40.0,84071.36,1076.47,13,1,1,405.96
25.0,66556.47,1207.75,22,0,0,348.07
37.0,89505.04,1594.47,11,1,0,275.29
39.0,40644.94,741.98,18,1,0,137.94
35.0,61101.63,1182.17,16,0,0,278.86
18.0,111196.94,133.63,17,0,0,256.44
37.0,71708.05,110.06,13,0,1,166.39
62.0,73157.81,3.25,17,0,0,151.16
31.0,127648.66,613.53,17,0,1,606.11
26.0,35016.45,1386.03,13,1,1,304.37
39.0,89910.76,103.47,15,0,0,240.39
39.0,111599.66,506.6,12,0,0,267.66
49.0,61878.55,686.12,20,1,0,214.53
20.0,91490.77,1312.87,21,1,0,321.65
44.0,45449.51,520.45,15,0,1,279.95
42.0,52831.69,1758.2,21,0,0,343.83
33.0,79624.16,211.31,22,1,0,206.76
39.0,89964.17,215.34,11,0,0,233.01
47.0,98023.41,391.55,15,0,0,171.25
45.0,109240.71,241.85,22,1,0,162.97
21.0,68313.84,0.71,14,0,0,162.79
45.0,99840.29,657.96,12,1,0,335.21
34.0,61442.38,696.59,19,1,0,271.13
36.0,92552.28,687.13,20,1,0,219.33
36.0,75187.22,211.58,14,0,0,118.07
33.0,81141.95,369.38,9,1,0,277.87
49.0,80587.7,223.12,14,0,0,164.75
34.0,29882.37,8.08,13,1,0,5.72
22.0,41896.95,413.28,12,0,0,126.44
30.0,72563.54,66.06,15,0,0,146.18
37.0,27818.02,41.71,16,0,0,143.82
50.0,90780.28,704.27,14,0,0,317.27
42.0,91788.9,4.78,18,0,0,161.19
25.0,78179.26,1597.19,11,1,1,517.26
65.0,41971.65,362.07,14,1,1,195.46
38.0,104503.47,2037.75,15,1,1,608.74
50.0,120930.27,29.87,13,0,0,335.21
33.0,73676.92,437.97,13,1,0,202.02
41.0,82763.38,214.87,16,1,0,233.58
45.0,75043.47,927.29,18,0,0,236.48
50.0,83259.23,224.1,19,0,1,343.38
48.0,67011.03,150.88,15,0,0,173.62
45.0,69135.89,974.39,11,1,0,311.73
31.0,92642.94,234.72,16,1,0,303.0
28.0,128640.6,8.49,14,1,0,307.49
39.0,34998.22,247.39,12,1,1,169.06
46.0,67404.69,531.41,7,1,0,220.11
32.0,40488.49,146.76,18,1,0,-38.2
48.0,109800.62,282.81,10,1,0,242.24
52.0,55306.55,29.19,14,1,0,182.16
24.0,33919.98,443.48,19,1,0,172.68
25.0,85954.67,705.9,7,1,1,352.75
33.0,113607.78,266.63,12,0,0,288.11
39.0,86589.95,272.56,17,0,1,311.72
29.0,75119.95,46.21,15,0,0,209.34
51.0,80228.52,112.79,18,1,0,296.17
40.0,105371.02,84.02,22,0,0,260.57
35.0,48145.02,328.59,14,0,0,117.64
18.0,67203.82,376.72,13,1,0,192.16
19.0,58682.75,1487.38,12,1,0,362.2
38.0,40803.37,38.03,16,1,0,32.98
18.0,61790.62,457.98,22,0,1,234.92
47.0,97693.03,373.8,19,1,0,280.26
33.0,84165.05,363.08,19,0,0,281.35
74.0,86107.76,1032.41,17,1,0,321.91
63.0,73661.89,115.05,15,0,0,148.49
33.0,83083.09,20.81,16,0,0,213.07
34.0,49985.24,557.78,14,0,0,198.46
47.0,62262.25,211.68,15,1,1,259.52
55.0,74800.11,8.87,24,1,0,147.63
18.0,76937.9,144.76,20,0,0,181.0
18.0,78004.7,185.04,16,0,0,147.14
28.0,66541.62,479.65,10,1,0,335.06
42.0,60564.41,94.72,14,0,0,160.45
41.0,148944.28,266.41,15,1,0,371.96
48.0,92669.68,329.35,27,1,0,203.38
21.0,80328.69,307.39,14,1,0,255.66
18.0,64169.79,1823.69,13,0,1,362.46
45.0,58719.53,23.29,18,1,0,46.49
25.0,66729.99,1507.64,14,0,1,396.4
18.0,77320.72,436.06,14,1,0,322.95
37.0,22989.11,794.15,18,0,0,199.81
45.0,30765.26,281.4,23,0,0,53.25
34.0,54077.94,302.42,8,1,0,198.2
30.0,75178.49,1057.33,14,1,0,246.29
33.0,64018.17,1131.37,12,1,0,288.49
31.0,106953.03,136.36,23,0,0,256.76
19.0,32940.08,111.1,16,1,0,141.31
26.0,51216.36,342.82,18,1,0,72.43
41.0,108002.29,1152.68,14,1,0,289.99
39.0,73277.98,194.57,14,1,0,184.23
37.0,92121.06,527.8,17,1,1,312.51
23.0,121281.17,615.76,22,0,0,254.65
33.0,52654.89,754.06,16,1,0,212.31
18.0,67517.14,414.97,8,1,0,164.73
37.0,63189.33,257.46,15,0,0,285.01
52.0,21135.17,1705.87,17,1,1,234.76
18.0,62240.08,472.51,11,1,0,186.22
28.0,92026.55,652.02,16,0,0,282.13
39.0,83514.74,211.55,6,1,0,150.79
50.0,85477.08,554.25,13,1,0,275.8
30.0,60612.28,149.07,7,1,1,272.51
27.0,53597.57,140.58,13,1,0,127.79
18.0,101731.39,627.15,23,1,0,283.87
36.0,57567.07,368.44,15,0,0,193.39
60.0,77352.05,574.86,10,1,0,313.95
38.0,74083.37,156.97,14,0,0,310.88
35.0,106542.93,456.55,8,1,0,239.67
39.0,94285.31,293.43,11,0,1,293.4
35.0,37618.53,454.36,16,0,0,143.81
25.0,40311.17,171.87,14,0,0,15.86
45.0,84472.75,628.42,18,1,0,278.26
38.0,68391.56,819.77,13,1,0,248.41
35.0,58620.71,150.5,16,1,0,168.66
23.0,95390.7,178.78,13,0,0,217.48
51.0,74686.48,541.11,11,0,0,244.23
43.0,71311.43,594.68,13,1,0,249.7
28.0,89495.72,608.87,13,0,0,273.88
47.0,60622.28,573.95,22,0,0,117.38
29.0,109212.97,249.45,18,1,0,265.97
26.0,50298.81,251.14,19,1,0,230.41
26.0,86423.23,147.06,8,0,1,344.58
18.0,105845.82,85.3,20,1,0,237.07
41.0,35567.61,589.77,16,0,0,226.11
18.0,61416.62,48.91,12,0,0,116.44
20.0,98555.18,1388.64,17,1,0,396.46
18.0,98931.11,876.33,20,1,0,268.99
34.0,65712.61,974.23,9,1,0,315.18
33.0,51633.22,1185.8,24,0,0,263.75
31.0,93898.4,262.64,17,1,0,209.45
22.0,99588.73,937.68,10,1,1,435.49
21.0,40883.42,86.02,22,0,0,145.26
41.0,39902.16,10.94,13,1,0,12.13
28.0,75631.42,768.31,15,1,0,226.0
39.0,85734.02,38.87,20,1,0,216.38
24.0,62523.27,2233.78,17,1,0,349.02
37.0,86982.35,561.65,15,1,0,256.87
51.0,52246.58,700.09,8,1,0,106.45
42.0,20000.0,141.05,12,0,0,37.38
30.0,59402.47,560.22,18,1,0,222.8
38.0,71580.8,22.09,15,1,0,127.82
32.0,63104.0,909.54,16,1,0,170.04
35.0,41034.92,92.94,15,1,0,164.44
31.0,24608.78,597.6,16,1,0,152.76
33.0,57147.78,127.11,13,1,0,96.58
38.0,92441.39,35.45,12,0,0,221.35
23.0,101404.94,328.4,12,1,0,208.85
23.0,99692.83,92.73,17,1,0,217.04
18.0,49602.26,653.64,17,1,0,189.37
18.0,41157.34,135.62,14,1,0,77.45
20.0,82415.87,209.63,6,1,0,260.91
37.0,85877.5,419.02,24,1,0,260.52
24.0,80004.24,167.71,16,1,0,207.96
41.0,20000.0,237.4,12,1,0,110.44
35.0,48327.89,845.38,10,1,0,138.55
18.0,69257.78,98.74,8,1,0,250.5
43.0,82180.45,42.89,20,1,0,174.08
45.0,89182.68,199.01,19,1,1,267.82
23.0,73606.34,276.15,15,0,0,202.12
40.0,78269.6,391.16,22,0,0,238.93
25.0,72121.64,232.95,17,0,0,209.16
36.0,87140.48,780.11,14,1,1,326.61
20.0,77821.64,20.06,14,1,0,217.53
18.0,71643.44,282.61,13,1,0,192.52
30.0,63290.78,240.84,13,0,0,199.73
34.0,72032.29,521.46,21,1,0,164.13
30.0,82114.78,1694.78,16,1,0,404.0
21.0,76686.88,357.06,15,1,0,218.22
30.0,79520.66,2166.69,16,1,0,453.15
38.0,103568.05,179.95,16,1,0,166.39
34.0,76629.1,15.68,16,1,0,102.75
37.0,53775.04,90.56,19,1,0,116.6
27.0,92090.17,251.37,18,0,0,296.7
49.0,35845.04,190.14,10,0,0,218.84
21.0,42964.67,51.05,13,1,1,140.63
41.0,78396.18,283.4,16,1,0,205.78
49.0,82909.92,206.33,17,1,0,210.21
41.0,38873.72,65.41,18,1,0,134.2
33.0,60429.56,175.57,12,1,0,208.66
29.0,54847.9,1087.69,10,1,0,192.75
47.0,57833.09,179.8,7,0,0,172.88
18.0,93589.94,625.8,17,1,0,165.33
23.0,87662.64,473.44,16,1,0,281.21
30.0,69521.95,278.59,21,1,0,157.97
50.0,56350.95,136.58,9,1,1,167.02
40.0,36258.76,230.24,19,0,1,178.15
23.0,105504.62,448.38,11,1,0,265.35
31.0,84802.85,215.97,15,1,0,274.28
28.0,52333.27,120.97,13,1,0,96.13
26.0,87989.99,61.91,13,1,0,317.32
47.0,68244.41,1059.16,13,1,0,309.13
19.0,62822.26,290.19,17,1,1,326.1
54.0,80880.29,490.69,9,1,0,191.39
45.0,51462.54,337.07,17,1,0,242.06
48.0,61406.09,1030.08,11,0,1,268.05
29.0,73036.53,395.86,14,1,0,197.17
33.0,57513.72,327.72,9,1,0,245.03
18.0,86727.13,1292.48,13,0,0,352.04
29.0,116726.66,635.93,19,1,0,247.09
41.0,51142.55,59.14,16,0,0,182.97
51.0,28371.87,97.83,15,1,1,144.12
22.0,20000.0,773.52,15,0,0,116.54
31.0,66238.3,903.49,12,1,1,260.16
33.0,53420.89,393.94,10,0,0,197.97
18.0,75196.51,404.23,14,1,0,204.64
42.0,73314.94,499.75,27,1,0,200.42
26.0,29919.58,289.12,21,1,0,17.49
33.0,24627.9,570.03,15,0,0,105.33
30.0,77398.33,57.41,15,1,0,204.55
26.0,73385.72,1625.69,13,0,0,427.16
35.0,59354.55,693.46,13,1,0,201.79
32.0,28571.41,498.72,9,1,1,261.04
31.0,81784.78,190.13,14,1,1,347.97
26.0,101797.49,87.75,11,1,0,252.06
39.0,76949.56,263.26,16,0,0,147.61
55.0,48813.15,541.73,14,1,0,125.28
37.0,71113.8,502.16,11,0,0,251.32
47.0,35847.15,241.15,24,1,0,71.48
18.0,96449.02,475.04,20,1,0,219.63
37.0,72046.11,840.33,22,0,0,225.09
22.0,25796.08,13.32,14,1,0,66.73
18.0,62483.14,299.48,18,1,0,213.95
26.0,81582.54,710.56,15,1,0,228.95
49.0,61673.81,394.99,13,1,0,226.91
46.0,63102.61,527.02,16,0,0,218.89
38.0,39389.94,363.53,18,0,0,45.43
18.0,84163.52,2406.38,18,0,0,437.69
33.0,53788.27,28.08,18,0,0,-9.0
39.0,20000.0,337.7,18,1,0,43.01
37.0,60718.57,47.93,14,1,0,171.38
18.0,94528.74,87.05,5,0,0,237.23
24.0,60326.76,241.47,16,1,0,74.41
34.0,113449.62,84.53,14,1,0,201.39
41.0,80724.2,1657.79,15,0,0,216.78
18.0,78468.95,1466.75,14,1,0,258.48
33.0,66790.04,204.82,15,1,0,203.02
37.0,68292.84,510.48,11,0,0,187.76
45.0,63414.41,381.52,17,1,0,189.48
43.0,62443.27,845.29,15,0,0,230.1
42.0,83271.68,493.69,20,1,0,227.54
25.0,46604.22,0.13,13,1,0,168.38
18.0,43102.65,720.22,19,1,0,160.08
30.0,41920.12,686.88,13,0,0,222.06
47.0,121141.36,356.39,18,1,0,168.05
52.0,83258.57,1166.1,25,1,0,338.7
44.0,77612.31,1195.41,11,1,0,238.26
40.0,43562.13,371.08,12,1,0,96.58
40.0,85583.56,468.23,21,1,0,190.76
28.0,67085.72,2830.66,16,1,1,579.85
33.0,75354.22,177.5,12,1,0,149.99
55.0,45584.49,196.24,14,1,0,100.0
24.0,74006.72,100.92,13,1,0,134.02
54.0,59404.16,1131.04,11,1,0,272.68
31.0,50859.72,682.24,17,1,0,223.12
51.0,88352.66,55.83,8,1,0,301.5
18.0,31557.3,2002.27,16,1,1,461.33
42.0,84119.41,656.45,14,0,0,288.39
26.0,87112.15,950.3,10,1,0,317.54
18.0,48008.91,24.67,25,1,0,37.62
38.0,49491.79,351.56,15,1,0,249.6
47.0,64424.36,599.66,6,0,0,237.58
25.0,77050.91,391.48,13,0,0,202.8
18.0,66178.63,549.28,18,1,0,220.66
34.0,80839.06,851.53,9,0,0,247.01
34.0,114074.49,234.47,14,1,0,156.71
42.0,57307.08,944.14,15,1,0,257.62
46.0,27120.5,88.92,15,1,0,150.26
34.0,90648.09,157.96,14,1,0,246.94
57.0,112082.86,22.16,7,1,0,262.03
38.0,79819.21,226.61,13,1,0,206.96
31.0,42806.28,238.94,22,1,0,124.12
18.0,66902.69,818.07,12,0,0,248.7
32.0,42036.91,529.4,13,1,1,221.59
31.0,86071.39,286.99,12,1,1,336.2
47.0,36217.74,527.94,7,1,1,289.44
41.0,62496.78,27.11,11,1,0,179.32
21.0,44891.55,99.39,17,1,0,120.98
37.0,73170.62,493.02,18,1,0,242.6
43.0,60841.46,512.73,21,1,0,213.92
53.0,74419.05,743.91,11,1,0,298.53
46.0,70558.76,257.92,13,0,0,153.06
44.0,45333.52,641.06,11,1,0,158.75
36.0,85671.93,575.98,15,1,0,208.26
40.0,68780.86,1653.76,14,1,0,363.27
50.0,45286.77,121.12,17,0,0,154.58
19.0,126023.16,401.12,12,1,1,408.52
31.0,81910.75,460.36,16,1,0,247.4
26.0,66168.49,3303.04,13,1,1,646.06
40.0,105380.11,112.31,22,1,0,216.22
50.0,116045.39,370.35,19,1,0,296.82
28.0,66366.26,212.47,18,1,1,294.45
18.0,78684.94,373.16,11,1,1,263.84
30.0,45299.93,132.07,15,1,0,131.41
46.0,66320.18,24.39,17,1,0,214.69
41.0,65023.44,424.98,10,0,1,254.68
40.0,74620.68,204.63,16,1,1,321.38
32.0,78319.01,100.41,20,0,0,178.04
20.0,83995.71,195.73,9,1,0,185.84
41.0,75941.07,25.27,15,1,0,169.58
25.0,39731.43,1502.31,14,1,0,225.39
61.0,46538.32,435.12,19,1,1,157.61
42.0,56339.81,843.07,12,1,1,283.19
28.0,62943.99,275.06,11,0,0,184.82
28.0,96269.36,1168.15,19,1,0,313.05
34.0,40926.53,330.16,18,0,0,115.6
32.0,61064.62,426.59,13,1,0,200.09
48.0,93825.24,338.43,14,1,0,270.06
37.0,62503.06,660.77,21,0,0,141.88
26.0,81510.39,418.11,20,1,0,202.21
58.0,66511.45,158.45,8,1,0,84.19
36.0,76419.58,78.64,20,1,0,162.59
44.0,64288.19,465.86,9,1,0,214.69
28.0,86676.64,335.87,11,0,0,263.43
39.0,31373.59,50.45,13,1,0,99.5
39.0,60917.2,251.77,19,1,0,186.42
18.0,77414.32,361.57,17,0,0,210.25
59.0,83342.38,876.92,13,0,0,244.6
50.0,107323.82,39.58,18,1,1,296.39
30.0,60224.38,214.24,13,1,0,152.72
22.0,106987.04,864.83,16,1,0,280.14
39.0,53524.4,522.66,14,1,0,175.33
36.0,103216.16,171.22,15,1,0,218.96
39.0,90436.68,933.25,16,1,0,313.15
37.0,47163.54,339.91,17,1,0,146.77
41.0,77675.98,344.93,16,1,0,230.22
52.0,68719.1,1877.24,7,1,0,383.28
42.0,85639.61,1469.83,18,1,0,323.28
22.0,64418.21,222.0,16,1,0,163.12
51.0,62318.84,75.75,11,1,0,185.29
55.0,104227.36,197.02,17,1,0,366.45
73.0,67531.98,15.48,20,1,0,97.16
22.0,90660.56,10.49,19,1,0,196.46
38.0,64366.21,251.7,9,1,0,126.12
18.0,111666.58,1415.28,11,1,0,391.82
42.0,53041.63,1025.36,14,0,0,196.92
28.0,54646.41,358.15,13,0,0,163.11
58.0,108112.93,416.46,12,1,1,408.21
26.0,58876.34,2.98,15,1,0,113.58
18.0,110026.86,121.36,14,0,0,165.0
29.0,92296.01,12.54,12,0,0,283.12
18.0,66133.76,702.31,17,0,1,355.1
44.0,24667.66,78.7,19,1,1,102.84
18.0,69517.04,1016.46,16,0,0,213.94
35.0,72540.75,515.46,18,1,0,214.88
18.0,99180.44,130.31,8,1,0,263.44
31.0,109711.18,85.82,9,1,0,298.51
55.0,52875.32,493.93,14,1,1,283.27
39.0,90029.54,1155.5,20,1,0,358.14
25.0,89135.05,633.56,17,1,0,170.58
35.0,96835.32,214.27,13,0,0,223.87
35.0,82467.25,442.62,10,1,0,288.85
41.0,21437.56,186.08,17,0,0,31.3
19.0,66114.44,3534.88,17,1,1,657.0
42.0,41107.31,690.83,17,1,0,257.82
18.0,64934.86,476.45,16,1,0,255.08
27.0,94500.11,275.18,11,1,0,277.6
29.0,77628.77,481.37,19,0,0,193.02
43.0,98702.27,208.98,14,1,0,254.38
35.0,78543.85,14.64,13,1,0,115.25
18.0,37541.85,251.34,15,0,0,81.16
23.0,20000.0,1333.08,9,1,1,215.68
37.0,73720.22,492.15,20,1,0,209.75
34.0,64651.84,43.85,11,1,0,142.08
28.0,45576.36,1081.38,11,1,0,240.37
29.0,27484.32,156.59,12,1,0,140.52
43.0,51631.42,139.7,8,1,0,115.75
29.0,65137.71,176.26,9,1,0,187.33
34.0,86646.95,430.43,17,1,0,211.54
61.0,74715.78,393.39,7,0,0,234.28
18.0,110201.68,338.06,12,0,0,314.52
18.0,44109.9,632.1,13,1,0,221.49
44.0,92026.47,190.29,14,1,0,258.6
27.0,71182.47,761.78,10,1,0,269.24
31.0,87366.73,96.38,9,1,1,254.64
26.0,59087.13,763.06,19,1,0,152.42
32.0,96792.01,545.04,16,0,0,224.88
54.0,77380.62,574.76,19,0,0,242.17
45.0,53013.88,328.46,16,1,0,92.32
45.0,69699.4,549.81,18,1,1,309.78
18.0,64011.1,41.58,11,1,0,173.4
21.0,82229.46,953.76,20,0,0,173.05
18.0,40505.58,28.57,14,0,0,51.49
25.0,69266.21,80.52,22,1,0,204.78
46.0,79882.68,429.94,15,1,0,257.63
41.0,70825.58,672.41,15,1,0,186.37
32.0,103673.53,39.66,13,1,0,183.57
35.0,89350.57,1267.67,21,1,0,190.95
27.0,69812.98,1817.34,18,1,1,502.87
37.0,75417.23,465.64,11,1,0,227.45
44.0,77391.64,328.16,17,1,0,297.79
18.0,80082.49,676.23,18,1,0,232.2
39.0,24358.55,199.01,15,1,0,102.75
46.0,62461.84,339.88,13,1,0,227.48
30.0,32889.02,1239.37,15,1,1,347.04
43.0,101957.02,1557.88,18,0,0,398.75
69.0,68478.76,1309.12,16,1,1,357.58
34.0,65166.48,152.21,14,1,0,168.95
40.0,92419.93,132.29,17,1,0,161.78
26.0,80558.12,176.67,15,1,0,179.69
37.0,41784.14,291.08,16,1,0,133.24
41.0,68227.37,188.56,15,1,0,244.41
37.0,61620.83,234.37,21,0,0,133.18
23.0,26386.68,484.63,13,1,0,178.37
37.0,52743.09,718.85,16,0,0,191.28
53.0,65411.49,665.07,19,1,0,271.51
40.0,67126.23,842.14,11,1,1,364.74
47.0,32944.21,16.36,16,1,0,115.98
32.0,98791.64,24.46,14,0,0,270.97
44.0,67447.42,778.86,13,0,0,278.44
38.0,70938.83,380.8,11,0,0,261.15
24.0,80016.04,431.54,20,1,0,319.77
39.0,50298.09,27.01,19,1,0,196.14
23.0,81408.9,147.4,18,1,0,214.88
27.0,60823.13,508.55,17,1,0,166.41
37.0,47585.36,980.14,13,1,0,235.51
39.0,84336.19,1244.36,14,1,1,321.35
21.0,107291.85,346.99,13,1,0,314.73
48.0,88120.73,394.25,13,1,0,186.66
42.0,93074.44,895.03,20,1,0,341.78
27.0,56984.23,385.69,14,0,0,273.55
18.0,30059.51,363.72,21,1,0,31.94
33.0,107253.44,1177.38,14,1,0,351.73
30.0,121362.87,780.16,13,1,0,291.52
36.0,108570.17,1198.85,12,1,1,404.5
31.0,61605.35,123.11,13,1,0,154.21
18.0,41134.14,371.56,15,0,0,171.18
30.0,43357.93,924.08,17,1,0,232.84
31.0,27906.69,58.91,17,1,0,85.4
43.0,67315.53,791.55,14,1,0,152.57
27.0,110141.95,101.04,17,1,0,252.56
55.0,66458.43,825.44,12,1,0,166.83
18.0,77558.07,473.38,11,1,0,159.1
51.0,104389.92,107.36,12,1,0,195.68
32.0,59897.62,320.61,12,0,0,230.35
45.0,120888.29,572.7,18,1,0,340.31
36.0,119802.36,502.36,16,1,0,323.97
49.0,66722.22,278.65,9,1,0,150.18
30.0,55561.64,1148.14,13,1,0,230.55
22.0,87430.95,366.22,15,1,0,162.98
52.0,61311.88,352.48,19,0,0,238.09
34.0,41086.12,32.14,9,0,0,227.25
38.0,102030.97,1276.3,16,1,0,377.52
50.0,100411.18,97.47,12,1,0,273.16
23.0,73887.79,375.75,24,0,0,179.4
42.0,38428.38,813.72,18,0,0,91.26
28.0,39261.84,121.32,8,1,0,82.46
33.0,72680.73,374.72,12,1,0,185.56
36.0,57503.22,137.67,12,0,0,135.51
18.0,61472.68,712.92,11,1,1,281.44
26.0,95549.08,415.45,19,1,0,247.03
51.0,88329.48,968.89,8,1,0,265.04
46.0,104453.57,1124.8,20,0,0,439.77
34.0,45234.42,523.11,10,1,0,104.51
38.0,61420.21,646.2,12,1,0,257.83
31.0,88974.54,398.39,16,1,0,222.7
51.0,81201.96,242.6,10,0,0,239.8
33.0,108309.51,522.23,14,1,0,316.25
38.0,80513.42,1194.55,9,0,1,419.46
49.0,116202.73,269.51,14,0,0,224.69
26.0,83500.45,188.74,12,1,0,195.27
54.0,96554.19,245.87,20,1,0,236.15
18.0,61912.13,285.82,16,1,0,175.73
55.0,70357.18,38.2,17,0,0,109.38
31.0,92773.61,345.02,14,1,1,421.62
32.0,110324.45,340.92,18,1,0,144.06
18.0,88230.92,443.9,16,1,0,226.35
30.0,67920.71,225.35,10,1,0,142.31
23.0,104433.38,474.8,13,1,0,289.46
28.0,20000.0,1052.75,14,1,0,218.11
33.0,34444.14,1555.81,16,1,0,172.12
46.0,87040.86,438.07,9,0,0,367.57
37.0,70352.71,21.76,14,1,0,174.97
39.0,85137.84,1740.71,19,1,0,375.43
22.0,71610.19,611.85,21,0,0,140.42
24.0,84273.64,204.71,13,1,0,210.69
57.0,49639.93,79.59,12,1,0,181.82
26.0,84262.15,77.4,15,0,0,206.76
55.0,94860.36,91.81,9,0,1,342.83
32.0,100513.77,23.32,12,1,0,226.77
35.0,120338.86,1162.18,15,0,0,308.0
48.0,76102.46,389.1,12,1,0,147.93
50.0,76847.78,601.92,19,1,0,284.35
34.0,31920.69,880.45,19,0,0,208.0
30.0,56714.71,784.01,13,1,0,267.34
34.0,65172.95,1071.11,12,1,0,222.32
39.0,96257.99,1709.5,19,1,0,367.59
46.0,54724.97,289.08,11,1,0,227.95
35.0,89908.5,1501.23,14,1,0,290.51
42.0,69959.46,642.39,21,1,0,268.65
55.0,65570.8,36.64,11,1,0,133.48
40.0,76222.35,572.51,18,1,0,180.93
39.0,60221.09,580.32,15,1,1,275.23
18.0,59274.07,1181.49,9,1,1,300.62
18.0,27380.35,233.35,15,1,0,3.25
40.0,63801.14,439.63,15,0,0,195.37
34.0,58000.8,6.13,16,1,0,161.33
29.0,57100.48,201.79,14,1,0,217.14
38.0,80421.83,32.13,12,1,1,319.37
34.0,86465.8,368.94,12,1,0,334.1
49.0,75804.86,850.36,13,1,1,417.74
36.0,94885.38,115.61,10,1,0,268.24
26.0,84389.05,374.8,11,1,0,257.69
47.0,62623.6,114.08,10,1,1,304.84
32.0,58428.59,64.31,16,1,0,30.64
41.0,77820.56,357.69,14,1,0,189.41
29.0,84344.18,41.23,12,1,0,105.89
27.0,104946.11,442.58,16,0,0,305.31
36.0,99779.33,15.92,10,0,0,194.01
35.0,56463.17,56.42,11,1,0,297.55
41.0,67449.84,399.25,14,0,0,170.93
32.0,86775.45,447.52,19,1,0,235.62
18.0,96699.94,14.71,28,1,0,168.76
30.0,93474.24,425.93,18,1,0,219.1
45.0,68403.05,911.63,20,1,0,175.64
31.0,38649.43,640.64,13,1,0,101.36
32.0,45026.59,70.31,11,1,0,16.11
47.0,76815.84,448.83,15,0,0,245.79
26.0,78555.64,557.76,14,0,0,213.65
18.0,42533.02,18.97,11,0,0,211.64
33.0,71114.24,966.71,15,0,0,196.69
29.0,85780.61,1183.65,14,0,0,385.74
23.0,41219.33,950.07,13,1,0,280.06
33.0,97624.93,870.43,21,1,0,354.15
41.0,60561.72,683.18,18,1,0,215.18
35.0,101440.33,501.79,15,1,0,256.15
39.0,56663.69,567.58,17,1,0,249.89
57.0,44334.36,820.97,12,0,0,157.19
31.0,58546.58,543.09,17,0,0,200.94
38.0,67621.3,198.55,17,1,0,168.91
29.0,60288.0,235.77,16,1,1,200.93
25.0,64599.96,1136.79,9,0,1,378.46
28.0,78349.13,8.64,14,1,1,318.51
29.0,65720.52,600.02,13,1,0,168.9
39.0,68347.19,1548.08,17,0,0,330.51
63.0,27269.34,612.48,19,0,1,49.51
26.0,79792.45,2550.72,16,1,0,380.2
30.0,67769.92,581.65,18,0,1,275.11
34.0,110257.32,17.48,16,1,0,258.13
40.0,46510.87,877.26,12,1,1,314.35
38.0,24792.62,167.48,10,1,0,100.47
50.0,85451.71,295.35,17,1,0,244.77
18.0,78663.18,187.05,13,1,0,192.0
18.0,44789.17,156.37,14,0,0,147.45
29.0,31756.28,282.29,17,1,0,125.34
48.0,108434.92,238.01,16,1,1,355.07
18.0,105352.76,501.66,18,1,0,257.1
18.0,20000.0,838.73,17,1,0,169.88
42.0,58544.42,176.26,12,0,0,251.32
38.0,111604.8,120.22,14,1,0,317.57
22.0,58098.44,549.65,23,1,0,118.71
23.0,57734.69,554.82,13,1,0,138.67
23.0,62931.02,1156.98,15,0,0,234.78
36.0,41977.58,8.04,10,1,0,119.7
27.0,27380.61,958.8,15,1,0,173.05
41.0,96313.68,368.03,13,0,0,315.44
18.0,23926.58,485.51,14,1,0,183.16
25.0,76181.79,47.91,17,1,0,173.44
21.0,92164.49,283.36,23,0,0,205.28
32.0,33719.34,128.93,15,1,0,126.17
29.0,46893.29,146.67,19,0,0,173.61
45.0,100329.48,350.69,12,1,0,289.35
18.0,83322.29,836.87,16,1,0,246.75
36.0,54567.86,680.86,24,1,1,222.9
42.0,100056.23,447.02,15,0,0,209.28
57.0,100163.39,387.63,7,0,0,284.76
29.0,76726.32,278.7,12,1,0,238.48
39.0,47495.99,1800.62,11,1,1,405.35
18.0,59663.78,410.71,13,1,0,241.99
18.0,77159.67,146.49,16,1,0,260.98
45.0,65285.13,130.74,17,1,0,90.9
35.0,93473.93,472.54,13,0,1,391.95
49.0,31755.65,369.94,12,0,0,148.47
19.0,32643.41,3.86,20,0,0,71.98
41.0,74521.78,886.17,9,1,0,228.24
57.0,57711.39,608.9,10,0,0,278.54
40.0,54323.78,542.1,14,0,0,155.43
38.0,25798.58,35.63,12,1,0,-28.47
35.0,70488.65,224.75,14,1,1,276.89
18.0,68681.12,1369.63,21,1,0,270.43
51.0,86336.97,992.39,12,1,0,390.8
28.0,71722.65,168.12,19,0,0,196.74
41.0,66684.9,85.43,12,1,0,152.65
18.0,99425.02,298.09,12,0,0,244.82
21.0,37188.32,219.9,12,1,0,111.95
52.0,83409.73,573.21,19,0,1,441.8
31.0,28221.32,1697.13,13,0,1,334.24
52.0,49040.95,225.49,17,1,0,66.27
34.0,39683.57,32.12,13,0,0,94.36
18.0,89548.56,1139.5,14,1,0,313.87
46.0,68364.74,19.34,10,1,1,196.3
28.0,69662.42,1526.32,14,1,0,224.81
43.0,42331.68,546.19,9,1,0,201.06
35.0,62507.66,1420.98,14,0,0,248.88
18.0,50913.37,111.36,17,1,0,191.4
37.0,79586.38,20.78,23,1,0,165.66
61.0,45222.72,334.92,15,0,0,120.22
41.0,103244.86,299.49,13,1,1,259.89
34.0,28110.49,201.35,16,1,0,155.47
48.0,49837.0,1580.97,14,1,0,294.45
38.0,111930.01,864.63,8,1,0,321.91
38.0,59121.53,541.74,16,1,0,145.9
22.0,37128.03,88.88,14,1,0,185.1
38.0,75476.79,662.74,9,1,1,290.09
47.0,58115.19,649.16,21,1,0,170.71
25.0,49103.24,276.75,19,1,0,166.37
52.0,42603.23,1293.71,15,0,0,307.12
34.0,139209.34,91.35,17,1,1,452.5
24.0,63711.2,155.54,14,0,0,128.24
47.0,21860.82,32.66,15,0,0,61.65
32.0,107342.74,793.47,16,0,0,357.26
44.0,85276.77,486.11,10,1,0,305.63
31.0,50838.34,189.12,18,0,0,65.83
34.0,46672.02,89.45,11,0,0,136.04
41.0,86836.82,20.49,16,1,0,122.01
38.0,63827.04,91.21,22,1,0,186.99
18.0,21850.55,301.91,17,1,0,111.01
22.0,114681.0,141.96,14,1,0,219.5
46.0,59150.24,149.87,11,1,0,237.99
33.0,107389.29,1042.03,10,1,0,365.73
29.0,101960.87,361.95,15,1,1,396.48
19.0,44974.76,653.28,11,0,1,247.45
22.0,95829.75,18.18,11,1,0,221.08
18.0,53713.94,227.19,9,1,0,143.07
34.0,23332.49,326.17,15,1,0,62.22
28.0,59385.05,103.15,24,1,0,192.54
23.0,79940.94,64.03,11,1,0,169.65
34.0,58431.58,1021.28,12,0,0,218.67
39.0,62323.79,1401.99,12,1,1,364.52
60.0,98589.15,41.04,17,1,0,288.51
18.0,72662.35,214.64,17,1,0,239.35
49.0,48917.54,1588.45,9,0,0,268.94
47.0,87550.76,43.41,11,0,0,268.78
26.0,74941.89,515.91,15,1,0,226.88
37.0,20000.0,1791.74,18,1,0,191.0
30.0,80708.82,1913.47,7,0,0,364.96
37.0,79795.72,318.59,16,0,0,278.11
53.0,70503.03,88.82,15,1,1,355.48
42.0,92292.51,112.88,13,1,0,235.86
41.0,53190.16,1101.83,23,1,1,262.37
30.0,78412.49,1213.41,7,1,0,307.92
18.0,30826.02,468.09,20,1,0,80.34
32.0,80177.26,726.59,18,1,0,216.18
49.0,118826.49,673.4,19,1,0,281.24
18.0,45128.59,542.09,11,1,0,168.5
22.0,51004.95,878.03,16,0,1,291.18
37.0,52249.61,578.24,16,0,0,172.91
23.0,73249.96,381.79,16,1,0,191.61
25.0,43424.09,135.22,11,0,0,166.39
30.0,80531.18,681.07,19,1,0,229.71
19.0,91171.0,320.69,16,1,0,224.16
23.0,83358.68,174.63,14,1,0,197.35
43.0,25789.61,809.61,16,0,0,227.7
19.0,94879.19,596.54,11,0,0,252.85
18.0,93434.19,1385.01,12,0,0,381.18
27.0,90754.03,90.43,16,1,0,171.13
44.0,79321.06,523.75,16,0,0,246.51
33.0,75504.73,140.02,17,0,0,208.32
29.0,95809.73,1169.54,17,1,0,378.79
36.0,118087.84,52.4,19,0,0,234.2
18.0,46173.99,533.79,13,1,0,114.03
41.0,96953.13,782.92,15,0,0,253.0
40.0,67844.57,219.19,17,1,0,221.84
30.0,66758.17,1541.06,9,1,1,512.92
47.0,31586.73,951.0,12,0,1,271.55
21.0,62880.26,174.51,16,1,0,98.1
49.0,45068.38,3.78,15,1,0,150.55
37.0,58403.64,175.96,12,1,0,113.21
31.0,42545.34,165.16,14,0,0,106.15
35.0,58777.29,1103.48,15,1,0,257.26
34.0,59847.24,1707.46,19,0,0,320.21
50.0,72418.87,36.52,19,0,0,163.76
22.0,29631.25,318.66,17,1,0,77.07
26.0,33862.05,397.4,21,1,1,226.9
47.0,79047.86,48.76,16,1,0,154.59
28.0,50064.05,237.0,14,1,0,208.55
46.0,96863.24,190.69,10,1,1,286.29
55.0,75631.74,384.0,18,1,0,214.44
30.0,85169.05,541.16,19,1,1,282.73
43.0,105267.31,607.83,16,1,0,247.61
21.0,62257.23,73.53,19,0,1,207.4
44.0,55637.83,838.18,18,1,1,356.23
37.0,91792.56,567.44,19,0,0,317.73
41.0,82737.84,1099.45,18,1,1,433.03
27.0,65316.74,298.32,16,1,0,180.13
18.0,104786.45,1121.64,16,1,0,349.14
41.0,64693.89,1004.12,10,1,0,323.12
18.0,70819.34,288.49,20,0,0,215.55
31.0,70530.57,239.94,15,1,0,185.96
46.0,46635.15,1350.13,11,1,0,330.62
37.0,71939.63,627.92,8,1,1,372.19
58.0,104919.0,1317.25,18,1,0,367.68
47.0,81124.21,797.21,15,1,1,333.99
27.0,70776.59,469.9,24,1,0,163.08
35.0,65955.82,61.57,15,1,0,141.26
34.0,78271.68,172.29,14,1,0,218.62
18.0,88744.17,1734.35,17,1,1,525.96
24.0,85230.97,192.41,15,0,0,137.49
28.0,61703.38,48.95,14,1,0,52.97
18.0,78119.54,614.74,13,1,0,194.14
36.0,81998.49,662.14,10,1,0,239.83
32.0,44820.13,168.06,15,1,0,186.24
18.0,74205.76,176.68,12,1,0,178.06
40.0,20000.0,316.4,19,1,0,96.38
44.0,82063.34,11.01,11,1,0,214.12
38.0,86508.58,778.71,11,1,0,227.71
31.0,88688.65,190.7,18,0,0,283.44
42.0,60123.83,961.26,19,0,0,195.13
43.0,77726.17,811.34,18,1,0,328.58
39.0,105598.85,541.47,17,1,0,275.04
25.0,105344.24,196.43,6,1,0,251.46
38.0,69270.68,363.16,10,0,0,149.32
49.0,73482.99,294.24,12,0,0,212.25
28.0,97772.78,206.91,15,1,0,348.96
60.0,32479.95,942.39,18,1,0,193.88
29.0,61923.11,330.35,13,0,1,279.48
35.0,103389.26,894.05,18,0,0,276.85
27.0,94380.01,55.59,10,1,0,253.92
38.0,79231.59,76.01,13,1,0,197.94
18.0,32354.19,1893.14,17,1,0,266.88
28.0,68752.24,443.09,11,1,0,234.55
22.0,55252.12,356.44,13,1,0,79.36
37.0,78275.97,370.28,16,1,0,206.55
47.0,49766.33,121.21,11,0,1,143.6
43.0,44356.92,634.17,16,0,0,171.58
18.0,20000.0,44.3,10,0,0,38.22
60.0,100545.12,425.86,16,1,1,337.18
39.0,60005.74,422.88,11,1,0,123.63
26.0,73928.64,1227.8,12,1,0,352.42
37.0,69944.05,373.47,15,1,1,252.35
37.0,43314.15,73.71,19,1,0,74.79
27.0,38523.38,425.2,13,1,0,220.1
37.0,44867.12,47.89,12,1,0,148.92
28.0,51920.79,113.95,16,1,0,31.5
30.0,79165.16,15.8,21,1,0,237.18
27.0,50107.06,360.05,12,1,0,244.61
18.0,113662.27,44.16,12,1,0,335.46
37.0,95678.78,316.87,16,0,0,274.45
42.0,90208.99,1351.12,16,1,1,385.14
41.0,67008.53,636.06,13,1,1,303.08
45.0,107857.02,40.29,13,1,0,171.32
39.0,64549.86,126.94,17,0,0,114.49
29.0,69218.46,559.91,17,1,0,154.88
45.0,74249.36,1125.48,14,0,0,251.7
19.0,87545.58,16.74,18,1,0,198.96
24.0,85922.7,836.86,21,1,1,352.61
23.0,58121.87,412.56,18,0,0,147.11
48.0,56675.16,394.93,19,1,0,150.3
46.0,85997.57,1582.82,12,1,0,431.25
41.0,87880.91,688.46,13,1,0,376.8
48.0,60166.22,948.96,14,1,0,214.69
24.0,30320.3,218.47,12,1,0,125.29
39.0,64817.1,404.13,13,1,0,151.98
33.0,85588.14,477.78,9,1,0,289.34
45.0,115135.42,194.0,18,0,0,239.85
34.0,40051.05,422.27,11,1,0,114.77
30.0,59335.72,135.02,17,1,1,329.9
41.0,60264.91,77.38,12,1,0,86.46
46.0,103895.13,234.18,15,1,0,128.57
27.0,69126.46,672.17,12,1,1,361.35
34.0,47316.84,1239.58,17,1,0,216.21
22.0,83967.38,305.98,21,0,0,174.23
18.0,59884.04,514.76,12,1,0,333.83
37.0,39390.32,54.37,16,1,0,138.73
42.0,47680.67,1174.12,13,1,0,233.85
38.0,113351.05,420.36,12,1,0,259.34
18.0,79605.23,757.83,17,0,0,273.28
31.0,72694.0,791.01,14,1,0,159.85
18.0,63752.66,148.18,12,1,0,142.52
51.0,77303.72,376.63,12,0,0,216.42
22.0,77005.9,1615.47,15,0,0,346.23
50.0,77304.22,46.95,14,1,0,174.18
46.0,72871.13,574.51,20,0,0,178.53
24.0,91719.96,1638.57,16,1,0,411.33
21.0,70577.61,178.75,18,1,0,90.45
39.0,45551.53,988.25,15,1,0,196.03
25.0,54689.43,1356.46,14,1,0,241.13
36.0,20524.53,687.35,14,1,1,222.29
29.0,120670.43,131.55,19,1,0,243.55
18.0,91568.86,203.23,21,1,0,233.34
18.0,49248.24,18.23,21,1,0,124.97
38.0,62953.88,890.27,14,1,0,145.18
28.0,54078.09,947.27,17,0,0,215.6
28.0,108563.68,500.8,17,1,0,196.07
43.0,34503.07,217.34,12,1,0,134.3
49.0,72861.9,39.96,11,1,0,141.2
32.0,67286.8,699.3,14,1,0,285.84
31.0,90670.97,648.27,15,1,0,257.13
41.0,67399.77,1218.64,18,0,0,232.16
19.0,26044.78,655.65,14,1,0,199.65
38.0,63722.05,882.15,13,0,0,196.07
42.0,45695.94,685.12,14,1,0,226.64
43.0,71989.49,498.06,12,0,0,243.16
18.0,105854.43,278.41,14,1,0,243.28
26.0,26514.37,1161.99,15,0,0,122.43
24.0,49994.43,526.3,18,1,0,228.7
36.0,56182.68,254.04,15,1,0,182.79
41.0,60459.22,43.58,22,1,0,92.68
53.0,88503.14,171.74,10,1,0,236.41
29.0,65661.39,392.33,16,1,0,238.86
29.0,80395.07,161.23,18,1,0,196.51
49.0,54355.67,125.02,15,0,0,153.13
39.0,75748.11,374.75,15,1,0,260.57
50.0,89444.94,93.06,9,1,0,297.06
38.0,51692.51,805.75,17,1,0,193.98
21.0,89533.95,331.18,15,1,0,165.31
19.0,71309.32,426.5,16,1,0,138.14
18.0,96136.51,79.72,16,1,0,183.7
43.0,64964.5,196.21,15,1,0,122.81
49.0,79531.12,263.89,16,1,0,119.33
57.0,68984.84,825.68,21,1,0,320.93
45.0,67594.69,735.18,10,0,1,347.65
49.0,76473.26,126.14,18,1,0,153.37
28.0,83420.19,478.79,13,1,0,237.09
21.0,38760.88,139.5,13,1,0,26.15
45.0,105840.84,2221.83,10,1,0,521.73
40.0,23508.42,1519.57,8,1,0,135.49
36.0,52879.7,414.21,15,0,0,192.68
40.0,67643.27,600.16,11,0,0,131.38
39.0,80308.9,808.31,18,1,0,234.75
50.0,109404.31,638.27,9,1,0,376.77
51.0,23542.71,601.7,17,0,0,41.56
42.0,57307.65,1591.68,12,1,0,292.35
45.0,20000.0,453.74,11,1,1,179.69
41.0,70790.55,505.72,13,1,1,327.07
29.0,76792.09,946.13,15,1,0,271.71
44.0,109769.89,554.17,15,0,0,319.74
18.0,73015.87,660.13,13,0,0,205.5
48.0,96100.63,133.4,8,1,1,445.96
21.0,84595.93,232.02,17,0,0,127.86
38.0,59118.8,79.67,16,1,0,202.31
25.0,34775.98,352.37,11,0,0,142.26
42.0,76875.06,304.15,18,1,0,229.02
35.0,32697.45,2932.47,12,1,0,424.37
18.0,102380.18,472.36,18,1,0,293.78
40.0,65948.45,771.93,20,1,0,178.54
28.0,99879.44,203.24,13,1,0,229.77
46.0,57994.64,890.54,18,1,0,146.46
35.0,76721.27,477.37,15,0,1,302.97
40.0,75233.72,597.0,15,0,0,246.29
24.0,68873.9,174.38,15,1,0,205.54
28.0,59183.51,397.74,14,0,1,282.43
29.0,79811.4,502.61,18,0,0,136.13
45.0,46845.92,444.7,9,1,1,203.76
55.0,39764.12,1233.69,13,1,0,193.79
25.0,101070.67,1142.73,16,0,0,268.91
48.0,88179.2,1769.95,11,1,0,339.56
18.0,71647.29,550.45,19,1,0,210.4
21.0,111628.56,1786.24,16,1,0,490.57
23.0,63305.86,893.32,13,1,1,281.35
19.0,103067.58,157.93,14,0,0,187.48
18.0,74389.35,278.82,14,1,0,168.69
40.0,44381.23,136.16,14,0,0,141.25
32.0,116201.0,2.1,16,0,0,311.8
40.0,94767.77,104.16,18,1,0,209.63
43.0,66974.47,2.03,15,0,0,81.86
38.0,88179.28,636.19,16,1,0,196.32
43.0,59907.41,277.16,9,1,0,188.94
34.0,90728.73,187.4,13,0,1,385.11
21.0,20000.0,717.16,20,1,0,212.5
48.0,44504.97,893.35,10,0,0,149.22
28.0,94481.49,1850.47,21,1,1,507.01
24.0,63758.61,513.63,13,0,0,151.39
33.0,75188.56,309.51,14,1,0,158.4
24.0,36330.36,182.11,10,1,0,71.71
30.0,116196.67,125.72,23,1,0,232.25
39.0,99763.24,119.72,11,1,0,195.38
39.0,64982.87,263.13,20,1,0,290.22
24.0,59882.6,2400.98,20,1,1,432.15
29.0,95740.11,0.43,16,1,0,258.91
48.0,119561.76,109.83,14,1,0,239.13
41.0,93844.01,104.37,13,1,0,333.79
60.0,124295.07,631.37,11,1,0,356.68
49.0,46941.22,217.31,12,0,0,183.46
49.0,49515.33,305.56,18,0,0,114.03
18.0,40276.47,80.45,10,1,0,167.42
44.0,81044.02,259.59,20,1,0,214.79
34.0,74390.09,54.46,14,1,1,251.99
28.0,66201.22,380.76,12,1,0,142.48
37.0,90231.47,51.54,11,1,0,201.74
46.0,100808.22,781.54,19,1,0,275.61
41.0,31858.44,418.05,14,1,0,170.97
24.0,55075.7,643.62,20,1,0,172.9
44.0,90503.59,271.09,19,1,0,124.04
27.0,58306.53,240.22,15,1,0,192.94
38.0,50044.85,51.69,20,0,0,179.92
31.0,95463.44,371.02,14,0,0,166.73
32.0,37762.5,361.29,9,0,0,233.89
44.0,62460.5,315.65,17,1,1,320.18
23.0,78216.1,674.53,12,1,0,218.34
58.0,55654.5,893.4,9,1,0,176.79
18.0,89578.89,694.73,13,1,1,443.36
28.0,55778.08,77.66,13,1,1,154.2
39.0,105215.49,486.51,16,0,0,243.66
42.0,66856.34,41.87,11,0,0,100.14
34.0,86781.75,593.1,10,0,0,263.17
34.0,88650.6,240.5,16,0,0,292.61
40.0,54311.5,71.07,15,1,0,154.48
32.0,20000.0,990.44,7,0,0,225.95
52.0,79018.89,475.97,15,0,0,208.04
45.0,71807.21,219.04,17,1,0,186.38
45.0,83895.65,15.6,17,1,0,124.03
23.0,64336.81,385.35,15,1,0,182.36
34.0,59239.31,1283.44,13,1,1,313.24
31.0,120211.83,453.64,20,1,0,287.77
23.0,33191.15,1781.57,12,0,0,259.09
39.0,88348.76,73.35,17,1,0,184.31
29.0,55634.95,420.02,11,1,0,286.65
43.0,61605.53,800.05,10,1,0,321.59
22.0,62072.43,372.79,12,1,0,258.23
56.0,49914.14,47.74,14,1,0,216.36
24.0,84280.61,437.2,13,0,0,307.25
38.0,104766.09,473.04,10,1,1,409.17
45.0,81750.34,652.28,7,0,1,355.48
28.0,72584.55,716.09,11,1,0,256.55
45.0,45338.99,736.52,14,1,0,175.8
20.0,82920.63,544.5,15,0,0,188.29
52.0,123908.74,121.55,16,0,0,292.8
35.0,60482.63,258.96,15,1,0,88.55
28.0,60600.41,748.34,15,0,0,222.92
31.0,55972.77,1533.37,15,1,0,235.54
45.0,57764.64,41.12,18,1,0,129.59
28.0,20000.0,383.44,16,1,0,105.9
26.0,80125.88,187.36,13,1,0,185.35
32.0,48861.2,127.7,4,1,0,70.47
21.0,29743.42,352.42,11,1,0,63.33
57.0,88829.75,465.82,20,1,0,257.15
28.0,42949.56,4.91,12,1,0,84.52
45.0,61533.27,757.53,6,1,0,264.86
38.0,106661.06,857.07,19,0,1,436.92
23.0,34769.61,1683.55,15,1,0,248.0
35.0,31685.04,99.62,15,1,0,110.71
44.0,76732.65,451.38,10,0,0,194.86
33.0,98737.18,278.11,12,1,0,271.3
49.0,30641.46,203.85,17,1,0,76.69
47.0,80192.24,416.93,12,1,0,354.89
46.0,84524.99,762.51,20,1,0,198.6
29.0,20000.0,11.66,11,1,0,51.3
22.0,89962.53,1743.38,19,0,0,350.42
28.0,91915.15,830.05,17,1,0,215.24
37.0,62205.36,695.46,14,1,0,252.25
42.0,101308.66,714.37,16,1,0,270.62
18.0,98411.39,246.38,13,1,0,126.47
35.0,72577.95,696.4,13,0,0,273.55
37.0,58713.87,244.51,13,0,1,211.84
32.0,45679.3,1144.87,12,1,1,293.94
50.0,69060.91,97.53,20,0,0,191.72
40.0,84243.97,172.9,15,0,0,187.54
51.0,61895.58,400.74,16,1,0,163.22
32.0,20000.0,192.25,17,0,0,198.46
46.0,101717.85,276.03,13,0,0,147.35
55.0,74755.58,339.05,17,1,0,135.12
51.0,60509.39,970.2,16,1,1,254.07
22.0,91428.96,370.32,12,0,0,335.34
32.0,108115.96,225.07,20,1,0,216.51
31.0,20000.0,142.33,17,0,0,82.24
41.0,80856.59,262.7,14,1,0,186.28
43.0,34333.77,362.56,17,1,0,151.08
25.0,82477.76,685.44,11,1,0,260.86
36.0,73198.18,64.51,13,1,0,189.5
18.0,85893.16,125.26,8,1,0,282.67
52.0,57518.81,238.74,10,0,1,259.79
29.0,23169.0,223.45,9,1,0,63.93
36.0,58740.8,248.58,16,1,0,175.94
31.0,80171.19,788.78,17,1,0,376.15
49.0,95384.81,195.9,11,1,0,266.61
18.0,40704.22,348.48,12,0,0,149.85
35.0,95676.51,488.96,17,0,0,187.72
34.0,53803.19,132.1,12,1,0,183.04
30.0,79061.25,634.16,9,1,1,398.93
56.0,57252.65,396.05,6,1,0,207.75
24.0,74554.27,296.0,9,1,0,216.41
44.0,92296.94,829.8,21,0,0,417.2
39.0,39324.65,139.52,16,1,0,153.37
50.0,53002.35,1073.54,14,1,0,297.36
27.0,74624.06,411.68,12,1,0,219.76
26.0,130039.59,469.75,10,0,0,330.47
48.0,48420.26,1039.96,17,0,0,248.44
40.0,121003.35,850.73,22,0,0,326.45
18.0,120110.58,460.1,16,0,0,301.71
29.0,67567.22,699.56,13,0,0,252.25
40.0,62546.19,283.98,15,0,0,147.85
45.0,52698.37,396.35,12,0,0,182.05
27.0,68294.94,32.04,13,0,0,167.8
18.0,34832.01,47.08,9,1,0,154.72
41.0,68094.02,884.29,14,1,0,216.05
20.0,107422.01,30.76,14,1,0,139.92
18.0,54722.87,92.8,15,1,0,123.19
18.0,63981.89,794.41,12,0,0,253.27
45.0,27471.49,0.57,8,0,0,137.21
37.0,79351.55,165.92,16,1,0,158.65
32.0,76612.04,438.58,12,1,1,348.15
52.0,71592.56,452.49,12,0,0,271.19
43.0,64579.32,750.63,15,1,0,261.78
54.0,62681.05,352.54,11,1,0,149.08
18.0,82547.51,356.06,17,0,0,182.54
35.0,69279.58,646.06,16,1,0,242.92
18.0,77874.3,345.2,14,1,0,293.54
32.0,75374.57,468.87,14,1,0,220.34
32.0,98085.68,1140.28,18,1,0,315.93
43.0,86924.85,256.62,5,1,0,171.03
36.0,74821.55,243.17,14,1,1,272.29
42.0,107960.55,1.78,12,1,1,330.56
43.0,80506.71,475.22,17,1,0,225.9
61.0,102624.07,15.11,11,0,0,159.12
31.0,85173.57,350.74,17,1,0,204.99
24.0,23952.02,815.42,17,1,0,95.0
38.0,102620.87,399.17,15,1,1,433.31
25.0,73379.41,157.11,10,1,0,149.51
53.0,68701.13,771.28,17,1,0,201.91
32.0,77033.71,157.16,15,1,0,203.89
28.0,61375.42,660.31,19,0,0,178.1
29.0,75675.72,471.14,12,0,0,342.44
44.0,55203.1,93.16,12,1,0,192.25
33.0,101856.81,1177.64,15,1,0,342.34
27.0,67160.3,111.97,7,1,0,199.92
55.0,60435.4,2282.35,16,1,0,249.34
25.0,46876.85,3.67,16,0,0,173.71
35.0,76719.39,152.91,11,1,0,222.32
43.0,74677.68,111.48,12,0,0,182.85
18.0,79710.62,7.05,15,0,0,208.42
41.0,44318.7,659.07,19,1,0,200.94
22.0,29970.47,591.15,15,1,0,118.24
45.0,85639.78,785.95,15,1,1,389.59
23.0,107116.05,148.33,15,1,0,301.5
43.0,44341.16,293.79,19,0,0,152.81
48.0,109736.03,538.1,16,1,1,401.75
45.0,77097.78,289.7,15,1,0,218.0
38.0,69823.43,597.55,20,0,0,278.51
32.0,60061.28,502.52,16,1,0,227.57
28.0,35387.05,60.88,11,1,0,46.71
53.0,94693.21,759.44,17,1,0,310.66
27.0,50609.84,637.69,13,1,0,211.7
23.0,50504.83,533.32,14,1,0,234.55
43.0,94798.16,84.26,18,1,1,324.47
25.0,22925.41,155.98,17,1,0,58.98
24.0,31910.05,249.76,13,1,0,44.39
18.0,69546.64,164.2,21,1,0,128.78
29.0,77332.11,129.26,12,0,0,253.99
34.0,82118.37,818.3,11,1,0,283.96
38.0,62455.04,508.38,11,1,0,198.76
46.0,133259.24,416.75,14,0,0,394.97
41.0,64302.69,128.06,18,0,0,209.89
33.0,64230.35,1250.99,19,0,0,228.77
33.0,50075.33,106.09,17,1,0,186.81
41.0,73097.67,792.25,21,1,0,150.49
50.0,85374.03,1700.69,13,1,0,387.79
37.0,100089.45,649.31,10,0,0,312.18
29.0,32767.89,2470.94,16,1,1,443.7
23.0,63850.12,526.41,15,1,0,219.39
18.0,81167.59,122.61,24,1,1,274.04
43.0,84676.44,113.96,16,1,0,190.47
42.0,70163.72,196.2,13,1,0,318.61
42.0,83560.6,3.58,14,0,0,193.61
33.0,49775.9,572.38,13,0,0,210.64
52.0,108947.64,156.44,10,1,0,162.48
29.0,94815.7,844.2,18,0,0,246.68
46.0,36376.81,222.5,12,1,0,146.94
35.0,43122.42,326.92,13,1,1,125.57
28.0,43826.96,1686.14,14,1,0,305.74
42.0,86949.25,138.65,17,1,0,167.51
40.0,37881.81,638.73,15,1,0,107.94
39.0,61724.39,703.49,16,1,0,175.36
36.0,81367.61,124.87,13,0,0,275.6
35.0,68345.85,347.57,12,0,0,214.12
64.0,76472.19,215.55,13,1,1,235.12
49.0,43354.93,739.0,14,1,0,221.38
44.0,84871.36,487.07,8,1,0,293.94
36.0,54669.7,323.12,16,1,0,140.59
47.0,61884.51,755.62,14,1,0,269.29
41.0,75943.29,134.04,21,1,0,223.63
35.0,72576.96,700.44,18,1,0,271.76
31.0,70599.5,1002.63,12,1,0,233.77
34.0,51234.33,1054.42,12,1,0,174.96
18.0,62511.26,765.48,14,0,0,138.93
38.0,70054.59,262.14,12,0,0,159.55
29.0,35622.87,2003.39,7,1,0,289.19
54.0,58436.68,238.69,14,1,0,148.42
35.0,79692.0,508.92,14,0,1,329.49
21.0,38064.08,87.82,15,1,0,191.56
34.0,98914.54,1967.36,20,1,0,387.59
22.0,101740.33,608.67,13,1,0,285.91
41.0,38871.24,699.95,12,1,1,138.89
38.0,103940.49,34.02,22,1,0,328.68
46.0,66410.46,720.73,12,1,0,165.1
26.0,80462.86,745.21,12,1,1,331.31
35.0,57583.72,557.02,11,0,0,233.66
19.0,93076.12,172.59,20,1,0,225.72
43.0,80152.35,336.37,10,1,0,306.1
41.0,49646.17,58.51,16,1,0,159.14
41.0,40869.95,318.94,16,1,1,185.46
35.0,33492.44,139.74,15,1,0,153.16
40.0,74698.54,214.7,21,1,1,329.14
54.0,84311.79,88.73,17,1,0,160.49
32.0,86274.14,130.72,12,1,0,259.77
37.0,67050.47,39.83,20,0,0,136.97
22.0,41075.09,1262.25,21,0,0,211.2
25.0,52948.13,377.95,14,1,1,251.0
36.0,98808.72,252.71,14,1,0,225.85
48.0,57884.29,382.89,15,0,0,152.33
32.0,73585.44,494.82,15,1,0,265.89
32.0,43108.74,1274.75,18,0,0,151.25
30.0,78414.58,98.43,19,1,0,125.59
29.0,58557.89,175.17,8,1,0,202.37
39.0,96167.82,1860.48,16,1,0,392.74
18.0,89338.94,231.97,11,0,0,279.45
50.0,57607.35,11.41,16,1,0,152.25
27.0,66833.4,79.88,19,0,0,86.97
44.0,56222.09,13.35,13,0,0,140.92
20.0,34514.17,2298.76,17,1,0,341.63
43.0,48563.94,163.47,9,1,0,157.18
43.0,74955.43,1285.51,17,1,1,361.97
40.0,78131.49,2746.71,17,1,1,529.06
23.0,73713.7,457.95,17,0,0,181.22
38.0,62456.67,16.88,14,1,0,82.34
21.0,93326.67,42.56,19,1,0,129.77
32.0,71588.55,328.49,22,1,0,201.53
47.0,87581.35,260.58,22,0,0,163.65
45.0,25655.62,465.93,18,1,0,140.68
35.0,20000.0,288.88,12,0,0,65.13
23.0,77094.7,1359.63,23,0,0,228.5
43.0,34380.86,382.58,17,0,0,102.62
35.0,64688.71,591.64,20,1,1,387.83
18.0,62447.57,1134.02,16,1,0,251.52
44.0,109685.02,79.42,18,1,0,273.61
35.0,79999.91,130.51,9,1,0,213.49
49.0,74146.48,56.76,13,0,0,107.71
22.0,90924.78,75.2,13,1,0,285.82
18.0,79212.44,359.32,15,1,0,201.97
38.0,58558.08,193.7,10,1,1,177.84
38.0,96786.9,275.11,7,1,1,346.51
18.0,42256.25,2022.49,16,1,0,294.45
23.0,78081.18,85.22,18,1,1,320.11
68.0,31310.76,389.15,21,1,0,75.5
31.0,75098.6,52.05,18,1,0,300.42
44.0,74824.74,191.73,21,1,0,129.96
27.0,111911.37,374.89,17,1,0,307.91
18.0,30875.65,1465.27,18,1,1,182.96
33.0,54977.82,248.16,13,0,0,152.59
32.0,90567.06,33.55,19,0,0,214.85
30.0,78382.93,245.64,23,1,0,129.35
34.0,74507.63,78.76,14,1,1,349.04
38.0,46096.61,130.68,13,1,1,215.5
33.0,55229.54,481.29,11,0,0,170.71
20.0,101126.03,34.9,13,0,0,250.93
41.0,68712.27,312.49,20,1,1,234.8
18.0,79383.99,470.11,12,0,0,294.35
18.0,67120.29,273.97,15,1,1,328.02
44.0,40422.86,9.66,17,1,0,116.48
41.0,93345.26,2117.47,13,0,0,453.02
34.0,82580.81,228.73,12,1,0,140.18
18.0,127640.92,753.84,14,1,0,426.01
27.0,44610.47,197.0,11,0,0,131.95
32.0,90564.32,322.19,17,1,0,280.6
18.0,37211.4,245.89,15,0,1,222.22
26.0,73933.66,209.69,8,1,1,351.69
43.0,94412.66,11.05,15,1,0,157.54
52.0,20000.0,223.16,9,1,0,48.29
30.0,64876.69,1101.32,13,1,0,376.3
44.0,55919.76,586.23,9,0,1,197.88
18.0,52451.07,78.57,12,0,0,83.88
43.0,79630.32,447.21,13,1,1,325.82
25.0,98017.14,1113.88,17,1,0,325.67
39.0,66668.03,602.04,13,0,0,190.54
32.0,75137.16,80.49,11,0,0,217.13
51.0,72857.72,1011.84,12,0,0,318.0
25.0,70045.09,179.44,17,1,0,173.13
43.0,42766.43,302.64,14,1,1,183.37
32.0,97711.12,373.42,13,0,0,255.65
33.0,77379.88,950.25,10,0,1,353.25
33.0,79872.04,1341.25,11,1,0,236.96
25.0,49837.26,1327.16,19,1,0,259.44
35.0,58519.49,3.99,21,1,0,163.73
34.0,65596.65,1274.81,15,0,0,270.98
38.0,31646.88,27.96,9,0,0,-15.16
36.0,27799.14,154.47,12,0,0,68.46
45.0,54981.3,361.79,16,1,0,209.43
46.0,83063.02,326.89,16,1,0,144.9
22.0,53671.57,464.07,18,0,1,282.52
45.0,44529.87,326.43,19,1,0,111.43
21.0,49632.86,1361.9,11,1,0,262.52
42.0,58616.44,137.58,12,1,0,122.7
42.0,61153.53,160.12,12,0,0,107.54
18.0,124138.04,1267.5,17,1,0,462.74
36.0,96365.52,39.92,17,1,1,369.32
29.0,95619.35,470.24,18,1,0,284.5
26.0,99214.51,572.44,16,1,0,319.1
51.0,45029.48,352.15,15,1,0,170.41
27.0,39440.88,592.46,18,1,0,199.33
25.0,42328.24,94.83,14,0,0,82.94
36.0,103362.65,957.41,14,1,0,393.35
43.0,56320.21,75.43,22,1,0,190.6
33.0,38716.1,256.09,11,0,0,150.07
49.0,59225.09,39.12,19,1,0,119.96
41.0,64034.86,393.96,21,1,0,114.29
18.0,76710.33,553.95,10,1,0,250.25
29.0,76273.78,1416.99,22,0,0,384.49
28.0,49295.49,672.26,7,0,0,143.78
41.0,87141.41,389.46,13,1,1,392.4
18.0,54020.16,1348.68,18,1,0,233.34
66.0,66093.09,325.46,11,0,0,173.43
41.0,87169.35,411.86,7,1,0,192.75
37.0,53954.46,453.29,16,0,0,133.61
49.0,55766.21,263.8,12,1,0,196.25
63.0,84791.7,911.57,9,1,0,331.3
45.0,48556.67,102.39,14,1,0,141.15
46.0,60380.2,404.66,13,1,0,160.19
37.0,83893.55,640.49,10,1,1,309.77
33.0,121352.31,1171.58,12,1,1,531.15
29.0,85135.11,1076.73,11,1,0,287.7
25.0,81815.99,355.39,10,1,0,239.73
27.0,83270.04,515.24,16,1,0,220.0
19.0,43170.24,250.63,15,1,0,116.62
34.0,72889.92,315.72,15,0,0,205.3
18.0,69255.84,1183.65,10,0,0,304.49
37.0,78039.61,1334.68,18,1,1,461.64
35.0,72912.7,1128.87,14,1,0,263.86
37.0,79492.49,74.47,17,1,0,209.71
29.0,62213.32,948.84,25,1,0,309.49
72.0,71465.22,1481.77,16,1,0,337.71
51.0,39304.29,224.12,19,1,0,171.23
20.0,62002.32,365.58,17,0,1,235.0
38.0,104770.84,755.01,14,1,0,271.03
28.0,77970.21,412.86,23,1,0,193.26
23.0,69476.97,2516.71,13,0,1,507.54
19.0,117403.08,304.14,17,1,1,480.2
40.0,35979.13,625.78,24,1,0,100.05
27.0,42263.61,786.53,14,1,0,180.75
47.0,112817.79,340.71,18,0,0,327.45
47.0,71149.02,972.4,11,1,0,278.32
51.0,63935.42,395.0,13,1,0,190.83
25.0,40019.89,265.22,16,0,0,136.49
41.0,81192.41,57.05,27,1,0,107.71
43.0,83611.5,249.95,5,0,0,175.03
29.0,42637.64,662.01,15,1,0,92.07
26.0,66493.11,1270.97,15,0,0,290.42
54.0,61612.1,144.96,13,0,0,207.66
38.0,76399.43,219.44,19,1,0,225.02
43.0,42018.74,83.59,16,1,0,167.58
25.0,101298.69,586.76,16,0,0,351.98
20.0,92895.59,1611.8,17,1,0,370.2
28.0,60920.61,512.15,19,1,0,181.83
34.0,64589.53,479.96,10,0,0,280.97
22.0,66589.45,403.15,9,1,0,170.44
35.0,50542.29,46.31,13,1,0,70.79
18.0,58914.26,653.75,15,1,0,186.26
22.0,63243.24,460.71,16,1,1,257.73
43.0,110321.71,541.58,14,1,1,425.51
42.0,93665.46,1145.38,18,1,0,273.37
30.0,93366.37,766.15,15,0,0,301.83
23.0,79248.14,759.15,18,1,1,325.31
23.0,42066.82,1309.91,21,1,1,352.77
31.0,68962.72,2299.34,18,0,1,413.33
43.0,94262.21,435.28,12,1,0,251.08
46.0,38543.38,57.64,18,1,0,80.1
29.0,85913.83,307.29,20,0,0,224.1
21.0,128065.23,774.64,13,1,1,558.92
38.0,96545.42,14.06,9,1,1,354.75
25.0,105350.73,29.28,18,1,0,221.2
29.0,75458.47,34.76,15,1,0,208.96
51.0,94198.3,656.59,6,0,0,334.21
45.0,52053.67,347.74,17,1,0,168.34
37.0,89896.6,230.14,16,1,0,240.19
20.0,86359.7,55.81,11,0,0,238.63
38.0,77247.78,658.83,9,1,0,170.18
48.0,102900.19,193.58,13,1,0,231.62
30.0,56530.38,154.16,18,1,0,161.29
51.0,65323.56,528.24,18,1,0,182.89
51.0,72386.55,409.37,19,1,0,183.3
55.0,44259.73,225.03,10,1,0,159.77
39.0,75673.3,512.9,23,1,0,226.52
42.0,27026.74,158.19,22,1,0,99.23
52.0,96173.86,791.96,22,1,0,237.93
40.0,71165.93,130.24,13,0,0,108.47
29.0,56977.68,86.49,18,1,0,176.82
30.0,49140.66,762.64,18,1,0,151.42
38.0,64135.52,615.32,15,1,0,169.23
20.0,87206.49,100.84,12,1,0,165.41
33.0,83693.47,61.79,19,1,0,243.12
48.0,52361.55,911.31,15,0,0,226.46
18.0,48849.01,749.39,12,0,0,215.76
53.0,86422.47,198.2,24,1,0,229.14
48.0,51941.31,536.76,19,1,0,167.44
29.0,71497.74,66.29,15,1,0,220.26
42.0,73093.87,353.67,14,1,0,143.71
35.0,77801.55,9.45,11,1,0,130.27
50.0,91456.76,248.46,16,1,0,168.72
47.0,38425.93,38.9,9,1,0,133.82
18.0,22221.02,322.32,11,1,0,129.99
42.0,55813.82,273.82,16,1,0,133.38
33.0,115038.21,293.84,7,0,0,283.84
36.0,120554.35,23.2,18,0,0,320.83
26.0,115779.43,224.41,13,1,0,243.28
56.0,65175.47,706.29,16,1,0,233.75
47.0,25447.12,230.16,17,1,0,55.62
26.0,20000.0,627.93,15,0,0,177.59
19.0,54649.05,230.6,21,0,0,171.78
30.0,65048.16,275.16,21,0,0,95.67
40.0,102515.64,414.93,20,1,0,243.48
38.0,91695.14,1504.73,11,1,1,368.17
50.0,75685.13,57.63,19,1,0,214.16
44.0,47753.88,16.73,14,1,0,221.55
47.0,45980.51,468.19,15,1,1,109.92
39.0,76353.19,1488.92,9,1,1,356.64
18.0,87426.27,2288.93,12,0,0,438.11
33.0,79797.03,330.98,18,0,0,205.77
48.0,44135.05,315.63,18,1,0,113.29
34.0,86266.69,517.77,15,0,0,157.43
41.0,80647.77,405.55,20,1,0,228.02
31.0,43233.34,502.68,18,0,0,195.11
23.0,50391.98,1035.73,19,0,0,358.71
34.0,87212.4,685.81,15,1,0,328.37
39.0,64137.31,343.46,17,1,0,113.68
27.0,109728.68,309.82,24,1,0,251.85
32.0,82528.23,510.27,21,0,0,253.69
24.0,57834.22,304.13,10,1,0,141.67
48.0,69744.86,306.04,15,0,0,229.09
31.0,71584.58,8.22,17,1,0,195.16
52.0,51790.24,95.62,20,1,0,185.01
53.0,47185.3,335.22,16,0,0,186.0
34.0,87534.75,864.82,10,1,0,305.81
23.0,91131.83,163.37,17,1,1,299.89
18.0,85094.54,369.75,12,1,1,282.1
18.0,107882.95,211.53,12,1,0,273.87
19.0,56455.67,55.36,20,1,1,192.95
52.0,111856.77,1588.61,12,1,0,393.21
36.0,47476.97,964.39,13,1,0,271.48
40.0,44682.86,40.87,12,0,0,187.9
18.0,26001.03,636.1,13,1,0,77.84
21.0,58855.12,213.53,19,0,0,140.54
46.0,57406.94,2634.36,13,1,1,452.67
38.0,83148.43,180.05,15,1,0,220.05
33.0,76097.27,136.39,13,1,0,76.52
42.0,40175.67,419.54,11,1,0,77.26
55.0,60181.84,901.29,14,1,0,226.62
32.0,60713.45,106.92,14,1,1,275.46
36.0,25600.44,617.91,19,0,0,128.76
37.0,45476.33,31.69,11,1,0,155.7
64.0,50729.66,1256.25,19,1,1,305.33
18.0,105840.63,42.28,14,1,0,301.72
43.0,74786.27,1228.05,16,0,1,455.36
34.0,86554.22,337.46,8,1,0,202.83
42.0,32534.11,297.19,12,0,0,164.97
27.0,99855.36,1811.68,15,1,0,426.28
34.0,102527.55,2322.17,17,1,1,701.33
44.0,20041.38,525.17,10,1,1,118.48
72.0,52367.08,67.98,13,0,0,129.7
45.0,82394.14,352.78,12,1,0,174.45
25.0,86109.71,376.62,17,1,0,177.23
