distance,package_weight,driver_experience,traffic_index,is_rush_hour,weather_bad,ai_optimized_route,delivery_time
26.55,8.4,8,3.7,0,0,0,80.5
70.07,1.37,3,4.1,0,0,0,148.4
151.3,21.52,9,7.6,0,0,1,247.4
64.89,3.68,3,8.2,0,0,1,115.0
71.95,4.82,2,4.8,0,0,0,137.6
62.05,11.4,3,2.5,0,0,0,131.1
91.79,3.69,3,4.9,0,0,0,165.8
17.25,11.32,7,8.7,1,1,0,106.3
242.06,6.06,5,2.1,0,0,1,331.3
79.44,3.58,4,1.8,0,0,0,143.5
70.92,10.36,5,10.0,0,1,0,160.1
4.69,3.97,4,3.3,0,0,0,63.8
20.26,7.18,3,7.9,0,1,0,116.0
14.61,1.93,4,5.3,0,0,0,36.2
5.94,28.75,4,8.2,0,0,0,79.3
122.66,1.66,8,8.2,0,0,0,215.0
47.09,6.43,5,2.1,0,0,0,94.3
113.62,15.48,6,8.6,0,1,0,256.4
38.0,22.53,8,2.5,1,0,0,73.7
120.81,6.92,1,4.0,1,0,1,175.7
130.26,4.44,6,3.0,0,0,0,228.8
52.84,8.6,8,7.1,0,0,0,162.5
34.76,1.65,7,8.4,1,1,0,121.5
12.53,0.75,1,8.0,0,0,0,50.6
122.72,7.44,4,3.0,0,0,0,196.3
75.63,9.44,5,3.6,1,0,1,131.2
20.44,7.89,3,2.7,0,0,0,61.1
55.03,9.27,4,5.7,1,1,0,153.2
47.22,31.0,8,5.9,1,0,0,151.0
5.69,7.63,3,6.1,0,1,0,64.3
133.77,11.61,6,5.4,0,0,0,246.7
1.0,4.67,6,8.4,0,1,0,59.8
88.05,2.22,8,4.1,0,1,0,166.9
35.81,16.55,5,4.7,0,0,0,89.1
87.36,0.8,4,6.6,0,0,0,153.4
40.56,1.18,6,3.9,0,0,0,65.4
8.32,39.91,7,4.3,1,0,0,61.3
32.09,12.92,5,6.8,1,1,0,116.4
105.53,9.96,6,6.1,0,0,0,211.0
13.04,48.06,5,5.7,1,0,1,41.8
6.38,14.01,2,1.7,1,1,0,78.4
26.76,3.1,1,7.1,0,0,0,91.8
83.3,3.88,3,8.7,0,0,0,172.7
61.13,31.9,6,9.7,0,0,0,162.9
286.4,6.35,8,8.9,0,0,1,412.5
106.13,6.91,10,1.7,0,0,0,155.7
9.4,1.81,4,9.7,1,0,0,82.0
77.54,3.93,5,1.8,1,0,1,98.0
63.31,7.1,8,7.8,1,0,0,151.7
10.87,26.28,2,1.7,0,0,0,68.1
75.78,36.65,4,1.9,1,0,1,104.6
13.89,11.35,7,3.2,0,0,0,35.0
30.39,14.12,6,5.6,0,0,0,83.7
16.24,5.28,10,3.9,0,1,0,78.1
30.01,3.07,6,7.6,1,0,1,51.1
17.97,5.83,4,7.7,0,0,0,84.5
53.81,13.94,3,6.2,0,0,0,101.2
81.0,2.29,3,3.8,0,0,0,163.4
1.0,2.49,4,1.7,0,0,1,27.0
25.76,16.47,5,6.5,1,0,1,61.7
7.86,1.07,6,1.5,0,0,0,16.9
1.0,1.91,5,5.3,0,0,0,30.8
204.21,6.03,7,5.1,0,1,1,321.0
56.0,75.45,5,9.3,0,0,0,149.8
30.1,3.94,2,8.1,0,0,0,117.0
28.19,9.69,8,8.2,0,1,0,97.4
91.9,6.14,3,1.2,0,0,0,186.0
42.29,6.77,4,7.7,0,0,0,107.0
69.12,0.87,8,3.5,1,0,1,78.5
126.55,30.86,7,3.5,1,0,1,186.0
107.52,3.11,7,1.7,0,0,0,177.1
4.99,1.96,8,1.8,0,0,0,12.8
33.27,80.9,7,4.4,1,0,0,97.5
50.19,4.86,3,9.9,0,0,0,130.3
31.11,29.58,0,4.1,0,0,0,120.0
17.14,2.32,6,1.8,1,0,0,83.1
124.11,19.4,3,6.0,0,0,0,276.8
114.45,17.77,2,8.0,0,0,0,231.4
92.21,6.01,7,7.7,1,0,0,206.0
135.44,9.08,7,9.2,0,0,0,253.0
67.94,3.15,3,5.6,1,0,1,115.2
24.7,20.65,3,8.6,0,0,0,109.5
34.43,6.71,8,1.3,0,0,0,70.0
86.87,1.67,6,9.1,0,0,0,184.5
120.71,13.36,1,2.9,0,0,0,220.3
55.5,8.35,2,2.2,0,0,1,92.7
43.51,8.74,5,9.1,0,0,0,136.8
111.64,1.44,4,1.7,0,0,1,138.9
69.32,51.99,2,6.5,0,0,0,165.9
122.23,6.85,8,5.9,0,0,1,173.9
107.27,7.89,6,1.1,0,0,1,147.8
19.93,7.1,8,7.7,0,0,0,82.4
7.02,20.49,6,3.9,0,0,0,32.3
60.56,24.65,8,1.4,0,0,0,78.1
135.73,10.76,8,1.8,0,0,1,205.8
120.11,36.15,6,3.6,0,0,0,220.3
126.28,11.1,8,6.9,1,0,0,251.6
102.43,5.61,2,7.6,1,0,1,160.3
28.84,4.0,1,9.0,0,0,0,100.9
137.88,9.28,4,5.9,0,0,1,215.0
50.68,0.37,3,4.7,0,1,1,111.8
88.69,6.26,2,8.9,1,1,1,176.7
17.77,5.75,8,4.5,1,0,1,31.1
34.66,3.47,6,5.3,0,0,0,70.4
6.25,7.15,4,4.6,0,0,0,40.3
8.37,11.38,6,7.2,0,0,0,38.1
82.32,13.17,4,7.3,1,0,0,178.0
144.06,8.29,4,6.0,0,0,1,215.6
37.5,7.86,7,6.8,0,1,0,113.8
33.26,38.91,11,2.2,0,0,0,63.7
142.54,35.17,5,8.2,0,0,1,227.2
88.96,4.62,5,7.7,0,0,0,176.5
10.09,23.08,8,1.8,1,1,1,41.7
2.14,3.28,6,6.3,1,0,0,50.3
149.98,7.59,4,3.7,0,0,1,213.2
38.87,3.36,6,7.5,1,0,1,72.2
51.98,13.1,8,9.8,0,0,0,123.5
37.85,3.39,5,1.8,0,0,1,70.9
67.09,7.88,3,6.8,1,0,0,177.1
113.92,8.99,8,8.3,1,0,0,226.9
254.04,3.44,3,2.9,0,0,1,349.9
22.6,12.31,4,2.7,0,1,0,98.7
36.65,32.59,4,5.9,1,1,0,127.0
107.5,9.64,4,2.6,0,0,0,170.3
28.61,11.77,10,4.8,0,0,0,55.3
22.24,35.23,6,4.5,0,0,0,110.7
173.59,4.11,6,5.3,1,0,1,242.9
65.82,15.83,6,8.7,0,0,0,148.9
35.36,10.12,2,9.3,1,0,0,146.5
79.46,11.21,3,8.9,0,1,0,227.9
19.21,9.59,5,3.8,0,0,0,46.4
44.48,5.77,3,7.8,0,0,1,78.5
62.02,5.52,8,4.3,0,0,1,91.5
62.93,14.58,5,9.4,1,0,1,115.3
10.9,29.99,4,3.8,1,0,0,67.5
262.34,7.79,9,2.8,1,1,1,397.3
70.11,14.51,5,8.5,1,0,1,132.6
67.94,13.36,5,3.7,0,1,1,120.4
44.08,15.04,1,6.9,0,0,0,98.8
20.99,3.87,7,5.7,0,0,0,54.2
33.53,7.11,8,2.7,0,1,0,84.5
27.74,2.86,6,7.3,1,0,0,70.1
6.08,6.89,4,6.3,0,0,0,35.8
129.36,3.78,6,4.8,0,0,0,194.1
35.43,8.35,2,5.6,1,0,0,117.2
2.2,1.44,3,1.4,0,0,0,21.5
27.19,3.75,5,5.2,0,1,0,109.2
27.29,4.67,8,2.5,0,0,0,27.6
4.53,10.25,4,1.0,0,1,1,41.3
10.9,2.09,4,2.6,0,0,0,37.3
4.05,8.69,2,6.0,0,1,0,29.6
8.74,5.24,2,5.7,0,0,0,48.6
6.08,8.29,6,2.3,0,0,0,28.6
116.32,9.17,5,1.1,1,0,1,136.3
74.8,14.74,7,4.5,0,0,0,110.2
103.13,18.28,6,2.6,0,0,1,162.9
7.46,3.3,4,6.4,0,0,0,32.8
55.33,13.07,8,5.4,0,0,0,145.0
116.0,2.21,8,6.7,0,0,0,195.6
153.23,9.61,3,3.1,1,1,1,261.2
3.01,9.0,4,7.8,1,1,0,87.7
23.83,8.44,3,1.2,0,0,0,71.1
22.58,3.12,1,5.0,0,0,0,103.6
10.36,6.97,5,4.8,1,0,1,23.2
8.38,4.19,6,9.4,0,0,0,81.3
23.18,5.5,4,6.5,0,1,0,86.4
62.21,42.02,4,8.9,1,0,1,157.1
65.59,9.14,3,6.8,0,1,0,168.1
43.05,18.43,5,4.7,0,0,1,95.1
77.07,52.38,5,9.2,0,0,0,203.8
60.84,3.26,4,9.4,0,0,0,151.2
79.37,2.43,5,9.8,0,0,0,187.2
184.12,29.3,4,4.2,1,0,1,253.6
43.31,2.11,5,1.8,0,0,0,62.1
72.72,2.84,6,2.0,1,0,0,141.4
89.58,12.53,7,4.9,0,0,0,173.5
122.05,3.96,4,2.2,0,1,0,233.5
39.4,9.8,3,9.3,1,0,0,140.5
125.61,12.27,8,3.3,1,0,1,184.1
38.72,1.13,6,7.5,1,0,0,113.8
59.06,40.12,9,5.7,0,0,1,117.4
21.4,75.01,6,9.2,0,0,0,148.0
210.06,6.63,7,6.1,0,0,1,303.3
12.26,16.58,7,9.9,0,1,0,83.3
14.92,87.01,3,1.7,1,0,1,50.8
14.5,10.2,6,7.0,1,0,0,82.5
27.32,2.0,6,6.5,0,0,0,79.1
73.06,10.26,5,7.1,0,0,1,128.4
207.42,2.87,6,3.9,1,0,1,274.5
48.07,6.47,4,1.8,0,0,0,89.6
48.06,25.67,11,2.9,1,0,1,60.4
37.5,27.3,4,8.8,1,0,0,116.6
116.15,1.9,5,8.5,1,1,1,204.6
20.15,13.1,5,3.0,1,0,1,20.4
10.53,5.63,4,1.3,0,0,0,19.7
12.99,2.99,7,7.0,0,0,0,54.8
98.31,9.67,8,3.0,1,0,1,129.1
9.3,12.78,6,5.4,1,0,0,63.5
34.61,26.49,3,5.0,1,0,0,126.6
19.41,12.77,3,7.0,0,0,0,70.5
10.13,5.97,8,4.2,0,0,0,44.9
42.45,6.27,3,4.9,0,1,0,148.0
96.61,30.73,2,8.5,1,0,1,150.5
19.26,4.94,8,3.8,1,0,0,54.7
6.38,5.14,5,2.7,0,0,0,41.4
48.77,7.44,6,4.5,0,1,0,132.0
67.31,7.25,5,3.4,0,0,0,107.7
40.94,5.26,8,9.1,0,1,1,117.6
6.25,25.2,9,1.1,1,0,0,59.5
1.0,10.26,5,8.4,1,0,0,75.9
4.51,39.45,7,3.2,0,1,0,69.7
128.0,37.1,5,3.5,0,0,0,244.8
43.08,13.15,3,2.0,0,0,0,90.0
23.33,6.03,4,5.7,0,1,0,104.6
10.11,1.88,6,1.4,1,0,1,10.0
60.03,3.99,6,4.9,0,0,0,126.2
72.26,33.38,5,7.6,0,1,0,197.8
82.39,5.22,10,7.5,0,0,0,156.7
1.0,3.53,9,2.2,1,0,1,10.0
73.47,23.64,6,4.0,0,0,0,144.6
8.71,8.53,6,8.1,0,0,0,61.0
79.64,7.18,5,2.3,1,0,0,152.1
8.19,16.25,5,2.9,1,0,0,46.5
14.05,2.28,2,2.7,0,0,0,73.1
75.23,5.17,3,9.3,1,0,0,164.3
49.59,25.03,3,1.3,0,0,0,98.0
1.77,11.05,10,2.0,0,1,1,38.5
9.06,15.27,6,9.9,0,1,0,80.5
13.13,27.73,5,7.5,0,1,0,93.9
92.66,20.66,3,7.4,1,1,1,183.8
47.6,5.21,2,3.6,0,0,0,120.7
10.19,8.18,5,6.7,0,0,0,72.2
14.74,1.19,5,5.2,0,0,0,52.8
30.34,36.34,5,3.9,1,1,0,109.2
4.37,11.68,14,1.6,0,0,0,10.0
26.64,2.88,6,10.0,0,0,0,104.3
78.82,1.52,6,1.7,0,0,0,114.4
25.17,4.63,10,5.7,0,0,0,72.7
77.04,6.48,9,5.6,0,1,0,156.9
48.99,7.92,3,7.6,0,0,0,125.9
25.91,1.85,6,2.6,1,0,1,40.2
111.91,3.2,6,8.9,0,0,0,229.6
29.12,9.92,5,8.1,1,0,0,143.5
66.37,94.09,8,6.2,1,0,1,166.8
80.34,10.5,5,6.5,0,1,0,168.6
123.8,11.3,9,4.1,0,0,0,230.3
16.26,2.05,7,1.8,0,1,0,54.4
11.23,7.41,5,3.0,1,0,0,12.7
29.72,1.93,6,7.6,0,0,0,104.0
104.05,6.49,0,1.2,1,0,1,120.6
19.99,45.14,2,2.2,0,1,0,92.5
15.97,3.79,8,8.8,0,1,0,83.3
1.81,8.89,8,8.4,0,0,0,83.5
60.28,2.86,7,8.2,0,1,0,164.7
60.16,12.75,6,5.9,0,0,0,124.5
89.91,5.69,5,8.3,1,0,0,183.7
34.24,1.42,4,6.0,1,0,0,98.6
110.55,6.81,5,4.9,0,0,0,177.4
4.5,48.16,7,9.7,0,1,0,97.3
41.4,12.24,7,9.8,0,1,0,115.6
32.39,9.41,2,3.0,0,0,0,82.8
113.91,4.39,7,3.5,0,0,1,165.1
119.46,4.9,5,3.5,1,0,1,177.0
187.35,34.23,4,1.2,0,0,0,315.6
21.71,6.0,8,7.0,0,0,1,52.8
23.88,9.94,3,7.7,0,0,0,71.4
10.7,11.94,9,2.1,0,0,0,31.5
67.88,2.28,6,9.1,0,1,0,177.6
89.55,0.71,3,2.5,0,0,0,157.2
95.58,2.35,11,6.8,0,0,0,158.9
232.32,1.73,8,8.4,0,0,1,339.1
41.28,28.99,5,5.4,0,0,0,130.1
12.06,2.8,5,2.8,0,1,0,36.3
45.96,4.06,5,1.5,0,0,0,89.5
22.52,12.47,3,6.1,0,0,0,72.4
20.31,4.04,4,4.5,1,0,0,62.7
60.27,17.99,3,1.9,1,0,0,164.1
11.35,71.88,6,8.7,0,0,0,99.1
39.37,25.92,7,1.3,0,0,0,94.4
7.6,16.81,3,8.0,0,0,0,82.4
110.76,3.9,6,7.9,1,1,0,224.8
4.64,5.93,6,1.0,1,0,1,10.0
134.41,8.3,5,2.3,0,0,1,154.5
394.1,25.92,4,7.2,0,0,1,559.9
13.42,7.75,5,5.1,0,0,0,40.9
4.87,5.96,6,6.3,1,0,0,61.8
1.61,34.0,9,3.5,1,0,0,63.9
7.87,21.03,6,3.2,0,0,0,27.0
123.38,1.6,4,6.1,1,0,0,222.4
65.47,13.85,3,3.8,0,0,0,116.3
4.83,4.57,4,1.1,1,0,0,42.3
162.73,100.0,3,3.3,0,0,1,292.7
53.2,6.4,5,3.2,0,0,0,85.0
132.74,10.55,3,3.4,0,0,0,203.9
62.48,21.32,5,7.4,1,0,0,144.1
23.55,31.8,2,1.6,0,0,1,34.4
3.49,13.73,6,1.4,0,0,0,10.0
1.0,13.58,6,5.0,0,0,0,56.8
47.05,21.98,6,4.4,0,0,0,115.3
34.93,7.93,4,8.1,0,0,0,84.6
43.36,6.74,6,8.5,0,0,0,131.1
165.98,16.89,2,5.2,0,0,1,255.0
116.87,15.47,9,2.9,1,0,1,161.3
22.07,8.65,4,3.6,0,0,0,44.8
19.17,13.23,2,7.9,0,0,0,77.2
16.71,27.29,8,2.0,1,0,1,31.3
141.18,6.13,5,5.4,0,0,0,214.1
119.43,1.46,6,9.2,0,0,0,229.7
138.22,4.83,5,2.8,0,1,0,232.0
13.18,16.58,7,1.0,0,0,0,37.9
31.73,6.45,4,5.4,0,1,0,108.1
21.93,6.42,2,4.0,0,0,0,84.0
19.49,4.08,3,7.4,0,0,0,99.7
5.07,11.98,5,8.5,0,1,0,97.2
91.74,15.37,4,3.1,0,0,0,142.8
17.63,5.81,4,3.8,1,0,0,35.8
21.63,13.63,4,1.2,0,0,0,28.9
46.56,32.17,3,6.5,0,0,0,116.4
130.29,3.56,10,6.1,0,0,1,180.9
64.4,6.21,7,5.4,0,0,0,119.4
51.49,8.28,4,3.1,0,1,0,135.9
5.03,6.11,3,6.3,0,0,0,46.7
48.86,5.14,4,6.5,0,0,0,136.9
15.48,13.09,5,8.4,0,0,0,74.4
51.01,6.76,4,4.1,1,0,0,95.5
19.83,22.91,5,8.6,0,1,1,86.9
3.99,7.86,8,8.1,0,0,0,79.2
93.09,3.74,5,8.5,0,0,0,149.9
40.45,9.78,3,2.4,0,0,0,73.1
16.51,43.26,2,2.7,1,0,1,49.2
22.1,9.47,5,8.5,0,1,0,113.6
48.11,10.95,0,6.1,0,0,0,118.8
56.89,29.73,7,6.7,1,0,1,107.6
33.36,2.88,2,5.4,0,0,0,86.4
37.31,11.6,1,7.4,1,1,1,108.0
5.64,5.88,2,6.1,0,1,0,77.4
7.95,2.22,9,1.9,0,0,0,31.8
11.79,7.3,6,3.5,0,1,0,47.7
37.79,9.22,5,9.3,1,0,0,139.7
27.22,1.27,6,5.0,0,0,0,51.6
42.31,0.95,2,2.8,1,1,1,112.5
9.49,3.81,4,4.3,0,0,0,55.1
172.12,11.79,5,3.5,0,0,1,221.2
47.75,6.96,3,6.8,0,0,1,90.9
6.85,38.47,6,6.0,1,0,0,94.1
23.12,7.04,4,2.0,0,0,0,60.0
196.12,6.7,6,9.0,0,0,1,269.9
169.62,8.63,10,4.1,0,1,1,260.9
3.63,17.26,8,7.3,0,0,0,33.6
88.86,4.0,4,5.1,0,0,1,153.3
51.35,14.08,10,9.8,0,0,0,138.8
10.23,13.82,1,6.8,0,0,0,75.7
89.56,4.27,5,9.7,0,0,1,165.1
51.03,21.98,1,8.2,1,0,1,99.8
6.01,16.82,6,6.3,1,0,1,38.3
94.18,25.08,5,6.7,0,1,0,219.3
71.18,15.86,2,7.3,0,0,1,148.3
1.0,31.77,5,7.0,1,1,1,83.1
14.68,14.93,2,1.7,0,1,0,63.0
15.69,1.5,2,6.6,0,0,0,65.5
30.76,1.1,4,3.7,1,0,1,39.6
13.09,10.12,5,4.3,0,0,0,40.1
87.93,26.86,4,1.7,0,0,0,160.6
60.51,1.95,5,7.9,0,0,0,164.0
1.53,10.22,5,3.7,0,0,0,31.0
61.37,23.47,3,4.5,0,0,0,164.5
151.1,2.66,6,6.9,0,0,1,221.9
34.06,6.24,3,9.8,1,0,0,99.8
10.05,11.59,8,1.4,0,0,0,11.4
106.18,2.17,2,1.5,0,0,0,148.0
53.86,25.54,9,3.9,0,0,0,98.0
27.93,8.53,5,7.8,0,1,0,114.0
26.56,6.71,6,9.0,0,0,0,102.0
16.57,1.55,5,1.9,1,1,1,60.2
5.62,9.07,4,4.1,0,0,0,38.6
102.84,2.95,4,4.0,0,0,0,207.0
204.25,21.93,4,3.2,0,0,1,283.2
145.93,10.18,6,7.4,0,0,1,223.9
9.27,2.17,4,5.6,0,0,0,53.1
27.15,2.64,6,1.3,1,1,1,36.1
17.26,6.91,6,1.4,0,0,0,42.7
21.01,13.6,5,5.2,0,0,0,68.6
19.51,16.11,7,3.4,1,0,0,68.7
132.55,1.57,3,1.4,0,0,1,178.8
146.83,5.33,3,2.9,1,1,1,246.9
2.07,2.65,6,1.9,0,0,0,10.0
38.39,20.37,6,8.9,1,0,0,134.5
54.22,6.63,2,3.2,1,1,1,105.8
14.11,3.61,7,5.9,0,0,0,54.0
3.16,32.94,7,1.5,0,0,0,10.0
3.9,14.73,3,8.0,0,1,0,82.4
66.94,7.0,3,1.6,0,1,0,139.6
22.72,4.21,4,2.8,0,1,0,45.7
41.52,0.86,6,7.0,0,0,0,102.2
19.04,5.23,3,9.8,0,1,0,112.8
84.37,5.6,3,2.9,0,1,1,105.4
4.9,22.74,6,1.5,1,1,0,72.2
1.0,2.08,5,4.5,0,0,0,25.5
29.1,10.78,4,5.4,0,1,0,114.1
25.84,14.48,3,7.2,0,0,0,92.2
1.0,5.09,7,8.6,0,1,0,99.4
88.33,7.18,8,4.9,0,0,0,159.1
38.63,11.42,2,7.3,1,0,0,130.1
91.82,6.43,6,2.8,0,0,1,139.4
30.59,57.78,7,9.4,0,1,0,118.8
48.33,24.2,6,4.4,1,1,1,104.5
1.41,10.87,8,2.3,1,0,0,10.0
76.54,7.33,4,4.4,1,0,0,143.9
3.23,16.35,8,2.6,1,0,0,44.3
15.92,6.95,8,4.0,0,0,0,71.4
31.7,2.29,4,8.0,1,0,0,118.4
14.5,12.84,7,1.9,0,0,0,30.7
3.04,5.07,6,1.7,1,0,0,24.7
61.0,10.02,2,2.3,0,0,0,118.0
25.12,5.07,1,4.9,1,0,0,78.0
67.32,2.84,0,2.3,0,1,0,168.8
13.66,64.0,8,7.9,0,0,0,69.8
32.02,3.06,8,7.1,1,0,0,118.4
21.9,11.61,5,9.2,1,0,1,75.4
28.56,21.33,4,9.5,1,1,0,135.6
180.34,11.26,6,4.4,0,0,1,259.6
25.48,25.98,5,6.0,0,0,0,84.4
36.17,13.61,3,7.3,1,0,0,112.5
160.42,0.71,5,6.9,0,1,1,271.6
2.53,1.99,4,1.4,0,0,0,10.0
19.18,8.5,3,5.7,0,0,0,70.4
11.41,2.5,3,5.7,0,1,0,65.2
30.08,11.74,5,4.2,0,0,0,87.6
6.33,53.54,5,4.1,0,0,0,77.2
30.85,11.93,4,5.3,0,1,0,98.0
17.21,8.92,4,3.0,0,0,0,41.4
172.17,28.47,8,8.2,0,1,0,335.3
8.71,32.06,3,4.6,0,0,0,71.1
31.23,15.47,5,9.7,0,0,0,118.0
57.88,4.73,7,3.0,0,0,0,117.5
46.2,6.45,4,6.1,1,0,0,136.3
20.11,3.78,8,4.6,0,0,0,54.6
15.51,5.16,2,5.4,0,0,0,51.9
26.4,14.82,5,7.1,1,0,0,96.7
3.63,13.15,5,5.8,0,0,0,55.3
20.89,8.06,2,5.1,1,0,0,98.1
45.5,11.01,3,7.8,0,0,0,104.4
224.0,14.94,6,9.0,1,0,1,340.4
50.01,7.11,4,2.0,0,0,0,77.3
146.57,9.24,4,7.6,1,0,1,230.7
1.0,14.3,6,1.4,0,0,0,35.5
74.17,3.78,4,2.5,1,0,0,148.1
31.18,13.6,11,4.4,0,0,0,72.9
48.15,0.88,5,1.5,0,0,1,44.1
22.18,9.01,6,2.2,0,0,0,55.1
17.41,4.35,4,8.0,0,1,0,66.1
21.65,0.62,4,3.8,0,0,0,43.6
45.63,11.53,6,4.0,1,0,1,72.7
48.06,5.38,7,9.2,1,1,0,172.3
40.16,1.86,6,8.7,0,0,0,103.9
26.13,13.94,1,6.6,0,0,0,81.3
76.4,3.0,3,6.4,0,0,0,143.9
79.68,6.25,3,1.5,1,0,1,101.2
63.94,26.36,5,5.7,0,1,0,189.1
9.47,10.93,2,2.1,0,0,0,33.8
23.0,2.69,8,3.2,1,0,0,58.8
120.55,11.68,9,7.1,0,1,1,209.3
31.44,26.16,4,1.1,0,0,0,55.3
36.92,9.03,8,2.1,0,0,0,77.2
85.94,11.2,5,2.6,0,0,0,154.6
139.39,13.62,7,4.3,0,0,0,232.1
137.68,8.33,2,3.6,1,0,1,210.1
14.73,7.15,6,5.6,1,0,0,46.5
3.78,10.92,5,8.7,0,0,0,48.5
36.62,10.62,8,3.1,0,1,0,94.7
59.74,11.71,6,5.9,0,0,0,103.9
73.09,14.8,7,4.3,0,0,1,100.2
54.81,0.38,6,9.6,0,0,1,115.9
4.65,9.36,8,8.9,0,0,0,67.5
20.35,6.77,5,5.4,0,0,0,26.4
1.0,36.89,4,6.6,0,1,0,57.8
78.82,6.03,5,3.1,1,0,0,153.9
4.47,9.98,5,5.4,0,0,0,46.1
45.95,3.64,6,8.0,1,0,1,73.6
21.05,15.77,3,2.3,1,0,0,102.5
30.95,3.14,7,3.9,0,1,0,108.3
17.3,6.93,3,9.4,0,0,0,83.3
67.16,100.0,5,2.1,1,0,0,174.6
20.12,4.64,6,4.0,0,0,0,60.5
62.87,4.3,6,2.4,0,0,0,125.2
24.19,2.76,5,2.5,0,0,0,46.2
26.25,5.25,1,5.0,0,0,0,94.4
39.41,1.81,7,5.4,0,1,0,101.9
28.56,2.83,4,6.7,0,1,0,70.2
44.71,10.7,4,9.9,0,0,0,143.2
124.96,19.68,3,9.6,0,0,0,262.1
22.46,0.81,7,7.7,1,0,1,61.0
61.9,12.24,3,9.3,1,1,0,176.4
103.36,25.21,9,9.6,1,1,1,201.8
4.28,2.85,7,1.1,0,0,0,10.0
40.83,42.64,8,7.0,0,1,0,150.9
6.32,27.62,5,3.5,0,0,0,38.8
77.49,3.56,2,2.4,0,0,0,134.1
23.18,8.06,7,1.2,1,1,1,40.9
35.83,20.09,5,6.6,1,1,0,132.0
38.01,18.14,5,7.4,0,0,0,123.6
43.79,5.91,4,6.2,0,0,0,81.8
194.58,3.57,2,5.7,0,0,1,277.6
35.85,22.57,7,6.0,1,1,1,155.5
69.33,7.58,2,6.1,1,0,1,107.5
187.8,2.71,6,2.7,1,0,1,257.2
72.11,0.2,3,8.3,0,0,0,169.3
89.74,3.98,4,7.2,0,1,1,172.3
2.27,8.71,6,2.6,0,0,0,31.6
10.46,24.6,6,5.3,1,0,0,49.2
56.79,1.91,5,4.9,0,0,0,136.4
116.04,5.18,5,3.5,0,1,0,220.2
3.26,7.4,8,6.7,0,1,0,51.8
82.91,43.13,7,8.9,1,1,1,202.3
10.31,1.37,8,6.8,0,0,0,27.9
29.48,7.7,3,3.7,0,1,0,88.2
92.87,4.8,7,1.5,1,1,1,187.1
9.41,3.21,8,1.7,1,0,0,15.3
53.26,12.1,4,4.2,1,0,0,113.4
88.44,24.25,6,6.4,0,0,1,159.4
49.28,1.93,8,9.4,0,0,0,97.8
1.42,2.8,2,5.1,0,1,1,47.4
53.23,1.37,5,7.7,0,0,0,118.6
10.1,6.45,5,1.1,0,0,0,42.8
9.92,8.1,7,6.6,1,0,0,66.6
24.83,14.96,6,3.3,0,0,0,90.2
74.07,7.21,5,9.0,1,0,0,186.6
5.13,7.64,8,5.2,0,0,0,28.8
33.34,34.3,7,7.5,1,0,0,126.2
109.99,16.49,6,5.5,1,0,1,167.2
32.93,0.95,4,5.0,1,0,0,101.9
18.66,15.64,4,1.1,1,0,0,57.4
16.32,4.33,2,6.7,0,0,0,41.2
221.87,5.59,7,2.3,0,0,0,350.4
5.7,6.71,4,8.1,1,0,0,76.5
26.53,3.28,6,6.9,0,0,0,72.7
69.23,14.03,0,7.8,0,1,0,173.4
18.34,1.37,5,8.7,0,0,0,84.5
93.0,19.36,8,6.0,0,0,0,166.4
47.82,27.13,6,4.1,0,0,0,106.2
30.89,10.4,4,4.4,0,0,0,98.6
129.55,12.91,10,2.8,0,0,0,205.3
23.48,1.44,8,1.7,1,0,0,60.4
168.65,2.14,7,8.7,0,1,0,333.1
3.75,8.01,2,5.1,0,0,0,16.8
2.01,3.69,5,3.0,1,0,0,37.6
4.27,2.29,2,7.4,0,0,0,67.7
4.44,23.36,3,6.5,0,0,0,52.4
13.2,4.94,1,3.2,0,0,0,33.2
26.16,20.19,2,2.3,0,1,0,107.9
83.4,1.86,5,7.8,0,0,0,157.1
24.76,2.51,8,2.7,0,0,0,65.0
6.77,15.1,2,7.5,0,0,0,65.4
1.57,7.19,11,1.3,1,0,0,39.8
40.79,21.04,8,4.0,0,0,0,96.7
13.15,9.14,8,4.3,0,1,0,46.6
22.39,38.98,6,4.9,1,0,1,87.3
13.85,23.31,3,5.8,1,0,0,91.8
26.0,12.29,4,2.4,1,0,0,59.8
180.74,2.62,5,5.6,0,0,1,270.4
180.8,2.72,4,7.2,0,0,1,287.6
62.42,1.32,2,8.0,0,0,0,148.0
13.49,15.08,6,4.2,0,0,0,33.2
96.19,5.72,5,5.3,1,0,0,185.3
1.0,1.2,3,8.6,0,0,0,52.1
36.15,5.92,4,9.2,1,1,1,102.9
104.76,6.8,6,4.8,0,0,1,130.3
27.12,6.05,7,1.8,0,0,1,19.9
14.06,6.59,5,4.4,1,0,1,41.8
49.19,35.83,4,9.9,1,1,0,169.2
85.28,6.55,5,7.9,0,0,0,156.7
55.33,1.66,6,8.2,1,0,0,172.4
14.56,5.66,5,9.1,0,0,0,70.1
6.7,12.5,8,1.0,0,0,0,23.6
16.0,3.38,6,3.5,0,0,0,55.0
7.74,11.01,3,6.2,0,0,1,39.7
159.06,7.58,3,2.6,1,0,1,206.8
22.95,21.77,4,3.1,0,0,0,48.5
171.37,15.6,4,9.5,0,0,1,293.9
42.95,4.69,6,9.9,0,0,0,137.8
58.64,5.03,12,8.5,0,1,0,148.7
120.28,2.9,4,9.7,1,0,1,199.0
252.77,8.21,5,7.1,0,0,1,329.9
148.85,6.73,2,1.4,0,0,0,250.8
29.67,1.27,2,4.8,1,0,0,68.6
59.0,4.35,5,8.0,1,1,1,131.7
24.58,9.12,12,9.5,0,0,0,88.7
49.75,3.21,2,8.2,0,0,0,116.5
36.93,25.37,4,8.7,0,0,1,100.9
1.0,9.06,3,6.4,1,1,0,60.4
100.47,3.0,3,5.9,0,0,1,175.8
22.04,7.47,4,2.7,1,0,0,76.9
29.81,7.73,7,3.0,0,0,0,68.4
21.14,11.61,2,7.0,0,0,0,81.2
33.01,4.52,5,6.3,0,1,0,122.3
34.3,8.58,4,8.5,1,1,1,120.1
50.04,2.66,9,6.9,1,0,0,121.4
23.56,2.7,4,7.1,0,1,0,81.8
12.95,9.17,5,1.8,1,0,0,36.3
25.28,1.8,3,7.4,0,0,0,71.8
19.4,5.36,4,10.0,1,0,0,115.1
41.99,82.99,4,3.8,0,0,0,161.6
64.81,17.44,5,4.8,1,0,0,142.7
63.1,17.59,6,5.7,0,0,0,136.5
111.1,47.3,4,5.1,1,0,1,197.7
11.5,3.69,4,2.1,0,1,0,53.4
34.99,9.8,4,6.2,1,0,1,76.1
48.95,21.03,6,5.6,0,0,0,100.9
36.23,1.33,1,6.3,0,0,0,85.1
51.18,8.12,4,5.8,1,0,0,120.1
97.35,4.22,9,2.1,0,0,0,176.9
4.82,12.11,1,4.4,0,0,0,66.5
23.32,5.44,3,8.3,0,0,0,83.1
35.2,32.9,2,9.8,0,1,0,173.2
37.04,3.61,5,9.9,1,0,0,140.4
1.0,19.87,4,7.8,0,0,0,35.5
43.01,25.41,6,4.7,0,0,0,116.7
59.51,6.25,6,1.3,0,1,0,118.5
24.69,2.72,10,5.5,0,0,0,68.6
122.27,1.32,8,3.4,0,0,0,223.0
57.04,48.57,7,3.8,1,0,1,95.5
49.75,20.06,3,5.6,0,0,0,107.6
11.48,11.41,8,3.0,1,0,0,30.9
198.45,2.2,3,5.5,0,0,0,318.3
31.28,32.05,7,9.1,0,0,0,108.1
1.79,6.73,7,3.7,0,0,1,10.2
3.85,7.33,3,5.0,0,1,0,78.5
20.47,65.39,4,3.5,1,1,1,58.9
2.11,9.88,6,6.9,0,0,0,64.7
9.23,20.94,3,8.4,0,1,0,125.2
56.64,1.84,3,9.7,0,0,0,142.8
20.97,6.41,7,6.7,1,0,1,76.1
26.54,4.7,7,4.1,1,0,0,72.8
152.6,5.06,5,3.3,1,1,0,305.6
51.87,8.02,6,1.5,0,0,0,78.2
17.25,11.28,12,4.1,1,0,0,55.1
20.83,8.14,4,8.2,0,0,0,88.7
145.49,6.55,4,8.2,0,0,1,211.6
29.52,5.39,9,8.6,1,0,0,129.1
28.75,18.18,6,4.6,1,0,0,88.5
16.07,20.26,3,6.7,0,0,0,71.9
19.34,4.96,4,2.4,0,0,0,38.7
71.01,73.42,7,6.6,0,1,0,196.9
83.78,0.45,7,6.8,1,0,1,126.6
13.96,12.25,5,6.5,0,0,0,81.6
139.67,1.34,2,4.0,1,1,1,245.2
19.13,20.38,5,6.8,1,0,0,101.3
61.9,45.04,4,1.0,0,0,0,139.2
48.21,13.58,4,4.9,0,0,0,113.8
1.51,48.47,7,5.2,0,1,0,40.1
98.78,9.53,4,1.6,0,0,0,175.3
49.88,39.31,6,1.6,0,0,0,106.0
43.3,4.12,5,8.5,0,1,0,139.3
40.17,4.16,1,7.1,0,0,0,117.1
54.7,8.36,3,6.7,0,0,0,128.5
4.3,65.81,4,4.4,1,0,0,96.7
70.84,18.64,4,2.0,1,1,0,165.4
18.22,1.06,1,4.5,0,1,0,78.3
27.38,21.59,1,8.3,0,0,0,103.3
2.11,25.26,4,1.8,0,1,1,47.8
7.4,2.84,6,8.9,1,0,0,81.9
82.24,13.65,6,7.2,0,0,0,161.1
22.83,10.32,3,3.4,0,1,0,85.7
64.98,4.76,3,8.0,1,1,0,170.1
23.35,5.3,5,7.3,0,1,0,105.0
101.36,1.15,9,9.4,0,1,0,234.6
33.7,4.72,1,4.1,0,1,0,90.1
19.43,5.72,8,3.8,0,0,0,51.4
77.84,5.64,4,2.9,0,0,0,173.7
42.06,6.3,7,8.6,0,0,0,108.5
41.49,51.29,6,8.1,0,1,0,147.8
64.11,10.78,7,1.7,0,0,0,99.1
220.84,18.63,1,10.0,0,0,1,347.0
23.21,14.58,3,3.4,0,1,0,84.3
38.11,7.79,7,8.4,0,0,0,80.0
17.56,39.75,3,6.8,1,0,0,84.0
24.55,38.37,5,9.0,0,0,1,100.3
3.22,18.92,5,6.1,1,0,0,39.0
25.43,9.6,7,8.2,1,0,0,87.5
10.85,7.38,5,6.2,0,0,0,28.6
46.92,12.59,2,7.8,0,0,0,114.1
2.2,1.42,6,7.2,1,0,0,39.1
6.9,8.19,3,1.4,1,1,0,66.3
38.54,22.76,5,4.5,0,0,0,116.8
26.34,1.87,6,2.1,1,0,0,67.8
26.28,1.71,7,7.7,0,0,0,82.2
38.98,4.02,6,6.1,1,1,0,149.5
13.15,3.38,5,8.0,0,0,0,63.7
7.78,15.33,6,5.1,0,0,0,22.4
4.51,11.27,4,9.5,0,0,0,67.8
105.85,33.31,2,4.9,1,1,0,238.8
74.48,2.37,7,5.6,0,1,1,135.3
23.22,8.34,4,5.0,0,0,0,81.3
16.11,42.34,7,5.7,0,0,0,72.7
36.61,36.28,3,5.9,0,0,1,110.8
4.43,1.54,4,1.7,0,0,0,15.4
124.79,1.16,4,7.4,0,0,0,241.6
42.94,14.23,9,6.1,0,0,0,71.8
133.78,2.5,6,9.5,0,0,0,260.3
145.59,4.11,8,5.2,1,1,1,227.6
39.4,14.7,3,1.5,1,0,1,73.7
34.42,8.22,8,9.0,0,0,1,116.8
18.04,26.46,4,7.5,1,0,0,110.7
85.38,2.26,4,4.1,0,0,0,129.9
146.65,8.94,3,1.5,0,0,0,234.6
9.71,5.07,6,4.8,0,0,0,29.4
76.57,13.36,1,7.7,0,0,1,143.1
10.1,10.58,3,9.4,0,0,0,102.0
9.84,11.3,8,6.5,1,0,0,31.6
15.24,28.48,9,6.0,0,1,1,86.0
58.85,17.5,5,4.6,0,0,0,122.0
3.64,34.27,5,5.3,1,0,0,50.6
19.27,6.62,5,6.4,1,0,1,53.7
37.21,18.36,5,7.0,0,0,0,103.9
79.65,4.64,7,6.7,0,0,0,165.5
20.29,4.6,7,9.3,1,0,0,77.8
34.46,2.64,8,3.7,1,0,0,63.8
49.61,81.24,7,8.0,0,0,0,150.6
14.81,3.17,5,1.8,1,0,0,60.1
132.89,22.68,4,1.9,0,1,0,271.1
22.45,14.59,5,1.2,0,0,0,52.3
68.8,11.43,3,1.3,1,0,1,109.2
55.01,10.33,4,3.5,1,0,1,91.4
51.33,8.03,5,9.8,0,0,0,143.1
26.25,4.8,3,3.4,0,0,1,46.4
100.33,38.36,8,8.3,1,0,1,191.3
76.58,3.0,2,5.1,1,0,1,117.1
41.5,9.94,6,6.9,0,0,0,73.0
18.78,9.46,6,6.7,0,1,0,83.5
40.95,14.53,8,3.2,0,0,0,59.5
4.54,21.96,7,6.5,1,0,0,94.6
39.02,5.61,4,9.0,0,0,1,111.1
60.1,7.78,7,2.5,0,0,1,87.1
127.03,3.62,6,3.6,1,0,0,216.0
63.31,17.6,7,5.3,0,0,0,152.0
13.35,20.75,4,7.2,1,1,1,69.7
2.65,4.85,2,3.9,1,0,0,80.6
16.81,13.87,3,3.8,1,1,0,81.2
25.29,10.05,5,8.1,0,0,0,89.4
1.0,7.29,0,8.7,0,1,0,96.2
145.96,25.45,3,4.1,1,0,1,208.1
44.02,60.63,4,3.0,0,0,1,98.2
145.11,2.11,5,8.4,1,0,1,224.2
21.34,10.05,5,7.1,0,0,0,69.4
63.23,2.26,7,4.7,0,1,0,148.2
51.33,2.47,0,9.3,1,1,0,151.0
14.02,5.93,8,9.4,0,0,1,19.1
15.98,4.19,4,7.7,0,0,0,44.1
25.87,1.44,4,9.4,0,0,0,90.5
10.81,29.0,5,4.2,0,0,0,60.5
20.0,7.75,7,8.4,0,1,0,84.8
42.33,6.15,3,6.0,0,0,0,110.2
13.97,7.17,8,2.3,0,0,0,57.0
16.92,19.01,7,5.1,0,0,0,67.1
113.2,3.98,6,1.2,0,0,0,190.9
31.91,6.11,7,8.0,0,1,0,103.2
61.61,0.99,5,6.5,0,1,0,161.2
15.7,6.79,5,1.6,1,0,1,20.3
45.31,1.26,4,5.6,0,0,0,104.6
57.51,13.96,4,2.3,0,0,0,83.3
18.07,3.77,3,5.4,1,0,0,76.2
28.78,6.15,5,9.8,0,0,0,119.9
92.5,2.41,3,4.9,0,0,0,145.3
60.84,6.16,6,2.6,0,0,0,110.7
112.22,31.79,5,1.5,0,1,1,217.8
10.23,5.11,3,1.4,0,0,0,10.0
55.91,3.47,7,2.2,1,0,0,141.4
1.0,3.53,5,1.7,0,0,0,29.4
13.79,10.16,1,1.1,0,1,0,75.9
3.02,45.31,7,4.0,1,0,0,71.5
70.71,4.12,6,3.8,0,0,0,128.0
35.19,6.67,4,8.7,0,0,0,97.2
35.07,0.64,4,2.0,0,0,0,38.6
26.07,3.34,6,7.5,0,0,0,75.5
2.95,7.13,6,8.6,0,0,0,52.7
71.8,12.16,9,2.5,0,0,0,124.1
63.11,1.77,5,1.9,0,0,0,125.0
62.93,33.89,3,2.4,1,0,0,106.3
257.77,3.71,3,1.2,0,0,1,323.8
91.11,20.62,4,3.0,0,0,1,133.5
15.52,0.79,2,5.0,0,0,0,73.8
7.87,1.85,4,1.0,1,0,1,10.0
29.86,53.73,6,7.6,0,0,0,128.3
89.45,2.65,7,1.1,0,1,0,168.1
8.62,4.52,5,7.4,1,0,1,42.2
74.78,27.26,7,4.5,0,0,0,146.6
140.16,4.07,3,2.6,1,0,1,202.3
7.46,8.81,5,8.0,1,0,0,65.5
57.46,3.93,3,7.8,0,0,0,127.5
12.1,4.33,5,3.6,0,0,1,25.3
272.04,1.3,2,5.3,0,1,1,391.9
110.99,6.3,3,6.7,1,1,0,269.0
23.21,21.01,6,5.5,0,1,0,110.0
2.24,14.88,8,5.0,0,0,0,44.6
2.31,18.8,5,3.8,1,1,0,50.9
33.91,5.85,7,8.1,1,0,0,116.0
157.97,19.92,8,2.6,1,0,1,198.5
93.62,9.25,7,6.8,1,1,0,233.4
32.58,0.92,6,4.8,0,0,0,89.3
12.2,4.67,3,8.6,1,0,0,73.6
3.43,0.75,3,8.6,0,0,0,49.0
24.3,14.89,7,7.2,1,0,1,57.5
84.75,3.71,6,8.1,0,0,1,178.5
33.19,5.38,7,6.9,1,0,0,94.5
32.13,66.7,12,1.5,0,0,0,88.8
32.31,4.74,3,6.2,1,0,0,103.7
11.87,10.71,7,4.2,0,0,0,37.1
83.42,9.95,3,5.5,1,1,0,169.0
69.96,5.0,3,1.4,1,1,0,162.9
17.77,2.38,8,8.6,0,0,0,76.2
10.15,35.97,5,9.2,0,0,0,88.6
77.76,27.04,9,8.7,1,0,1,167.1
189.26,7.8,8,6.3,1,0,1,250.1
7.47,22.05,5,8.4,1,0,0,87.7
8.68,0.9,2,5.4,0,0,0,48.1
44.61,14.46,5,8.2,0,0,0,146.4
32.96,8.85,2,5.3,0,0,0,92.9
8.24,43.32,4,8.8,0,0,1,97.4
45.82,3.24,5,3.9,0,1,0,89.9
1.16,3.91,3,9.6,0,0,0,42.6
33.98,4.28,5,1.4,1,0,0,58.8
6.16,8.19,3,5.9,0,1,0,62.8
23.91,6.54,2,5.7,1,0,0,68.6
203.97,10.51,7,6.7,0,0,0,387.5
22.96,2.59,3,5.7,0,0,0,52.8
21.48,3.51,3,6.7,1,0,1,30.9
28.48,13.41,7,9.5,0,0,0,91.2
40.18,25.89,6,3.5,0,0,0,68.3
1.0,17.64,5,7.5,0,0,0,36.0
84.72,1.1,3,6.1,0,0,0,172.9
17.63,7.57,4,6.5,0,0,0,73.8
93.84,15.63,5,5.2,0,0,0,159.6
7.57,2.12,4,4.4,0,0,0,43.6
28.17,10.42,7,4.6,0,0,0,92.1
220.79,1.7,6,4.5,1,0,1,300.6
10.71,6.81,6,9.1,0,0,0,57.3
35.87,45.66,5,9.6,0,0,0,106.2
19.4,4.01,3,8.4,0,0,0,81.6
52.13,15.65,3,2.4,0,0,0,90.7
3.74,6.45,12,3.6,0,0,0,10.0
81.82,18.94,6,3.0,0,0,0,111.9
50.75,51.64,6,7.8,0,0,0,149.6
101.41,1.07,3,1.1,0,0,1,113.7
71.46,3.22,5,5.7,1,0,0,163.7
7.35,6.12,3,7.0,0,0,0,61.5
101.48,18.33,6,3.3,0,1,0,195.6
24.82,5.7,7,8.8,0,0,0,92.3
33.71,100.0,3,2.2,0,0,0,149.4
3.12,1.95,8,5.4,0,0,0,13.7
12.86,11.9,4,4.5,1,0,0,58.4
17.18,7.11,4,5.3,0,0,0,28.7
81.79,8.63,6,7.2,1,0,0,160.8
32.22,11.39,6,4.2,0,1,0,113.0
22.62,19.74,7,6.4,1,0,1,51.6
148.43,2.95,4,1.9,0,0,1,202.3
13.54,1.73,2,2.2,1,0,0,34.4
32.87,0.57,6,1.7,0,0,0,60.3
14.97,3.43,7,5.4,0,1,0,47.8
13.34,49.64,2,9.7,0,0,0,93.7
108.68,2.33,4,2.2,0,1,0,215.0
41.37,5.13,8,6.3,1,0,0,118.7
1.0,20.81,7,3.9,0,0,0,10.0
7.98,1.74,3,7.5,0,0,0,23.1
106.2,5.7,6,1.5,1,0,1,123.0
3.21,6.2,4,4.6,0,0,0,68.5
111.94,2.27,7,3.5,0,1,1,181.1
11.5,4.4,4,3.1,0,0,0,49.8
199.8,48.71,0,6.8,0,0,0,351.7
48.83,18.78,8,6.5,0,0,0,134.4
198.02,15.64,8,4.6,0,1,0,323.8
36.3,1.26,9,5.6,1,0,1,69.5
76.45,11.36,5,3.5,0,0,0,141.9
16.01,34.16,5,5.1,1,0,0,70.9
8.47,4.55,5,8.1,0,1,0,77.7
5.54,5.56,2,3.6,0,0,0,24.8
20.17,0.7,6,3.6,1,0,1,57.2
24.38,38.15,4,6.8,1,0,0,115.7
19.28,25.64,5,8.4,0,0,0,80.3
162.11,6.18,7,8.4,1,0,0,310.6
7.5,8.81,5,4.4,0,0,0,55.1
11.25,9.8,7,1.7,0,1,0,51.9
11.4,14.0,3,2.7,0,0,0,60.7
65.85,7.5,3,2.5,0,0,1,106.5
55.01,9.08,4,2.4,0,0,0,116.4
9.75,2.29,2,9.6,0,0,0,108.4
1.31,12.0,6,4.3,0,0,0,30.5
2.02,28.43,4,6.2,1,0,0,85.2
13.94,4.67,4,4.9,1,0,0,73.3
70.48,9.91,3,9.2,0,1,1,163.2
113.53,6.48,5,7.7,0,0,0,223.3
116.56,3.35,7,7.5,0,0,0,202.8
28.31,15.21,7,5.2,1,0,0,94.5
86.21,6.95,4,7.7,1,0,1,164.4
63.36,8.13,3,8.2,1,1,1,143.0
3.74,71.98,5,9.8,1,0,0,85.4
127.16,20.17,2,2.2,0,0,1,172.9
39.11,1.71,5,7.1,0,0,1,73.6
31.07,3.64,1,2.8,1,0,0,95.4
44.16,4.44,4,6.7,0,0,0,119.2
9.75,3.77,9,3.2,0,0,0,27.6
8.7,4.53,6,1.7,1,1,0,59.2
28.61,19.65,5,7.9,0,1,0,111.1
42.67,21.97,4,4.5,0,1,0,138.0
2.94,45.58,3,3.2,0,0,0,51.5
4.45,13.46,4,8.0,0,0,0,10.0
140.84,23.81,10,4.6,0,0,1,188.2
22.07,21.66,3,3.0,0,1,0,98.8
5.77,5.18,4,6.7,0,0,1,42.7
8.04,3.62,6,3.0,1,1,0,55.7
25.19,58.39,4,9.7,0,0,0,85.9
94.02,26.94,7,5.6,0,1,0,216.7
21.21,1.46,3,9.0,1,1,0,148.7
66.35,5.92,7,1.6,0,0,0,141.3
17.21,41.0,5,4.8,0,0,0,68.1
29.5,25.43,3,1.1,0,0,0,67.1
14.13,4.64,4,5.9,0,0,0,73.3
66.08,11.97,3,4.1,0,0,1,112.7
77.27,3.71,2,7.8,1,1,0,199.8
30.8,3.6,4,1.6,1,0,0,40.2
62.99,28.03,10,5.1,0,0,0,116.6
19.32,5.11,5,3.5,1,0,0,60.9
30.77,15.04,4,4.3,0,1,0,128.9
104.3,36.87,7,7.2,1,0,1,202.4
2.39,11.6,6,3.3,0,0,0,12.1
30.52,6.03,5,8.3,1,0,1,55.8
2.84,100.0,4,3.1,0,1,0,121.9
28.31,14.62,5,6.6,0,0,0,104.3
36.82,2.25,5,6.8,0,0,0,88.1
70.46,11.14,7,3.8,0,0,0,126.2
18.26,34.22,2,5.0,0,0,0,63.1
76.19,10.79,7,2.2,0,0,0,113.3
2.99,24.92,7,4.8,0,0,0,17.7
12.98,8.03,9,7.0,0,0,0,53.4
46.42,7.75,5,5.1,0,0,0,97.7
1.0,5.02,2,5.6,0,0,0,12.3
51.22,1.35,4,3.7,1,0,0,107.3
63.46,7.16,5,9.5,0,1,0,166.9
92.32,18.23,4,3.1,0,0,0,184.0
72.0,6.04,4,1.4,1,0,0,139.3
136.05,3.1,6,7.7,1,0,1,185.5
37.8,32.45,2,9.1,0,0,0,143.2
67.91,1.69,4,3.4,0,0,0,106.1
83.45,5.05,4,5.1,0,0,1,130.6
50.33,1.85,4,4.0,0,0,0,89.9
133.24,6.48,5,8.6,0,0,0,269.4
32.04,7.34,9,3.9,1,1,1,56.8
12.75,11.09,8,1.6,0,0,0,10.0
15.39,78.55,7,7.3,0,0,0,120.5
22.22,1.92,4,9.3,0,0,0,76.0
66.7,2.23,8,8.6,0,0,0,143.1
40.67,2.95,9,6.1,0,0,0,88.7
136.41,23.79,12,5.1,0,0,1,178.3
114.38,3.84,1,2.4,1,1,1,194.0
30.58,0.53,3,4.0,0,0,0,74.3
25.2,5.68,8,5.6,0,0,0,63.1
176.09,3.49,5,1.2,0,1,1,251.8
32.82,3.15,7,1.9,0,0,0,34.0
236.81,8.45,2,6.0,0,0,1,344.9
13.51,20.05,7,4.0,0,1,0,81.3
110.6,28.31,4,3.9,1,0,1,155.1
15.69,1.16,6,5.2,0,0,0,67.1
51.5,24.11,6,2.9,1,0,1,43.5
351.95,19.15,4,2.7,0,0,1,484.7
42.59,5.42,3,2.4,0,0,0,86.9
88.05,13.18,3,6.4,0,0,0,202.2
14.3,3.82,5,1.1,0,0,0,17.3
41.55,0.78,6,4.0,0,0,0,83.2
31.43,6.1,4,9.1,0,0,0,111.3
23.43,6.46,9,9.4,0,0,0,101.9
3.17,1.19,3,2.9,0,0,0,10.0
67.9,11.61,1,1.5,0,0,1,131.1
188.06,43.71,6,2.1,0,0,1,237.4
48.76,13.07,6,5.3,1,0,1,84.2
3.99,8.87,2,4.8,0,0,0,48.3
54.77,26.59,6,6.3,1,0,0,119.4
322.16,44.03,0,9.8,0,0,1,503.5
69.5,1.65,5,8.2,0,0,0,151.8
27.52,2.56,5,1.7,1,0,0,62.5
192.23,5.38,4,2.1,0,0,0,302.5
120.89,7.53,5,2.7,0,0,0,207.8
75.02,1.19,7,3.3,0,0,0,130.8
133.75,17.0,1,1.4,0,0,0,239.5
74.09,4.55,6,8.6,0,0,0,143.7
188.58,10.68,6,9.1,0,0,1,280.6
71.01,4.88,5,5.9,0,0,0,167.7
8.03,41.17,2,9.1,0,0,0,56.1
5.23,4.23,4,9.0,0,0,0,66.7
14.13,6.71,9,3.7,0,0,0,18.5
7.39,12.74,9,5.0,0,0,0,35.6
41.57,6.07,5,2.9,0,0,0,83.9
54.05,4.74,8,9.9,0,0,0,149.0
6.68,28.63,5,6.2,0,0,0,40.5
1.0,5.63,5,7.7,0,0,0,45.0
59.73,5.51,2,9.6,0,0,0,155.4
2.57,7.34,5,1.5,0,0,0,20.0
63.88,9.54,7,4.4,0,1,0,148.7
3.66,8.52,2,4.4,0,0,0,55.1
165.36,1.3,8,5.2,1,1,1,229.0
14.35,23.23,3,3.2,0,1,0,86.4
3.49,4.6,7,3.1,0,0,1,40.2
48.65,23.69,7,6.9,0,1,0,116.4
64.12,10.52,1,7.8,0,0,0,141.5
128.95,9.42,3,2.8,0,0,1,176.0
87.36,1.55,4,5.7,0,0,0,177.7
16.54,3.04,10,1.4,0,0,1,10.4
11.16,3.16,5,5.1,0,0,0,55.2
18.23,5.08,9,4.6,0,1,0,78.9
13.82,2.2,6,5.2,0,0,0,36.8
63.65,7.97,0,1.7,0,0,0,125.6
59.98,50.82,3,5.1,1,0,1,104.2
41.04,2.79,4,8.2,0,0,0,113.3
3.63,32.51,4,6.5,0,0,0,80.7
153.27,3.13,7,5.2,0,0,1,206.7
21.53,1.09,6,7.0,1,0,0,69.5
84.23,1.79,3,1.9,0,1,0,172.0
79.78,3.57,3,1.3,0,1,0,173.8
17.6,2.3,3,9.1,0,0,0,72.1
14.27,10.05,5,9.8,1,0,0,112.9
38.31,3.93,4,8.5,0,0,0,131.7
22.14,34.81,2,4.1,0,0,0,84.5
126.22,26.26,6,7.2,1,0,1,201.0
121.86,8.05,7,3.7,0,0,0,208.2
73.86,9.64,6,1.6,0,1,1,151.8
1.06,2.5,6,4.5,1,0,0,43.5
93.46,6.74,4,1.2,0,0,0,159.1
53.33,4.83,9,2.8,0,0,0,101.5
37.13,11.6,7,1.3,0,0,0,70.0
24.75,15.0,4,6.1,1,0,0,74.4
47.92,5.0,6,7.3,1,0,1,91.8
14.79,29.75,4,7.1,0,0,0,74.8
42.89,25.39,9,4.0,0,0,0,105.8
52.63,6.8,2,1.8,0,0,0,118.3
56.43,97.98,6,5.8,1,0,1,121.0
27.31,8.77,7,1.3,1,0,0,72.6
3.62,10.6,2,3.6,1,0,1,10.0
27.08,10.94,3,7.8,1,0,0,87.5
115.85,12.26,6,6.8,0,0,1,199.0
38.51,1.68,2,1.7,0,0,0,65.4
1.99,6.85,2,9.8,0,1,0,106.3
23.42,2.84,3,5.2,0,0,0,73.5
47.83,6.97,8,6.6,1,1,0,113.0
16.44,20.05,5,8.7,0,0,0,85.7
10.4,20.09,2,5.9,1,0,0,78.0
43.13,10.34,3,3.6,0,0,0,103.7
46.76,12.57,5,9.3,0,0,0,122.8
30.72,1.09,4,8.2,1,0,1,79.0
4.85,5.06,8,8.0,0,1,0,50.1
67.1,2.57,8,2.5,0,0,1,61.6
70.49,1.61,2,9.3,0,0,0,140.0
24.79,5.68,9,2.2,0,1,1,48.5
1.0,18.75,6,2.9,1,1,1,22.6
50.73,8.3,2,9.8,0,1,0,143.5
190.87,1.95,2,6.8,1,0,1,273.6
33.36,11.98,1,8.8,1,0,0,118.3
58.18,16.18,2,5.4,0,0,0,122.7
37.47,48.25,3,5.0,0,0,0,118.0
13.56,0.68,6,2.0,0,0,0,37.7
20.8,4.11,3,5.1,0,1,0,65.7
161.65,3.79,8,6.6,0,0,0,288.9
45.22,19.33,5,9.1,0,0,0,109.8
10.41,1.97,5,8.7,0,0,0,30.3
2.55,11.15,5,8.1,0,0,0,52.2
2.74,7.37,4,5.1,1,0,0,46.8
34.72,3.59,3,1.9,0,0,0,82.4
5.55,4.81,6,1.4,1,1,0,67.5
89.38,2.62,4,1.5,0,0,1,116.7
20.96,6.01,4,5.0,0,0,0,45.7
24.23,7.32,4,6.6,0,0,0,62.6
21.1,3.56,6,3.5,1,0,0,44.8
38.29,1.0,5,2.1,0,0,0,57.2
315.79,24.92,7,5.5,0,0,1,460.1
113.48,8.68,8,1.3,1,0,1,160.2
13.19,12.91,2,5.7,0,0,0,54.8
113.9,5.87,4,3.6,1,0,1,165.4
43.65,15.63,7,9.8,0,0,0,135.6
65.7,1.1,2,3.1,0,1,0,127.3
36.76,6.23,5,2.8,0,0,0,73.0
54.08,3.53,4,1.7,0,0,0,103.5
24.86,3.59,9,6.1,0,1,0,96.8
16.57,19.84,3,8.4,0,0,0,69.4
34.99,1.63,2,6.8,0,0,0,113.2
32.26,22.4,7,8.3,0,0,0,84.7
25.16,3.35,8,4.3,1,0,0,61.2
77.79,4.86,8,5.1,1,1,1,148.0
63.17,8.0,6,9.7,0,0,0,130.7
16.92,8.23,4,4.1,0,0,1,13.7
10.99,14.66,3,6.5,0,0,0,74.2
1.0,2.4,8,5.5,0,0,0,35.0
194.9,2.56,9,2.3,0,1,1,273.5
21.68,9.71,3,8.7,1,0,0,89.3
47.38,4.34,6,2.5,0,1,0,116.0
68.84,5.04,9,1.4,0,1,0,166.8
11.53,1.86,6,3.4,0,1,0,73.8
55.04,8.81,7,6.6,0,0,0,134.9
6.07,2.92,2,8.9,0,0,0,70.9
5.09,24.36,6,3.3,1,0,0,27.2
18.05,1.86,5,7.2,1,0,0,67.4
19.31,2.61,6,9.8,1,1,0,115.1
9.91,3.64,5,4.4,0,0,0,40.7
31.5,15.64,3,8.0,0,1,0,138.0
48.06,4.23,6,3.8,0,0,0,106.7
130.55,1.19,2,4.6,1,0,0,262.3
60.54,11.35,4,7.5,1,0,0,135.3
36.99,10.11,2,8.6,1,0,0,159.9
38.76,3.45,4,2.4,0,0,0,73.5
42.72,15.18,3,3.6,1,0,1,98.4
16.97,29.93,2,9.0,0,0,0,85.0
68.32,3.67,4,8.4,1,1,1,158.3
53.0,5.29,4,2.7,0,0,0,137.7
33.53,4.66,1,5.0,0,0,0,75.9
12.03,7.38,8,4.1,0,0,0,55.4
94.9,12.93,5,4.9,1,0,1,154.3
11.03,28.52,2,6.1,0,1,0,89.3
11.0,5.15,4,2.1,0,0,0,48.9
7.92,14.27,10,4.8,1,0,0,46.5
281.15,50.29,4,7.4,1,0,1,432.6
14.04,10.05,10,2.8,0,0,0,38.8
95.27,1.64,1,7.6,0,0,1,171.5
1.77,2.9,4,2.5,0,0,0,28.7
61.45,8.12,3,9.3,0,0,0,133.2
1.54,91.61,4,8.2,0,0,0,80.4
48.93,7.62,7,9.1,0,1,0,127.8
15.48,11.05,3,9.3,1,1,0,96.5
3.56,39.57,3,3.5,1,0,0,55.2
16.03,51.8,4,1.1,0,0,0,35.4
6.65,42.62,10,8.1,0,0,0,70.1
12.43,13.59,2,5.0,0,1,0,68.7
58.12,5.09,4,9.2,1,0,0,157.1
89.51,34.27,3,2.4,1,0,1,142.1
28.84,19.85,2,8.3,0,0,0,92.2
26.99,2.28,10,7.6,1,0,0,87.4
30.99,7.45,7,6.5,0,0,0,72.3
31.84,6.4,3,3.8,1,0,1,91.0
13.39,2.18,4,9.0,1,0,1,38.1
225.77,4.16,3,9.7,0,0,1,353.8
55.17,7.41,4,6.8,0,1,0,159.4
74.3,5.05,4,2.0,1,0,1,112.6
29.2,13.36,11,5.5,0,1,1,116.3
71.53,2.68,5,3.7,0,0,0,134.3
57.5,4.71,4,3.0,0,0,0,111.6
87.76,2.96,6,8.3,0,1,0,208.2
2.26,1.5,2,8.5,0,1,1,114.4
2.31,4.49,5,3.8,0,0,0,50.6
42.11,3.4,7,5.5,1,0,0,97.7
23.81,16.3,3,5.4,0,0,0,120.4
81.13,11.0,6,5.9,0,0,0,161.6
9.06,10.2,3,6.2,1,0,1,45.7
14.42,8.19,3,5.3,0,1,0,110.9
27.28,3.64,5,6.4,1,0,0,90.2
112.13,2.02,4,8.5,1,0,0,219.4
7.12,10.57,4,5.2,0,0,0,59.3
74.8,0.97,5,5.2,0,1,1,167.4
223.67,2.92,8,3.3,1,1,1,308.8
69.34,14.67,5,5.2,0,0,1,129.7
39.95,4.46,5,8.0,0,0,0,102.0
40.86,20.43,3,9.1,1,0,0,126.7
8.97,25.63,5,2.4,1,0,0,43.3
28.91,6.44,1,4.6,1,0,0,107.3
37.78,24.47,3,8.6,0,1,0,149.9
34.5,2.2,4,9.1,0,0,1,98.7
5.92,1.29,3,1.0,0,0,0,37.8
8.23,5.59,7,1.7,0,1,0,29.7
14.51,35.34,7,4.7,0,0,0,53.5
36.86,5.39,4,2.1,1,1,1,60.4
8.75,23.88,10,7.0,0,0,1,63.1
16.34,16.02,6,8.8,0,0,0,91.9
20.93,21.49,6,8.0,1,1,1,75.3
55.34,3.54,6,2.8,1,0,1,77.6
20.27,18.37,7,9.4,1,0,0,98.2
59.8,0.7,6,1.6,0,1,0,135.3
8.18,10.66,2,4.2,0,0,0,28.8
16.68,13.98,6,1.9,1,0,1,34.4
27.5,7.36,4,6.0,1,0,0,94.8
15.43,46.3,5,2.0,1,0,0,57.7
10.16,33.53,6,8.0,0,1,0,112.4
179.34,11.87,4,7.7,0,0,1,278.1
53.41,2.59,7,9.4,1,0,0,139.7
1.07,3.13,6,2.2,0,0,0,28.3
10.35,6.75,7,6.5,0,1,0,83.8
53.96,26.75,7,5.6,0,0,0,110.6
21.88,5.98,6,3.7,0,0,0,67.0
35.6,2.39,3,9.4,1,0,1,111.5
80.4,19.51,7,9.3,0,0,0,188.9
6.15,54.1,7,8.5,0,0,0,91.4
51.25,1.24,7,8.7,0,0,1,92.6
33.65,4.09,10,4.6,0,1,0,84.8
12.79,22.53,4,2.3,0,0,0,37.4
19.45,9.17,4,8.1,0,0,0,115.0
1.44,27.07,3,4.1,1,0,0,65.4
199.11,3.5,5,1.6,0,0,1,278.1
6.84,3.27,5,8.0,0,0,0,67.1
68.59,7.52,4,2.1,0,0,0,131.0
28.84,4.66,5,8.5,0,0,0,86.3
31.56,6.26,4,2.7,1,0,0,98.7
44.83,5.36,1,4.1,1,0,1,74.2
121.4,0.5,7,6.7,0,0,1,171.7
41.12,5.46,4,2.8,0,0,0,78.8
81.19,6.3,6,4.7,0,0,0,144.0
92.23,11.39,9,1.9,1,1,1,108.8
52.41,6.91,6,2.2,1,0,0,111.1
50.89,2.28,4,8.1,0,1,0,135.9
99.3,2.39,7,7.3,0,0,1,162.1
2.63,8.87,8,6.1,0,1,0,87.3
50.66,2.34,4,8.3,0,0,0,75.3
36.83,0.75,3,9.1,0,0,1,75.4
15.45,15.22,6,7.0,1,0,0,85.3
76.08,6.3,5,9.4,0,0,0,179.6
17.62,15.77,3,1.9,0,0,0,33.7
75.54,8.93,6,4.0,1,0,1,88.2
121.8,2.5,3,6.6,1,1,0,250.4
42.46,2.31,5,3.4,0,0,0,74.1
81.4,19.08,4,6.8,0,0,0,161.1
15.1,17.15,9,9.3,1,0,0,64.7
8.51,5.27,3,3.3,0,0,0,56.7
41.89,2.48,1,6.8,0,1,0,141.7
27.76,14.9,3,8.6,0,0,0,89.1
27.6,1.35,7,5.8,0,0,0,74.7
6.82,5.29,7,9.6,1,0,0,82.1
138.37,25.67,5,3.2,0,1,0,256.0
5.72,6.7,6,4.1,0,0,0,36.8
17.23,4.5,5,1.3,0,0,0,45.5
31.96,3.4,4,2.6,0,1,0,80.5
67.95,7.68,4,2.5,0,0,0,143.5
49.44,23.99,6,7.6,0,0,0,143.9
3.74,8.37,7,6.3,1,0,0,72.7
2.32,13.64,5,9.3,1,0,0,63.0
42.32,16.03,4,1.3,0,1,0,119.2
1.0,32.09,9,6.9,0,0,0,35.1
41.43,3.02,6,1.6,0,0,0,65.1
10.05,18.49,10,5.0,0,0,0,35.9
10.54,20.33,6,6.0,0,0,0,57.8
9.87,1.43,10,6.2,1,1,0,69.2
74.5,5.02,7,3.2,0,0,0,135.7
32.12,12.34,2,6.2,0,0,0,96.4
12.01,6.92,6,6.8,0,0,0,53.0
3.25,13.11,2,9.6,1,0,0,85.3
29.36,14.23,2,8.0,0,0,0,101.9
37.63,6.71,7,6.5,1,0,1,92.4
44.98,3.91,5,1.5,0,0,0,68.4
4.56,5.7,6,9.2,0,0,0,50.6
23.44,2.17,8,2.5,0,1,1,62.1
21.14,1.77,5,2.8,1,0,0,64.8
19.99,13.98,4,7.3,1,0,0,67.2
109.71,18.04,3,7.1,0,0,0,220.3
22.52,2.23,4,8.2,1,0,0,94.2
50.72,11.84,7,5.9,0,0,0,87.0
106.98,9.56,8,5.9,0,0,0,166.9
1.0,1.69,9,3.9,0,0,0,14.2
67.64,51.48,3,8.3,0,0,0,177.0
52.6,5.78,9,6.1,1,1,0,155.9
120.45,11.03,8,7.3,1,0,0,241.8
30.31,10.19,6,3.8,0,0,0,97.5
157.35,7.84,7,4.4,0,0,1,209.2
31.29,12.32,4,1.6,0,1,0,75.1
3.38,33.87,4,1.6,1,0,1,38.6
72.85,55.79,5,1.9,1,0,1,138.9
1.19,9.24,8,3.4,0,1,0,50.2
169.5,10.23,6,4.3,1,0,1,236.0
1.0,54.51,6,3.6,0,0,0,48.4
60.98,7.18,5,8.7,1,0,1,136.9
5.5,3.08,7,3.3,0,0,0,35.7
35.0,4.43,5,3.3,1,0,0,93.5
6.47,6.65,7,9.5,0,0,0,91.1
42.64,4.21,0,3.8,1,1,0,143.3
40.88,27.95,9,1.9,0,0,0,71.2
3.53,3.83,4,2.8,0,0,0,24.1
7.92,2.03,3,4.8,1,1,0,79.6
62.58,7.49,2,6.1,0,1,0,162.4
54.81,16.33,3,9.4,1,0,0,156.7
17.13,15.43,4,3.5,0,0,0,66.9
10.07,5.56,2,8.2,0,0,0,60.0
56.35,6.76,4,4.6,1,1,0,128.0
38.5,7.55,5,4.2,1,1,1,84.2
14.49,2.48,3,1.3,0,0,0,25.3
192.49,5.44,3,1.3,1,1,1,291.7
23.76,2.43,8,3.0,1,0,0,70.2
58.01,1.71,1,6.8,0,0,0,122.7
107.6,35.41,6,2.6,1,0,1,184.5
153.29,4.03,2,8.4,0,0,1,238.4
113.22,8.81,4,9.4,1,0,1,204.2
44.84,9.54,6,8.8,0,0,0,108.3
11.74,10.18,5,5.0,0,1,0,59.1
130.97,18.13,8,6.4,0,0,1,208.7
188.82,3.24,5,1.8,0,0,1,258.2
1.0,10.8,3,8.9,0,0,0,89.1
120.94,10.34,5,7.6,1,0,1,211.8
108.78,11.71,3,7.3,1,1,1,198.2
29.98,6.92,2,5.9,0,0,1,59.5
79.1,10.2,4,5.5,0,0,1,153.7
149.56,13.51,8,4.9,0,0,0,265.5
18.48,12.53,7,3.3,0,1,0,78.4
31.78,8.6,5,4.2,0,0,0,68.0
7.53,70.49,6,8.5,1,0,0,99.3
17.29,2.3,7,7.5,0,0,0,92.8
107.76,5.0,11,6.0,0,0,0,189.6
9.9,7.82,6,6.5,0,0,0,40.5
142.42,4.11,3,4.1,0,1,0,296.8
40.9,4.35,9,4.7,0,0,0,58.9
60.83,1.96,7,8.3,0,0,1,102.2
24.95,3.13,2,8.9,1,1,1,101.3
13.34,4.37,4,1.0,0,0,0,17.5
32.92,5.94,3,5.2,1,0,0,80.0
18.21,7.56,6,1.7,0,1,0,76.3
36.71,2.21,2,4.9,0,1,0,100.5
5.3,2.92,11,2.5,0,0,1,10.0
124.76,7.55,9,7.8,0,0,1,206.8
16.02,9.79,11,6.7,1,1,1,63.4
50.3,7.86,5,8.8,0,0,0,124.6
52.18,2.42,9,7.6,0,1,0,133.5
14.4,5.17,5,9.8,1,0,0,76.6
286.64,7.46,4,3.7,0,0,1,380.9
33.05,8.8,10,3.2,0,0,0,61.0
70.29,12.16,6,10.0,0,0,0,151.3
1.6,5.26,4,9.4,1,1,0,101.5
13.08,6.06,7,6.2,1,0,0,96.7
5.58,5.84,4,4.7,1,1,0,41.8
21.37,9.95,9,4.2,1,1,0,73.6
68.12,8.9,6,3.3,0,0,0,112.0
7.6,3.54,5,7.0,0,0,0,40.8
26.67,6.56,8,5.7,0,0,0,80.9
10.91,27.77,1,1.3,0,0,0,44.1
12.86,13.8,2,6.4,0,0,0,57.8
2.5,0.68,5,2.4,0,0,0,31.2
35.46,13.24,4,7.1,0,0,0,135.3
9.08,5.42,5,5.7,0,1,0,73.2
18.43,54.5,6,5.4,0,1,0,92.9
22.14,21.83,6,1.8,1,0,0,60.3
12.91,10.38,2,3.3,1,0,0,68.9
32.52,14.62,10,1.3,0,0,0,59.9
4.63,45.78,4,8.3,0,0,0,93.3
61.39,9.72,5,3.6,0,0,0,118.4
17.24,1.66,3,6.5,0,0,0,47.9
35.81,10.24,7,2.5,0,0,0,93.8
6.1,9.84,7,6.5,0,0,0,26.0
1.32,10.53,2,9.7,1,0,0,89.1
21.51,3.54,3,3.3,1,1,0,96.6
55.84,13.84,5,1.6,1,0,0,128.5
29.85,12.86,3,6.5,0,1,0,106.7
61.6,2.2,5,2.9,0,0,0,131.7
53.09,4.1,8,5.7,0,1,0,143.1
61.95,7.88,3,5.5,1,0,1,100.3
95.94,7.06,4,1.9,0,0,0,168.8
15.7,1.87,4,6.8,0,0,0,83.6
1.0,8.16,5,9.6,1,0,0,46.2
2.55,6.35,2,6.4,0,0,0,70.3
12.32,3.43,1,4.0,0,0,0,49.5
5.84,5.12,7,9.7,0,0,0,57.3
16.79,2.95,4,7.4,0,0,0,83.7
46.14,8.39,5,3.1,0,1,0,118.7
72.69,2.45,3,6.9,1,0,1,122.9
8.5,7.95,5,1.8,1,0,0,26.8
42.79,11.5,2,5.9,0,0,0,101.9
113.52,2.62,3,5.6,0,0,0,215.0
67.92,2.9,3,4.5,0,0,0,149.2
8.43,17.58,15,9.9,0,1,0,67.9
51.5,10.95,2,6.9,0,0,1,108.2
32.55,36.03,6,4.8,1,0,0,90.1
14.43,8.39,4,7.6,1,0,0,89.0
37.5,8.63,2,3.1,0,1,0,107.1
8.8,14.05,4,1.2,0,0,0,52.7
19.02,2.88,4,7.7,1,0,0,86.0
22.23,6.11,6,8.2,1,0,1,80.7
20.44,16.91,2,3.3,0,0,0,70.9
4.8,11.58,5,8.3,0,0,0,65.9
26.83,2.09,5,5.6,0,1,0,113.3
92.45,5.25,3,9.6,0,1,0,225.8
91.2,16.81,8,3.7,0,0,0,163.2
27.3,10.4,5,5.8,0,0,1,68.1
1.0,13.38,6,6.3,0,0,0,37.8
43.35,0.75,10,1.6,0,0,0,79.3
45.29,17.09,3,3.2,1,0,0,123.5
97.05,3.56,4,5.8,0,0,0,171.1
91.06,5.24,5,5.5,0,0,0,169.3
74.55,2.59,5,6.4,0,0,0,137.0
97.16,4.04,4,2.1,0,0,1,138.3
14.3,3.09,4,2.6,1,0,1,10.0
41.87,12.26,7,2.6,0,0,0,46.5
135.84,42.37,6,2.7,1,0,0,256.3
37.83,39.39,7,6.7,0,1,0,123.3
109.94,2.32,4,3.4,0,0,0,222.6
118.75,5.72,4,8.5,0,1,0,266.9
3.65,0.62,5,4.7,0,0,0,48.0
123.53,10.14,7,7.0,1,0,1,184.4
5.33,4.61,3,4.5,0,0,0,23.6
25.72,20.95,9,9.5,0,0,1,61.0
69.7,9.4,5,3.3,0,0,0,136.1
3.66,1.43,10,8.6,0,1,1,76.7
25.16,4.15,0,4.2,0,0,0,85.7
13.37,11.3,2,8.5,1,0,1,57.6
61.16,4.39,8,2.1,0,0,0,119.3
101.63,12.58,8,2.8,0,1,0,180.6
72.94,1.4,8,4.6,0,0,0,111.4
39.87,4.56,3,1.7,0,0,0,107.5
92.71,21.06,2,3.9,0,0,1,169.1
96.85,2.43,5,7.3,0,0,0,192.0
34.23,5.98,2,8.7,0,1,0,141.9
96.52,25.26,3,7.4,0,1,0,227.6
111.33,5.48,6,5.7,0,1,1,205.0
1.0,10.06,5,1.8,0,1,0,52.6
106.14,17.76,3,4.1,1,0,1,141.3
2.85,1.74,2,4.3,0,0,0,51.1
17.79,6.3,3,4.0,0,0,0,91.4
40.41,29.04,4,7.6,0,0,0,106.8
14.01,6.05,2,1.8,1,0,0,49.8
104.28,19.76,12,3.3,0,0,0,181.5
77.62,3.97,4,9.1,1,1,1,148.0
33.1,6.58,7,4.2,1,0,0,96.9
90.78,67.28,4,7.9,0,0,1,191.3
85.06,18.32,8,5.0,0,0,0,160.0
19.98,16.87,2,5.6,0,0,0,40.7
3.34,13.59,3,9.5,1,1,0,93.7
44.85,6.39,5,2.9,1,0,0,95.0
76.96,11.07,7,8.4,1,0,1,135.3
130.94,4.78,4,2.5,0,0,0,200.0
1.89,1.26,7,5.8,1,1,0,72.2
25.89,11.35,6,6.4,1,0,0,86.0
57.54,100.0,4,6.0,0,0,0,182.2
30.61,1.35,6,4.3,0,0,1,55.4
12.69,1.8,4,8.0,1,0,1,80.0
45.15,2.75,3,7.5,0,0,0,103.5
105.08,25.01,6,5.3,0,0,1,191.0
144.65,6.02,4,8.7,0,0,0,262.7
245.77,4.72,7,3.4,0,0,1,311.1
24.27,9.27,4,5.5,0,0,0,93.5
11.33,6.66,4,2.7,0,0,0,49.5
82.1,12.26,2,8.2,0,0,1,143.2
58.26,8.76,6,3.1,0,0,0,129.0
70.02,0.59,6,3.6,1,1,0,154.0
22.62,12.97,5,5.2,0,0,0,82.2
12.63,2.86,6,3.1,0,0,0,45.9
75.38,2.7,5,5.3,0,1,1,181.8
29.46,5.81,2,7.9,0,0,0,95.0
58.32,1.19,3,5.6,0,0,0,138.4
102.91,9.3,2,1.5,0,1,0,202.0
21.11,12.08,5,1.4,1,1,0,79.1
73.0,22.11,3,8.1,0,1,0,194.9
30.16,6.54,5,8.9,0,0,0,99.8
48.13,3.0,5,8.5,0,0,0,127.2
88.09,2.38,2,9.4,1,0,1,159.9
17.74,12.89,0,5.9,1,0,0,101.3
91.16,4.63,2,1.0,1,0,0,182.4
11.5,0.61,8,9.0,0,1,0,92.8
27.46,4.98,9,2.4,0,0,0,53.7
16.1,22.26,3,4.7,1,1,0,113.0
1.0,27.12,2,8.6,1,0,1,58.7
1.0,3.1,3,2.8,0,0,0,27.2
10.87,3.63,6,7.0,0,0,0,47.2
51.94,5.57,4,9.8,0,0,0,116.2
37.24,4.2,3,3.9,0,1,0,105.8
19.18,25.51,5,3.4,0,0,0,51.0
29.35,7.42,3,5.6,1,1,0,124.3
56.31,10.26,5,7.8,1,0,1,118.2
110.03,2.95,1,4.1,0,0,1,168.4
15.0,5.49,6,6.1,0,0,0,60.0
106.08,1.51,3,2.1,0,0,0,193.8
26.43,10.6,10,7.1,0,0,0,78.3
20.38,8.62,4,2.2,1,0,0,65.2
42.04,10.36,5,4.4,0,1,0,126.5
22.0,31.13,4,7.6,1,1,0,121.1
17.18,4.69,2,2.0,1,0,0,49.1
115.09,16.78,5,6.3,0,0,1,188.5
25.98,6.89,2,8.1,0,0,0,93.7
8.21,20.15,6,9.9,0,0,0,85.0
28.31,4.52,7,9.8,0,0,0,115.2
17.07,2.92,5,2.9,0,0,0,42.2
35.92,2.1,4,8.4,0,0,0,103.1
51.45,14.04,10,1.2,0,0,0,68.9
1.0,4.52,3,9.9,0,0,0,81.7
77.51,1.48,7,7.4,0,1,0,184.1
31.55,8.99,3,4.6,1,1,0,107.6
39.04,4.34,1,8.8,0,0,0,127.1
7.39,1.21,5,7.5,0,1,0,62.1
28.74,1.06,9,7.5,1,0,0,63.7
33.88,13.63,2,8.2,0,0,0,99.6
2.1,8.56,4,1.7,1,1,0,85.1
9.7,5.5,5,3.2,0,0,0,22.9
22.89,8.84,6,3.4,1,1,1,51.9
9.88,34.87,3,3.4,0,0,0,88.5
19.31,38.44,7,3.0,0,0,0,69.2
105.41,4.46,5,5.9,0,0,0,233.9
48.99,26.97,6,7.7,0,0,1,106.1
39.87,9.54,2,7.4,0,0,0,123.1
93.1,4.15,5,9.3,0,1,0,227.8
13.5,2.08,5,7.5,0,1,0,81.9
186.67,7.89,6,7.1,1,0,1,285.2
12.39,12.71,5,4.1,0,0,0,55.5
33.9,1.51,2,8.9,0,0,0,82.6
165.84,9.4,3,4.5,0,0,1,258.9
20.29,2.06,1,3.7,1,0,0,73.2
9.14,7.19,7,6.5,1,0,0,72.5
26.15,13.58,5,9.4,0,0,0,120.8
13.26,10.81,7,6.6,0,0,0,63.8
69.0,4.78,3,1.2,0,0,0,118.5
126.51,10.14,5,5.7,1,0,1,190.5
97.17,0.99,7,3.7,0,0,0,143.8
7.73,18.66,7,4.0,0,0,0,39.8
150.8,21.14,4,4.7,1,0,1,224.6
66.52,3.97,8,9.8,0,0,1,126.5
70.98,24.52,6,2.4,0,0,1,81.7
39.91,6.89,5,1.4,0,0,0,58.4
23.38,21.45,6,5.1,0,0,0,82.0
14.52,0.77,4,6.7,0,0,0,46.5
31.8,2.94,3,3.1,0,0,0,79.2
81.72,1.43,12,8.0,0,1,0,132.1
18.63,2.36,8,2.6,1,0,0,59.3
110.3,19.59,6,5.5,0,0,0,179.8
7.91,5.42,5,4.9,1,0,0,58.7
2.55,4.78,8,6.1,0,0,0,46.3
34.94,2.78,7,8.6,1,0,0,120.9
132.37,12.4,5,7.3,0,0,1,208.9
90.3,3.86,4,7.3,0,0,0,180.7
7.42,4.34,6,6.3,0,0,0,11.0
7.57,3.07,7,9.5,1,0,1,21.9
5.02,40.46,1,6.1,0,0,0,56.4
77.42,7.24,2,9.0,1,0,1,137.7
20.03,7.68,8,7.0,0,0,0,55.3
20.28,10.96,1,3.3,1,1,0,101.1
129.61,1.55,4,6.7,0,0,0,244.2
51.17,2.94,10,8.7,1,1,1,118.4
133.3,7.28,5,6.8,0,0,0,270.1
13.67,31.97,7,4.5,0,0,1,61.3
67.71,14.19,2,9.7,0,0,0,159.6
4.92,3.96,7,6.2,1,1,0,48.7
54.69,3.42,4,6.7,1,0,0,132.6
28.21,35.18,2,9.1,0,0,0,140.0
1.61,2.55,3,9.5,0,0,0,63.8
4.41,1.89,6,2.2,1,1,0,38.6
141.23,7.64,6,4.9,0,1,0,291.0
76.8,7.29,7,4.8,0,0,1,126.6
80.67,2.67,4,1.6,0,0,1,124.3
1.63,6.71,13,2.1,0,1,0,10.0
69.14,9.36,6,6.0,0,0,0,165.9
1.37,10.13,5,6.8,1,0,0,63.6
16.74,5.31,7,4.7,1,0,0,63.4
34.44,4.11,3,9.9,0,1,0,129.5
24.9,5.37,2,3.8,0,0,0,71.4
7.6,2.45,3,8.1,0,0,0,46.2
204.37,4.27,2,4.6,0,0,1,296.4
2.75,8.37,5,6.8,1,0,0,30.5
57.52,10.08,3,9.3,1,1,0,211.6
78.28,4.62,2,5.6,1,1,1,133.2
16.28,9.8,5,8.4,0,0,1,74.7
26.13,9.42,4,7.3,0,1,0,115.8
4.39,57.06,6,5.1,1,1,0,86.5
22.28,23.7,7,9.0,0,0,0,90.8
21.35,0.28,4,3.5,0,0,0,57.4
1.52,3.65,7,1.6,0,0,0,15.1
15.33,9.2,9,7.2,0,0,0,61.2
131.29,4.87,1,7.9,0,0,1,233.3
56.49,99.29,2,5.4,0,1,0,160.1
1.0,16.95,2,5.8,0,0,0,70.2
36.48,0.91,8,4.6,1,1,0,85.6
21.41,2.85,2,8.5,0,0,0,105.2
209.22,5.15,6,3.7,1,0,0,346.1
148.45,25.51,4,5.3,1,0,1,260.0
58.0,16.07,7,6.2,0,0,0,144.0
1.0,5.41,8,5.6,0,1,0,47.4
7.96,7.53,4,9.3,0,0,0,87.1
71.31,8.38,6,8.3,1,0,0,168.3
46.03,5.79,4,8.5,0,0,0,111.1
13.26,13.64,6,4.0,0,1,0,84.0
5.73,7.3,0,5.5,0,1,0,72.0
22.81,11.74,5,4.2,1,0,0,96.7
104.64,7.84,5,9.6,0,0,0,197.6
38.71,4.04,7,8.2,0,0,0,104.1
17.24,1.28,6,6.8,1,1,0,92.6
4.66,27.79,8,1.3,0,0,0,25.9
9.98,33.31,5,3.3,1,1,0,92.1
26.98,7.39,4,3.0,0,0,0,95.0
70.82,6.34,5,1.3,1,0,1,102.4
33.19,1.76,4,3.3,1,0,0,110.4
31.84,5.54,7,9.5,0,1,0,136.9
16.3,17.42,3,3.1,0,0,0,50.9
14.39,14.91,4,9.0,0,0,0,72.2
55.71,1.82,8,4.8,1,0,1,79.7
62.57,42.34,4,4.0,0,1,1,145.5
163.14,2.93,6,7.0,0,0,0,297.1
114.91,4.94,3,9.1,0,1,0,257.4
44.05,26.15,5,7.1,0,1,0,125.7
47.22,14.06,7,8.6,0,1,0,149.0
24.83,5.43,4,2.1,0,0,0,53.8
180.81,2.89,4,8.1,0,0,0,305.5
124.31,39.17,7,2.5,0,0,1,187.1
2.16,4.06,9,8.7,0,0,0,67.2
23.27,5.93,4,9.4,0,0,0,123.2
25.63,5.14,7,2.8,0,1,0,63.0
15.68,10.1,9,2.3,0,1,0,56.0
29.06,8.16,8,5.8,0,0,0,87.6
29.96,16.81,7,5.0,0,0,0,75.7
75.01,18.51,3,8.1,0,0,0,164.7
120.57,3.64,4,5.1,0,0,0,216.2
37.51,2.42,4,4.6,0,0,1,82.7
14.86,19.74,1,8.8,0,0,0,79.5
38.38,3.14,3,4.4,0,0,0,75.4
9.8,6.88,4,8.2,1,0,0,81.2
21.62,4.91,6,8.2,0,0,0,78.3
38.29,4.37,7,5.6,0,0,0,68.8
151.56,11.04,8,4.6,0,0,0,250.4
31.64,7.72,3,3.8,0,1,0,93.6
1.0,11.84,4,6.1,1,0,0,87.3
5.84,11.25,4,7.4,0,0,0,71.0
25.44,4.2,4,4.5,1,0,1,60.5
9.26,61.03,6,9.6,1,0,0,118.6
19.52,2.39,5,6.7,1,0,0,63.5
102.45,6.52,3,2.1,0,0,0,196.6
58.31,59.98,1,8.8,1,0,0,183.6
50.52,8.29,6,6.9,0,1,0,132.0
24.98,4.18,3,4.6,0,0,0,60.4
73.77,19.12,6,8.7,0,0,0,203.0
323.84,34.06,4,6.1,0,1,1,481.5
20.26,3.03,8,3.1,0,0,0,26.1
55.1,16.56,7,2.9,0,0,0,103.4
11.28,13.83,10,8.2,1,0,0,74.3
5.18,5.53,4,6.3,0,0,0,49.9
177.36,20.06,6,9.2,0,0,1,277.0
11.39,11.86,5,2.3,1,0,0,47.5
5.42,6.87,5,2.5,1,0,0,21.1
32.97,14.22,4,7.8,0,0,0,88.7
59.61,1.33,0,5.1,1,0,0,159.0
1.0,15.25,5,1.9,0,0,0,34.5
25.48,6.25,7,5.6,1,1,1,53.8
31.69,25.3,3,10.0,1,0,0,115.9
33.98,12.33,6,3.1,1,0,1,36.2
25.67,40.27,5,3.7,0,0,0,88.0
8.31,2.19,5,2.5,0,0,0,48.6
62.36,8.25,3,5.3,0,1,0,141.6
50.73,4.23,4,7.9,0,0,0,131.7
1.68,12.69,5,8.7,0,0,0,47.2
46.17,2.73,6,1.2,1,0,1,44.1
69.87,3.79,7,3.5,0,0,0,119.0
6.73,14.35,7,6.8,1,1,1,71.4
71.92,4.19,11,6.2,0,0,0,132.0
15.05,7.02,6,3.1,0,0,0,45.6
56.62,3.57,3,4.7,1,0,0,130.6
55.31,13.07,2,3.6,0,0,0,113.0
41.7,8.34,4,1.9,0,0,0,104.2
12.6,27.55,5,4.0,0,0,0,71.9
16.02,19.67,4,8.5,0,0,1,73.1
32.01,0.86,1,3.8,0,0,0,85.4
1.34,15.55,4,8.4,0,0,0,62.9
26.94,28.44,4,8.8,0,0,0,110.4
59.12,2.8,7,1.7,0,0,0,116.3
1.0,31.77,3,1.2,0,0,0,32.3
67.14,2.41,7,4.1,0,1,0,160.6
28.2,61.54,7,8.2,0,0,0,135.9
33.36,44.57,9,1.9,0,0,0,85.6
12.55,2.6,7,1.9,0,0,0,45.3
26.73,4.02,7,7.5,1,0,0,77.7
35.25,25.3,6,5.0,1,0,0,108.2
192.64,9.46,5,4.8,0,1,0,325.4
48.31,13.71,3,4.5,0,0,1,100.4
49.79,14.89,3,3.0,1,1,1,112.0
289.8,12.52,7,3.1,1,0,1,402.4
1.83,2.87,7,1.2,0,1,0,16.5
102.5,3.61,4,5.8,1,0,0,184.8
78.26,2.37,5,8.1,0,0,0,152.1
2.42,3.09,3,7.8,1,0,0,73.9
29.18,21.17,2,2.2,0,0,0,74.0
36.42,32.54,6,8.1,0,0,0,124.2
1.67,21.46,4,9.8,0,0,0,63.1
29.71,6.26,9,5.1,1,0,0,69.4
106.15,2.0,5,5.8,0,0,0,192.2
1.44,0.71,5,2.5,0,0,0,37.5
88.04,12.56,5,5.7,1,1,1,184.5
91.18,24.53,3,6.2,0,0,0,190.8
1.0,41.28,3,8.2,0,0,0,68.9
119.87,14.93,4,5.5,0,0,0,238.8
62.85,9.79,7,2.9,1,0,1,95.2
140.65,10.1,7,8.6,0,0,0,250.7
132.34,5.21,5,5.6,0,0,1,200.0
14.27,18.76,3,6.9,0,0,0,70.1
36.45,9.5,11,9.3,0,0,0,122.5
33.6,23.56,4,9.0,0,0,0,99.0
61.74,2.83,3,5.7,1,0,1,89.4
43.6,12.12,8,3.8,0,0,0,52.4
166.2,2.16,3,8.1,0,0,1,247.7
35.12,40.3,3,2.7,1,0,1,69.4
23.39,3.5,3,7.4,0,1,0,82.0
242.03,4.8,5,7.2,0,1,1,356.7
45.05,60.65,6,8.1,0,0,1,136.8
26.33,37.51,0,7.7,1,0,0,103.9
21.83,30.02,4,2.0,0,0,0,63.8
61.48,3.96,5,3.9,1,0,1,93.6
110.0,6.24,6,5.2,0,1,1,207.7
9.73,5.27,6,1.8,1,0,1,12.9
23.31,5.95,8,2.2,0,1,0,84.3
3.39,78.6,8,1.3,0,0,0,64.7
16.02,1.17,5,2.6,0,1,0,54.1
124.77,12.55,5,2.5,1,1,1,193.5
51.79,17.6,7,1.4,0,1,1,116.8
121.57,32.46,8,2.0,0,0,1,152.5
40.74,45.18,6,9.3,0,0,0,131.5
217.78,18.96,1,4.3,1,0,1,308.8
50.48,6.9,4,6.7,0,0,0,115.9
63.85,1.81,3,6.2,1,0,1,99.9
99.45,12.88,4,3.0,0,0,0,172.9
21.89,3.44,3,1.3,0,0,0,42.9
17.57,30.08,4,4.1,0,0,0,75.9
9.5,52.62,5,8.7,1,0,0,82.2
61.28,17.85,6,9.4,0,0,0,137.3
85.34,25.01,10,3.2,0,0,0,154.2
24.62,2.51,2,9.3,0,1,0,142.1
1.0,3.14,5,7.1,1,1,1,54.0
119.24,2.07,1,3.1,1,1,1,166.3
64.26,13.84,5,6.2,1,1,0,158.1
108.44,2.08,8,9.4,0,0,0,185.5
105.03,2.24,1,8.9,1,1,1,196.7
33.82,7.13,4,2.9,0,0,0,75.6
70.28,6.08,6,9.5,0,0,0,148.9
94.13,8.47,1,6.5,0,0,1,130.9
2.24,16.83,7,4.1,0,0,0,15.3
83.51,0.49,2,4.6,0,1,1,161.7
34.69,6.3,6,7.7,1,0,1,76.6
21.97,12.29,4,8.3,1,1,0,92.2
9.4,13.64,3,9.8,1,0,0,86.0
12.75,51.34,7,5.4,1,0,0,105.4
79.42,6.58,9,3.8,0,0,0,133.3
99.74,8.1,5,3.0,0,0,0,173.0
164.91,12.01,5,2.2,0,0,0,273.6
7.92,20.96,1,7.1,0,0,0,77.1
36.22,10.03,3,1.7,1,1,1,91.4
124.54,4.54,5,1.9,0,0,1,189.1
12.44,4.1,4,5.2,0,0,0,44.2
13.87,5.85,6,5.4,0,1,1,57.5
39.12,2.08,3,4.1,0,0,0,60.0
42.31,5.84,6,9.9,1,1,0,134.8
10.65,5.17,1,2.5,1,0,0,78.9
36.6,2.6,6,2.9,0,0,0,84.4
121.29,2.11,10,5.0,0,1,0,225.1
43.85,4.27,4,9.9,1,0,0,133.3
76.9,2.37,6,3.0,1,0,0,169.8
74.42,5.4,3,2.0,0,0,0,141.7
24.36,7.27,4,7.8,1,0,1,64.3
77.55,10.2,8,2.8,1,0,1,121.8
88.19,2.19,4,2.4,1,1,1,141.8
27.6,29.25,5,6.1,1,0,0,94.7
77.17,4.91,5,2.3,0,0,0,142.2
250.68,5.8,3,9.4,0,0,1,370.9
49.77,10.25,4,1.4,0,0,0,79.7
14.31,31.45,9,1.2,0,0,0,60.5
91.1,13.85,5,8.8,0,0,0,192.3
6.39,2.49,8,6.2,0,0,0,47.8
34.7,3.43,6,9.2,1,0,1,80.0
114.06,3.75,6,4.5,0,0,0,219.8
52.22,7.27,7,9.9,1,0,0,163.6
178.96,21.88,2,2.6,1,0,1,235.3
24.94,34.91,2,2.3,1,0,0,114.6
37.5,8.89,0,1.2,0,1,0,109.1
22.67,1.49,5,3.9,0,0,0,46.3
53.05,6.51,2,6.7,1,0,0,117.6
18.13,14.9,2,2.8,1,0,0,61.1
15.82,11.76,3,8.3,0,0,0,80.7
67.22,23.94,8,1.4,1,0,0,110.0
185.51,12.47,2,8.5,1,0,0,331.8
9.38,7.29,2,1.6,1,1,0,86.9
103.32,4.55,4,6.0,1,0,1,171.5
137.79,3.9,4,1.8,0,0,0,213.6
73.36,6.55,10,5.2,0,0,1,94.9
25.06,5.33,5,3.0,0,1,0,93.8
3.22,1.83,3,4.0,1,1,0,91.0
1.53,2.78,5,2.8,0,0,0,10.0
45.26,35.3,4,1.1,0,0,0,100.8
77.6,18.71,2,8.5,0,0,0,180.1
18.18,24.26,3,6.6,0,0,0,84.3
29.44,4.16,3,1.4,0,0,0,65.5
14.43,19.32,3,3.2,1,0,0,52.9
83.64,1.45,6,6.8,0,0,0,152.1
80.41,4.19,5,4.7,0,0,0,132.9
66.16,6.64,5,4.6,1,0,0,146.7
93.62,28.58,4,1.6,0,0,0,163.9
8.43,10.41,7,1.3,1,0,1,17.2
29.52,8.42,3,9.7,0,0,0,85.5
84.57,5.44,3,7.9,0,0,0,177.9
156.11,0.76,8,3.4,0,1,1,247.3
81.93,8.62,4,8.5,0,0,0,206.7
112.0,3.77,5,8.7,0,0,1,159.8
1.0,19.14,6,6.6,0,1,0,57.9
70.92,1.53,6,1.8,0,0,0,115.9
7.59,3.86,6,4.1,0,1,1,40.3
68.05,5.32,4,9.3,0,0,1,130.0
3.72,18.57,4,4.0,0,1,0,54.2
17.48,4.24,4,9.6,0,1,0,104.4
57.41,4.73,4,9.7,0,0,0,149.5
10.76,4.77,5,2.3,1,0,0,36.7
76.78,4.24,5,3.6,0,0,0,143.1
4.65,15.5,1,6.5,0,0,0,72.9
88.15,11.96,10,2.7,0,1,0,194.2
42.2,0.99,8,3.4,1,0,0,92.3
1.0,25.89,6,3.6,1,1,0,74.0
14.64,5.49,7,5.6,0,0,0,65.3
32.93,39.04,6,6.3,0,0,0,108.5
51.46,13.47,5,4.8,1,0,1,74.6
56.01,4.79,3,9.7,1,0,1,105.1
112.69,9.15,5,7.4,1,0,1,177.6
28.83,16.23,8,3.3,0,1,0,93.8
1.0,1.99,4,4.9,0,0,0,24.8
15.52,8.53,7,7.6,0,0,0,73.1
4.88,5.18,5,5.8,1,0,1,25.2
91.1,24.66,8,2.3,1,0,0,178.4
8.12,14.95,5,8.5,1,0,0,80.0
22.18,2.06,7,9.1,0,0,0,82.0
7.85,6.51,2,7.1,0,0,0,31.8
36.34,17.51,7,3.0,0,1,0,110.1
10.88,1.32,8,2.0,0,0,0,38.2
72.17,3.15,5,7.2,0,0,0,140.8
33.77,17.39,7,9.5,0,0,0,122.2
34.26,0.95,5,7.4,1,0,0,97.3
151.02,3.51,9,1.3,0,0,0,218.6
19.37,0.96,2,5.7,1,0,0,79.6
23.96,5.28,4,4.8,1,0,0,102.1
44.82,7.03,3,1.9,0,1,0,121.2
20.87,2.16,5,9.8,0,0,0,58.1
88.29,12.33,6,5.5,0,1,0,186.6
39.55,15.35,8,9.1,0,1,0,108.7
1.0,3.15,7,3.8,0,0,0,47.5
19.44,4.95,7,8.6,1,0,0,99.7
34.57,6.19,7,1.5,0,0,0,86.2
75.83,13.93,3,4.0,1,0,1,127.3
67.48,1.17,4,2.2,0,0,0,136.6
55.46,3.79,5,5.6,0,0,0,100.5
89.77,4.79,5,7.8,0,1,0,203.5
12.05,12.83,9,7.6,1,0,1,31.2
30.78,3.35,9,6.1,1,0,0,60.7
38.9,16.57,3,7.7,0,0,0,102.0
181.63,13.27,12,8.4,0,0,1,283.1
187.11,5.94,10,2.1,0,0,1,257.2
34.39,33.93,5,5.3,0,0,0,100.5
7.66,18.75,2,9.6,0,0,0,68.1
109.25,2.38,6,7.1,0,0,0,209.7
1.35,11.52,7,7.3,0,0,0,46.5
30.07,11.9,5,9.5,0,0,0,121.8
34.48,55.77,5,2.5,0,0,0,117.8
7.95,1.63,2,5.4,0,0,0,81.8
23.22,22.72,10,4.1,1,0,0,66.1
55.69,8.2,1,8.3,0,1,0,154.6
59.95,8.23,3,9.9,1,0,0,137.4
75.42,5.04,4,3.0,1,0,1,128.7
42.59,19.33,3,5.0,0,0,1,88.7
17.38,31.04,2,5.9,1,0,0,108.6
1.0,4.66,4,9.3,0,0,0,84.2
46.57,5.17,5,2.6,0,0,0,114.2
41.4,0.5,4,2.4,0,0,0,69.0
50.23,18.66,6,7.0,1,0,1,119.2
133.49,6.98,5,9.5,1,0,1,200.2
13.58,9.48,6,8.7,1,1,1,64.4
61.3,4.0,5,1.9,0,0,0,80.7
11.18,5.0,3,6.4,0,0,0,66.0
77.06,1.49,2,6.3,1,0,1,128.5
1.56,7.23,4,5.5,1,0,0,37.4
15.67,6.38,6,2.8,1,0,1,20.8
14.91,10.39,4,7.6,0,0,0,73.4
94.46,51.26,4,1.9,1,0,0,181.4
39.67,11.19,9,7.4,0,0,0,110.0
26.67,19.24,5,4.7,0,0,0,89.3
14.01,13.16,6,6.5,1,0,0,46.8
19.49,16.3,4,7.9,1,0,0,108.6
63.91,13.12,3,2.5,0,0,0,126.8
94.93,10.46,5,3.7,1,0,1,145.0
4.82,37.29,7,4.0,1,0,1,34.3
1.0,20.56,6,7.1,0,0,0,26.2
39.82,14.38,11,3.7,0,0,0,99.9
90.91,7.8,5,9.8,0,0,0,184.1
1.15,2.22,3,3.8,1,0,0,36.0
43.21,19.15,6,9.6,0,0,0,115.1
84.28,4.73,8,5.4,0,0,0,129.4
6.02,18.98,5,1.8,0,0,0,45.4
22.47,6.03,10,4.4,0,0,0,48.9
5.31,9.24,5,1.4,0,0,0,27.2
1.95,8.25,7,4.3,0,0,0,12.8
34.07,1.87,3,4.6,1,0,1,52.4
54.65,11.95,6,1.1,1,0,1,82.4
127.84,6.42,8,2.9,1,0,1,152.8
18.45,6.74,2,5.8,1,0,0,69.0
15.09,46.52,5,8.8,0,1,0,105.6
48.77,3.67,7,8.9,1,0,0,137.4
147.11,3.47,5,8.7,0,0,0,283.0
10.27,5.49,9,8.8,0,0,0,33.6
6.32,28.15,8,3.7,0,0,0,53.3
92.67,3.65,8,2.5,1,0,1,134.4
7.19,30.21,7,5.5,1,0,0,80.8
28.56,100.0,5,5.1,0,0,0,103.3
76.03,47.09,3,3.4,0,0,0,183.0
23.52,2.02,7,1.2,0,0,0,27.2
52.42,2.38,7,8.7,1,0,0,127.6
78.71,10.65,7,2.9,0,0,0,168.6
38.81,6.14,5,9.0,0,0,0,126.3
11.16,5.88,6,4.6,0,0,0,58.6
12.76,4.71,5,3.8,1,0,1,35.5
205.62,6.0,3,7.5,0,0,0,355.9
83.37,13.66,5,5.0,0,0,0,153.3
19.24,5.0,5,6.5,0,0,0,69.9
9.82,5.11,6,8.6,0,0,0,87.9
16.5,39.3,3,9.5,0,0,0,106.8
86.03,3.61,7,9.6,1,0,1,144.1
45.25,1.89,7,8.3,0,1,0,119.6
58.63,22.24,8,8.8,0,1,0,157.3
53.43,1.54,7,9.7,1,0,0,133.4
96.46,4.63,2,7.7,0,0,0,197.3
221.02,2.06,0,4.3,0,0,1,308.7
49.79,5.01,3,6.4,0,1,0,157.9
46.4,4.07,9,4.2,1,0,0,104.5
5.95,29.69,6,9.2,0,0,0,65.1
127.25,26.5,1,9.8,0,0,1,218.0
3.24,1.67,2,9.7,0,0,0,83.0
56.61,4.18,2,6.7,0,0,0,142.4
67.9,1.57,5,9.4,0,0,0,183.1
20.19,8.11,2,5.5,0,0,0,53.8
5.47,7.42,3,1.0,0,0,0,52.3
27.65,1.42,4,1.5,0,0,0,47.4
13.71,68.94,8,5.5,0,0,0,72.2
45.06,3.91,6,2.9,0,0,1,64.9
1.78,2.04,3,5.3,0,0,0,40.5
2.47,6.17,10,3.8,0,0,0,27.2
42.53,31.15,2,1.8,1,0,0,117.9
7.43,2.46,2,2.5,0,1,0,16.5
22.26,25.34,3,9.5,0,0,0,97.1
103.97,8.52,5,1.2,0,0,0,196.6
1.25,1.81,5,2.8,0,1,0,40.0
8.1,3.3,4,2.0,0,0,0,22.6
117.83,5.45,3,9.3,0,0,1,202.8
23.92,2.75,2,8.7,0,0,0,95.0
22.84,1.25,4,2.5,1,1,0,84.0
40.29,4.36,6,3.6,0,1,0,96.8
28.95,36.41,4,2.6,1,0,0,105.0
74.43,9.21,6,8.0,0,0,0,172.5
16.51,14.6,2,6.5,0,0,0,77.4
8.2,5.93,6,3.7,0,1,0,34.9
40.44,9.73,6,10.0,1,0,0,149.8
31.81,3.06,4,5.0,0,1,0,84.3
22.28,24.89,4,8.9,1,0,0,91.6
23.71,20.52,7,2.6,1,0,0,40.7
120.58,2.07,4,2.6,1,0,1,168.7
78.89,14.41,5,8.5,0,1,0,175.3
11.16,4.2,4,3.1,0,0,0,16.5
29.27,3.09,4,2.1,0,0,0,76.8
69.97,40.26,6,9.2,0,0,0,172.5
36.58,3.09,6,8.1,0,0,0,134.2
135.71,28.54,4,2.9,0,0,0,265.5
62.15,1.32,4,9.7,1,0,0,148.7
7.57,8.29,7,5.8,0,0,0,53.1
25.5,1.59,6,4.5,0,0,0,93.2
97.3,2.47,5,2.3,0,0,1,120.9
25.63,1.74,7,6.6,0,0,0,79.9
35.63,7.66,4,5.0,0,0,0,99.9
84.41,13.21,8,2.4,1,0,1,121.9
1.01,4.39,6,4.7,0,0,1,10.0
4.04,3.5,2,3.9,1,0,0,48.7
15.4,2.39,6,9.8,1,1,0,112.5
72.64,61.41,4,3.6,0,0,1,140.2
16.16,6.63,4,2.7,0,0,0,45.9
26.72,1.94,7,9.8,0,0,0,91.7
21.08,7.42,6,3.0,0,0,0,51.8
80.54,58.46,5,5.6,0,0,0,191.4
46.66,3.03,4,9.8,0,0,0,145.0
12.25,4.43,4,1.9,0,0,0,33.0
107.42,3.68,3,2.5,0,0,0,187.5
1.0,1.76,5,7.2,0,0,0,56.7
27.07,8.63,5,8.3,1,0,0,117.4
79.62,8.65,4,4.0,0,0,0,137.7
30.81,3.1,3,7.6,1,1,0,112.5
16.51,36.43,7,6.8,0,0,0,82.9
125.43,18.59,4,2.6,0,0,0,203.6
55.14,4.55,6,3.1,1,0,0,111.5
39.02,13.8,5,9.9,0,0,0,119.0
131.1,12.05,8,6.4,0,0,0,248.4
119.87,13.97,2,7.5,1,0,0,236.9
21.21,15.94,8,1.0,0,0,0,62.7
21.48,13.11,4,5.6,0,0,0,77.0
17.41,12.42,6,5.9,0,0,0,85.4
16.66,58.6,3,3.7,0,0,0,66.8
7.74,5.34,5,6.1,0,0,0,49.0
51.19,6.36,10,5.1,1,0,0,74.3
17.82,6.4,5,6.7,0,0,0,69.7
29.73,3.01,5,6.2,1,0,0,108.9
32.37,8.56,3,1.7,0,0,0,35.1
55.42,7.3,3,8.6,0,0,1,108.2
87.18,16.46,11,2.7,1,1,0,156.5
173.64,3.71,9,3.9,0,0,1,234.4
28.93,1.74,4,7.1,1,0,0,92.8
96.15,22.6,6,8.0,0,0,0,186.5
38.07,7.28,4,1.1,1,0,0,77.7
136.15,3.99,6,3.4,0,0,1,167.4
71.4,43.59,10,7.9,0,1,1,153.3
57.89,29.65,5,7.1,0,0,0,158.7
27.04,21.69,3,6.6,0,0,0,107.2
18.09,2.77,5,8.7,1,0,1,51.7
82.23,2.33,5,1.7,0,0,1,99.4
43.45,21.71,9,6.5,1,0,0,133.3
4.07,18.09,8,8.0,0,0,0,50.3
28.56,17.31,6,2.8,0,1,0,101.6
7.84,5.69,8,9.6,0,0,0,68.6
1.4,24.3,7,5.4,0,0,0,15.1
242.45,18.6,1,6.2,1,0,1,370.5
39.08,26.74,7,7.1,0,0,0,131.8
83.67,5.66,7,1.6,0,0,0,148.6
29.92,9.34,6,1.1,0,0,0,68.9
50.42,5.27,10,2.0,1,0,1,40.6
232.17,32.03,4,4.8,0,0,1,333.0
53.15,4.54,3,2.2,0,0,0,107.9
8.88,2.42,6,4.3,0,1,1,51.7
77.22,7.99,3,3.6,0,0,0,160.2
132.5,11.13,6,4.9,0,0,0,260.5
19.45,3.59,6,6.2,0,0,0,68.9
12.65,1.6,1,2.2,0,0,0,31.3
15.38,1.84,9,3.6,0,0,0,38.1
9.13,14.85,5,1.3,0,0,0,65.3
11.89,25.6,4,4.1,0,0,0,40.4
58.32,8.16,4,3.4,1,0,1,106.5
22.96,10.36,3,9.1,0,0,0,78.8
108.67,38.75,2,2.7,0,0,1,175.6
22.21,4.44,3,7.1,0,1,0,115.7
125.22,14.34,5,8.3,1,0,0,255.8
7.14,5.24,9,6.5,1,0,1,38.7
1.72,17.12,2,5.3,1,0,0,82.1
76.38,3.82,2,2.1,0,0,1,113.9
72.98,2.55,1,7.1,0,0,0,146.1
59.88,9.34,5,6.1,0,0,1,116.2
27.36,11.0,7,6.8,1,0,0,90.9
11.14,6.95,7,8.8,1,0,0,71.6
13.08,1.67,6,8.8,0,0,1,58.1
80.74,3.48,3,5.7,1,0,1,111.2
141.6,2.95,6,5.8,1,0,1,204.5
151.1,9.09,6,3.3,0,0,0,251.5
23.46,4.23,5,8.1,1,0,0,92.2
52.79,56.7,6,5.0,1,0,0,151.1
18.4,11.13,6,6.0,0,0,0,48.9
95.91,19.4,3,5.8,0,0,0,175.1
44.9,5.28,6,5.3,0,1,0,138.2
98.63,12.99,3,3.8,0,0,0,166.7
68.54,7.68,3,3.8,1,1,1,137.5
14.13,8.8,4,4.2,0,1,0,110.0
1.56,25.73,1,3.1,0,0,0,43.4
204.25,40.53,6,9.4,0,0,1,326.6
30.32,14.93,6,8.1,0,0,0,99.3
16.05,7.61,6,6.1,0,0,0,91.3
83.5,3.2,4,9.1,0,0,0,185.4
9.39,12.6,5,1.4,0,0,0,38.3
35.36,2.82,4,6.9,0,0,0,97.1
27.17,11.11,3,9.4,0,0,0,76.3
6.77,4.49,3,1.5,0,1,0,46.5
56.23,2.41,2,4.1,0,1,0,139.1
107.32,10.36,5,8.7,0,0,0,241.2
132.08,2.67,7,5.1,1,0,1,207.9
40.6,5.21,6,6.7,0,0,1,66.5
1.0,5.48,7,5.7,0,0,0,44.2
24.43,9.22,3,6.8,1,0,1,62.6
39.88,51.19,4,6.1,0,0,0,142.5
172.62,38.74,1,6.2,1,0,1,271.5
29.36,4.09,5,7.1,0,0,0,81.5
21.71,3.37,9,1.5,0,1,0,46.7
128.16,10.04,4,3.6,0,1,0,235.1
29.13,9.19,4,1.7,1,0,0,73.0
156.34,3.7,5,4.1,1,0,1,197.1
19.13,1.13,5,6.8,0,0,0,66.3
68.45,4.0,6,8.1,0,0,0,129.4
92.72,9.29,4,9.6,0,0,0,207.5
109.02,3.06,10,2.3,0,0,0,191.8
17.62,9.02,6,5.8,0,1,1,81.5
206.68,4.1,4,7.5,0,1,1,327.2
67.88,10.91,4,9.4,0,0,1,141.0
8.21,46.24,4,1.7,0,0,0,43.5
71.25,5.53,3,6.5,0,0,0,164.4
89.76,16.65,5,8.0,1,0,0,213.4
10.05,17.85,10,8.0,0,0,0,68.8
9.31,2.4,3,5.1,1,1,0,105.1
7.02,3.91,4,8.7,1,0,0,85.7
34.25,9.23,4,4.5,0,0,0,109.4
63.05,14.08,4,8.2,0,0,1,126.1
23.82,1.29,4,6.4,0,0,1,50.0
3.0,9.6,4,2.7,1,1,0,63.6
22.29,1.77,6,1.5,0,0,0,87.3
60.52,2.25,7,5.7,1,0,0,138.1
5.14,4.21,7,9.7,0,0,0,30.1
40.67,6.82,5,9.8,0,0,0,146.9
46.29,25.08,5,8.4,1,1,1,129.5
52.63,7.93,3,1.8,0,1,0,103.9
21.22,11.78,3,2.5,0,0,0,56.1
131.11,2.23,6,6.0,1,0,1,188.0
264.64,3.97,8,9.3,0,1,1,416.0
90.68,5.49,4,6.3,0,0,0,170.5
5.78,5.57,4,1.2,1,0,1,10.0
15.59,17.75,6,8.4,0,0,0,77.3
11.23,14.15,4,1.9,1,0,0,44.2
2.72,23.82,12,4.8,1,0,0,60.1
113.27,4.83,2,9.0,0,0,0,208.3
10.43,2.12,1,5.2,0,1,0,75.5
23.6,54.89,5,9.4,0,0,0,100.1
23.5,3.58,6,4.8,0,1,0,79.8
75.07,2.01,8,3.2,0,1,0,158.1
29.71,4.85,2,7.6,1,0,0,102.5
23.19,12.84,2,1.3,0,1,0,56.9
15.41,15.78,11,1.1,0,0,0,20.6
37.43,12.4,5,1.7,1,0,0,103.7
6.07,13.69,4,8.5,0,0,0,94.8
48.0,22.99,4,4.1,1,0,0,100.2
86.66,4.26,3,1.1,0,1,1,160.3
131.17,6.7,6,7.8,1,1,1,197.1
49.89,23.92,5,4.4,1,1,0,172.4
86.29,7.54,5,9.9,0,1,0,223.8
12.83,10.19,5,3.7,1,0,1,40.4
36.1,100.0,6,9.8,0,0,0,142.0
16.7,16.14,4,9.8,0,0,0,66.5
419.71,3.57,4,4.1,1,0,1,545.7
23.57,30.01,2,9.1,0,0,0,80.4
12.62,8.23,5,1.3,0,0,0,21.2
73.94,17.94,6,1.6,0,0,0,125.3
30.74,1.58,5,7.4,0,0,1,84.2
6.79,4.83,3,6.7,0,0,0,69.4
77.66,31.15,1,2.2,0,0,0,177.2
32.92,2.23,1,2.1,0,1,0,96.4
77.82,7.9,6,4.3,0,1,0,158.8
69.56,10.91,3,2.5,0,0,0,128.3
42.23,1.13,8,4.5,0,0,0,96.5
63.65,10.48,5,1.5,0,0,1,89.1
97.01,8.97,2,6.9,0,1,0,192.0
29.78,15.1,4,6.8,1,0,0,98.7
156.35,3.4,6,7.3,0,0,1,229.6
10.04,17.6,5,6.5,0,0,0,63.1
174.52,5.45,5,4.8,0,0,1,231.6
13.28,3.44,6,4.1,1,0,0,48.4
35.36,26.58,4,9.1,0,0,0,112.3
31.73,13.07,7,5.3,0,1,0,123.4
3.11,3.76,5,9.5,0,0,0,59.9
10.6,2.51,7,3.7,0,1,0,52.8
88.58,5.37,5,7.1,0,0,1,162.0
16.14,18.77,5,2.3,1,1,0,105.3
1.0,21.58,3,9.2,0,0,0,120.7
87.01,2.35,6,9.3,0,1,0,206.0
151.88,2.26,6,1.3,1,1,0,250.1
37.98,12.51,5,3.2,1,0,0,80.2
45.52,53.04,3,7.5,0,0,0,132.9
6.01,5.14,4,9.7,0,0,0,54.2
147.25,38.13,3,3.8,0,1,0,270.5
11.91,12.46,0,5.7,0,0,0,100.6
39.84,0.95,3,6.0,0,1,0,83.7
167.74,2.35,1,3.4,1,0,1,256.7
29.68,6.17,3,8.7,1,0,0,86.8
4.88,20.13,6,9.7,0,1,0,117.5
12.12,11.32,5,7.4,1,1,0,110.2
3.71,22.58,4,2.8,0,0,0,30.7
25.88,3.59,7,6.1,0,0,0,66.8
44.47,4.25,4,6.5,0,0,1,91.5
29.8,8.57,5,1.8,0,1,0,80.3
21.11,4.88,7,8.2,0,0,1,39.9
9.09,12.82,4,6.4,0,0,0,74.0
60.01,5.47,5,5.8,0,0,0,127.4
167.51,11.6,3,4.4,0,0,1,236.0
20.04,15.28,10,9.4,1,0,0,85.4
36.8,14.54,4,1.1,0,0,0,67.3
9.02,8.88,4,2.6,0,0,0,44.8
3.87,4.58,9,8.3,1,0,0,67.1
9.14,14.76,2,2.5,0,0,0,16.8
4.83,0.36,5,1.4,0,1,0,49.7
47.97,3.92,2,1.6,0,1,1,96.2
53.24,2.27,10,7.7,0,0,0,105.7
327.32,8.53,4,4.5,1,0,1,453.6
239.81,6.09,5,7.7,1,1,1,368.8
29.15,24.2,3,6.4,0,1,0,95.5
13.03,3.66,5,9.1,1,1,0,97.9
33.72,27.06,7,9.9,0,0,0,113.2
113.97,4.53,8,5.2,1,0,1,158.6
57.27,13.23,4,9.1,0,0,0,139.3
48.25,11.13,11,1.4,1,0,0,89.5
59.49,11.52,2,1.2,0,0,1,74.2
8.28,3.95,1,5.5,0,1,0,48.2
24.0,15.67,3,9.5,1,0,0,114.3
10.68,7.75,6,6.2,1,0,1,15.5
149.05,2.17,6,2.4,0,0,1,217.2
10.82,6.04,4,7.5,0,0,0,94.8
10.02,47.91,5,7.6,1,1,1,94.7
118.4,2.36,1,4.5,0,0,0,225.2
148.94,0.67,5,7.3,0,0,0,238.5
62.27,6.32,3,8.6,0,0,0,153.7
324.59,10.43,5,1.6,0,0,1,423.9
2.59,100.0,3,3.7,0,0,0,75.3
63.55,7.38,8,5.9,1,1,1,123.4
10.37,4.41,5,8.8,0,0,0,95.4
23.61,4.46,3,7.9,0,0,0,95.2
17.41,6.09,8,4.3,0,0,0,81.0
101.63,6.06,2,4.6,1,0,0,177.4
6.24,14.1,3,2.3,1,0,0,47.6
18.48,17.25,6,7.3,0,0,0,100.6
70.62,24.4,2,3.5,0,0,0,146.1
68.97,5.45,3,1.9,1,0,0,135.2
38.96,24.4,5,8.2,1,1,1,142.3
83.82,32.19,2,1.8,0,1,1,187.6
4.44,4.54,10,7.3,0,0,0,59.4
1.0,72.62,4,1.9,0,0,0,68.2
5.45,7.39,8,3.4,0,1,0,58.2
85.27,5.6,6,6.8,1,1,1,172.5
34.23,38.33,8,6.2,1,0,1,70.5
24.25,14.28,2,5.5,1,0,0,75.4
13.35,23.87,5,8.0,0,1,0,90.2
6.95,9.44,3,7.7,0,0,0,54.5
43.29,26.05,6,9.6,0,0,0,138.4
51.15,14.42,9,2.4,0,0,0,71.6
2.56,2.31,5,8.5,1,0,1,13.5
3.78,4.29,6,2.8,1,0,0,38.5
65.2,3.21,5,1.8,1,0,1,78.4
28.56,3.78,4,1.1,0,1,0,96.4
19.02,47.58,5,6.8,0,0,0,72.1
33.04,20.33,9,7.9,1,0,1,66.4
10.84,5.2,4,2.6,0,0,0,59.2
1.32,15.35,6,8.6,0,0,0,70.6
21.38,12.15,6,2.4,0,1,0,66.7
19.79,5.5,3,2.9,0,1,0,101.5
25.74,9.65,3,4.0,0,1,0,90.3
35.07,9.08,7,10.0,1,0,0,127.9
80.49,14.56,4,6.3,1,1,1,153.9
117.72,4.68,7,3.9,0,0,0,184.5
9.79,2.75,6,4.7,1,0,1,44.9
25.34,1.09,10,7.5,0,1,0,72.2
1.19,10.85,3,2.6,1,0,0,40.5
51.91,8.36,6,2.8,1,0,0,95.6
21.4,72.55,6,3.5,0,1,1,100.3
28.24,17.27,4,6.2,0,0,0,93.3
3.45,6.02,1,3.6,0,0,0,52.1
92.63,10.02,8,6.3,0,1,1,174.8
65.91,21.18,4,6.7,0,1,0,158.3
8.84,7.0,7,5.6,1,0,0,34.2
1.0,3.36,3,8.3,0,1,0,69.9
6.21,2.04,3,6.5,0,0,0,49.9
33.79,23.38,4,3.1,0,1,0,108.7
83.57,26.03,6,9.8,0,0,0,185.9
63.6,4.41,6,5.4,1,1,0,148.1
50.85,9.54,7,1.3,0,0,0,78.1
80.19,4.56,4,2.7,0,0,1,100.2
35.85,87.92,6,7.2,0,1,0,158.3
54.76,4.83,7,2.1,0,0,0,84.5
90.05,10.74,2,4.6,1,0,0,169.5
40.42,20.29,5,2.9,0,0,0,98.7
46.49,16.12,7,5.5,0,0,0,84.4
48.67,14.48,4,1.2,0,0,0,72.5
132.36,4.63,9,2.2,1,0,1,160.1
30.34,16.35,2,8.9,0,1,1,99.6
4.75,21.62,2,2.2,0,0,0,10.2
102.3,12.25,4,4.3,0,0,1,147.9
2.88,1.71,5,2.8,0,0,0,24.7
2.36,1.32,5,1.1,0,0,0,10.0
10.86,8.96,5,1.5,1,0,0,55.3
3.81,1.86,3,8.1,1,0,0,85.3
36.88,6.29,3,7.5,1,0,0,126.4
104.38,27.14,4,5.0,0,0,1,174.9
13.99,10.06,6,9.1,1,1,0,91.7
2.57,2.11,3,2.4,0,0,0,16.0
14.52,2.11,4,1.6,0,0,0,27.3
17.14,23.74,5,8.0,1,1,1,80.6
100.44,7.4,4,1.2,1,1,0,198.6
53.54,21.3,5,2.3,1,0,0,141.3
8.03,6.74,4,4.2,1,0,0,32.7
17.09,0.97,3,2.7,0,1,0,64.8
49.7,52.28,2,6.8,0,0,0,145.1
2.74,6.12,6,5.2,0,0,1,27.5
56.82,2.31,3,8.0,0,0,1,121.5
103.68,17.42,10,5.3,1,0,1,147.3
100.95,23.34,6,2.7,0,0,1,161.2
3.05,33.53,6,2.8,1,1,1,65.5
82.64,5.23,3,4.7,0,1,1,182.9
34.8,1.55,5,5.9,0,0,0,67.7
34.69,14.17,8,7.5,0,0,0,90.0
43.17,11.03,5,3.5,0,0,0,90.9
26.25,3.11,3,3.7,0,0,0,60.1
62.61,4.49,6,8.4,0,1,0,158.9
19.44,4.22,0,7.0,0,0,0,78.8
68.76,12.26,5,7.6,1,0,1,128.0
130.31,9.14,2,8.1,1,0,0,266.9
6.86,13.87,4,1.7,1,0,0,64.5
29.45,1.85,6,1.1,0,1,0,71.4
1.0,10.48,5,8.0,0,1,0,79.1
29.04,8.45,4,5.9,0,0,0,83.6
28.74,63.94,4,6.2,0,0,1,103.7
64.82,4.48,2,9.0,0,1,0,170.6
21.88,5.68,1,9.6,0,1,0,135.1
108.9,13.86,6,8.7,0,0,1,183.1
25.44,8.85,9,3.1,0,0,0,72.8
40.22,0.45,7,6.0,1,0,0,111.9
15.03,3.41,5,3.1,0,1,0,52.6
8.48,12.06,4,4.4,0,0,0,62.1
53.6,3.98,3,3.6,0,0,0,115.2
27.3,9.81,5,5.7,0,1,0,81.7
48.04,32.86,4,6.1,0,1,0,130.9
46.91,1.69,7,5.8,0,0,0,92.8
33.59,11.1,6,1.5,0,0,0,64.7
17.98,3.09,7,4.5,1,1,0,81.6
10.96,12.98,4,3.9,0,0,0,44.2
10.06,97.11,2,4.9,0,1,0,142.6
38.52,1.59,5,5.2,1,0,0,99.9
17.6,0.78,4,9.5,1,0,1,68.7
40.93,1.23,6,2.7,0,0,0,74.5
79.56,47.49,4,9.4,0,0,0,203.3
34.68,1.36,2,6.4,1,0,0,96.8
31.86,4.1,6,9.8,1,0,0,119.0
149.93,16.25,5,2.9,1,0,1,186.8
23.58,10.76,5,5.5,1,0,0,79.1
1.51,4.7,2,7.5,0,0,0,54.5
106.73,8.81,6,6.1,0,0,0,198.5
12.71,16.19,6,2.3,1,0,0,38.3
45.49,5.3,5,3.7,0,0,0,91.9
138.72,5.37,9,4.1,0,0,1,205.4
68.28,10.66,3,7.0,0,1,0,144.5
89.74,34.11,2,8.0,1,0,1,171.3
27.54,4.64,3,6.9,0,0,0,76.6
30.73,3.9,5,4.0,0,0,0,105.5
3.06,9.95,5,6.6,0,1,0,73.0
55.24,5.2,7,1.3,1,0,0,119.7
68.18,7.93,6,5.9,0,0,1,114.9
37.71,9.84,9,5.7,0,0,1,46.8
95.79,0.79,2,2.6,0,0,0,184.7
5.8,1.33,6,7.2,0,1,0,49.1
4.6,1.52,2,9.1,0,0,0,57.3
6.92,6.94,5,5.7,0,0,0,55.0
99.37,2.75,5,5.7,0,0,0,198.3
10.34,12.16,6,3.1,0,1,0,66.0
3.76,18.42,2,9.3,1,0,0,87.4
78.85,8.99,7,8.6,0,1,0,192.1
59.85,95.37,5,5.2,0,1,0,194.3
8.7,13.92,6,2.0,1,1,1,24.7
72.07,7.11,4,9.6,0,0,0,179.7
17.43,12.55,4,5.8,0,0,0,56.7
1.49,5.9,8,3.2,1,0,0,14.8
1.77,12.58,3,5.7,1,1,0,97.4
6.46,7.67,4,3.9,0,0,0,30.2
85.55,0.47,7,7.9,0,1,0,198.1
25.33,12.21,4,5.7,0,0,0,58.7
23.71,9.07,7,9.0,0,0,0,100.3
78.83,10.95,6,7.2,0,0,0,155.1
51.96,35.73,3,6.5,0,0,0,158.0
106.99,21.41,7,8.0,1,0,1,195.1
1.26,4.93,3,2.7,0,1,0,46.1
9.09,3.51,2,5.0,0,1,0,69.8
96.15,5.73,7,7.2,1,1,0,195.2
161.58,10.66,4,4.9,1,0,1,239.2
17.46,1.99,5,2.4,0,0,0,23.6
1.87,4.9,2,2.9,1,0,0,36.0
1.0,7.71,3,4.7,1,0,0,67.8
1.47,1.33,5,8.6,1,0,0,53.8
53.78,1.68,4,3.8,0,0,0,81.8
14.5,8.12,8,1.2,0,1,0,43.7
23.16,4.81,5,5.2,0,0,0,80.9
23.17,18.44,6,5.0,1,0,0,97.3
14.24,16.93,7,8.0,1,0,0,63.8
9.92,5.73,8,3.5,0,0,1,10.0
36.94,1.78,3,2.9,1,0,1,60.8
3.54,5.21,6,8.4,1,0,0,66.4
30.62,9.5,9,9.8,0,0,0,97.0
27.2,3.95,3,6.1,0,0,0,60.2
17.17,12.77,4,8.3,1,0,0,80.1
4.28,4.18,8,1.5,0,0,0,10.0
53.47,7.55,4,5.1,1,0,0,113.9
46.09,19.66,4,5.0,1,1,0,126.9
67.78,3.52,3,1.3,0,0,0,110.7
37.98,8.56,3,7.0,0,0,0,118.6
35.76,14.16,3,4.5,1,0,0,118.2
13.98,9.49,2,5.8,0,1,0,78.6
25.36,20.24,2,2.3,0,0,0,72.3
38.4,4.31,7,6.6,0,0,0,89.0
3.81,6.42,7,2.5,1,0,0,50.8
60.84,2.85,4,6.2,1,1,1,145.7
133.89,3.82,13,7.3,1,1,1,204.4
174.61,2.67,5,7.6,0,0,0,314.7
83.58,3.27,6,3.8,0,0,0,169.2
82.84,8.18,8,5.1,0,0,0,149.1
9.03,1.24,7,6.1,0,0,0,29.4
19.84,3.7,4,8.7,0,0,0,101.3
71.68,9.93,3,9.4,0,0,0,191.1
1.9,10.69,6,9.2,0,0,0,57.6
4.3,6.15,4,8.8,0,1,0,100.6
50.91,10.51,7,1.3,1,0,1,47.5
28.48,11.76,5,5.7,1,0,0,91.1
57.45,11.65,7,6.9,0,1,0,129.9
14.83,7.39,3,6.3,0,0,0,69.3
4.23,2.65,3,8.0,1,0,1,45.9
88.42,8.9,10,9.3,1,0,0,205.4
76.32,62.87,3,1.0,0,0,0,160.7
31.05,18.43,5,5.1,1,0,1,72.1
106.21,13.97,3,4.5,0,0,0,151.9
12.61,40.65,3,1.2,0,0,0,29.3
22.88,7.08,4,1.7,1,0,0,85.9
13.9,5.29,7,4.4,0,0,0,59.8
4.53,2.48,4,4.8,0,0,0,10.2
52.89,4.34,4,8.9,1,1,0,129.5
44.77,4.67,3,2.1,0,0,0,85.9
29.4,28.87,4,8.0,1,0,0,103.0
98.3,0.65,6,9.1,0,1,0,195.3
34.03,4.79,5,6.5,0,0,0,96.1
29.91,2.57,7,2.4,0,0,0,83.3
57.2,3.19,4,6.9,0,0,0,131.7
1.92,8.7,6,3.7,1,0,1,10.0
16.33,2.38,3,6.2,0,0,0,73.1
89.69,3.11,4,6.2,0,0,1,166.9
6.95,3.37,3,1.8,0,0,0,34.7
85.47,12.42,2,7.1,0,1,0,188.3
50.34,0.94,8,1.1,0,0,0,90.1
80.77,6.87,7,2.1,0,0,1,130.5
4.06,7.78,3,2.8,1,0,0,29.0
61.11,22.62,11,9.2,0,0,0,123.1
75.4,11.51,7,2.7,0,0,1,99.6
1.28,15.68,5,2.4,0,1,0,26.7
64.99,13.42,5,6.2,0,0,0,141.5
33.46,2.83,8,7.2,0,0,0,68.4
1.0,1.94,3,6.9,0,0,0,26.9
52.06,10.84,4,4.3,0,0,1,78.7
13.82,7.28,3,9.1,1,1,1,94.0
167.68,9.98,3,2.1,0,1,1,241.3
191.02,24.48,2,9.5,0,1,1,335.2
1.0,7.54,4,8.4,0,1,0,61.3
7.21,3.78,3,7.2,0,0,0,65.0
36.14,9.14,3,1.7,0,0,0,76.4
49.51,5.62,3,9.3,1,0,1,110.7
50.05,51.01,6,1.2,0,0,0,120.5
63.79,68.48,7,5.6,0,0,1,149.0
9.62,7.64,4,8.7,0,0,0,74.1
17.82,5.81,6,2.8,0,0,1,10.0
38.62,15.51,6,2.7,0,0,0,50.2
7.64,21.46,5,3.5,0,1,0,49.8
83.39,9.98,8,3.0,0,0,0,142.8
76.76,3.38,1,4.1,0,0,0,146.1
57.3,5.02,6,1.3,0,1,1,109.3
20.19,6.1,4,5.4,1,0,0,94.2
43.57,5.94,6,9.5,1,0,1,69.3
1.0,1.59,1,4.1,0,0,0,29.6
45.82,20.05,4,1.2,1,0,1,38.3
2.55,32.05,7,8.7,0,0,0,61.9
12.47,9.99,2,3.2,0,0,0,40.9
21.41,16.26,2,8.7,0,0,0,95.3
51.85,9.03,6,5.8,0,0,0,110.6
13.85,3.68,2,4.5,0,0,0,63.5
6.99,7.22,4,5.8,0,1,0,29.6
34.3,2.21,3,9.2,0,0,0,106.4
69.48,19.21,5,5.8,0,0,0,155.8
24.76,50.81,5,9.6,1,0,1,62.0
97.72,2.29,9,4.3,1,0,1,122.5
141.73,11.68,8,6.7,1,0,1,205.2
62.6,44.42,7,2.7,1,0,0,157.4
82.39,7.39,5,4.2,1,0,1,123.6
40.39,34.0,6,7.4,0,0,0,131.8
42.91,33.43,5,9.9,0,0,0,132.3
1.87,4.46,6,3.6,0,0,0,26.1
37.84,1.15,4,2.0,0,1,0,105.8
37.5,11.01,2,6.7,0,0,0,126.9
40.97,11.49,7,3.9,0,0,1,88.2
12.69,4.34,9,9.9,0,0,0,94.6
24.48,39.07,7,3.2,0,0,0,71.8
148.8,37.49,6,5.8,0,1,1,261.1
95.54,67.07,2,2.4,0,0,0,205.4
30.21,9.41,2,1.5,1,0,0,57.2
27.09,5.88,7,8.4,1,0,0,96.8
76.54,13.05,3,3.4,1,0,0,172.9
25.38,25.3,6,5.2,1,1,0,96.8
45.89,13.31,7,1.2,0,0,1,60.5
102.4,14.23,1,9.6,1,1,0,223.5
10.74,3.22,4,1.5,0,0,0,48.5
67.66,21.7,6,6.3,1,1,0,183.7
298.87,5.09,9,8.6,0,0,1,426.0
1.94,20.89,3,2.6,0,0,0,51.7
1.5,2.45,4,9.2,1,0,0,58.7
59.74,39.05,3,3.0,0,1,0,173.9
29.35,7.93,6,6.8,0,0,0,90.2
10.12,5.99,5,8.0,1,0,0,47.3
36.49,8.78,12,1.5,0,0,0,55.2
110.91,3.03,3,1.8,0,0,0,174.9
36.99,3.1,7,3.3,0,0,0,75.0
140.81,1.7,3,1.3,1,0,1,192.2
42.15,10.01,8,3.6,0,0,0,70.4
10.3,25.53,2,6.8,1,0,1,48.0
91.17,9.45,6,9.7,0,0,0,185.9
23.91,11.42,4,9.7,0,0,0,112.2
46.27,2.72,8,4.4,0,0,0,83.9
24.97,8.44,4,4.3,1,0,0,88.2
27.67,6.47,2,7.3,0,0,0,112.6
9.51,13.05,3,1.6,0,0,0,32.4
49.14,1.81,3,5.4,1,1,0,137.0
18.99,5.05,5,5.3,1,1,1,66.4
21.59,8.64,5,5.7,1,0,0,70.2
10.79,2.01,4,3.8,0,0,0,50.2
20.97,16.4,5,3.8,1,1,0,77.6
86.11,11.46,4,1.6,0,1,0,169.7
154.42,0.44,8,2.1,1,1,1,186.2
28.96,2.16,4,7.0,1,0,0,86.5
69.09,8.37,10,6.4,0,0,0,128.2
120.14,68.03,3,7.5,0,1,0,292.0
14.61,13.12,6,9.3,0,0,1,45.6
7.17,0.34,3,1.5,1,0,0,25.3
13.94,3.3,9,3.5,1,1,0,59.1
110.53,11.12,2,8.3,0,0,0,222.9
18.27,1.8,4,9.2,0,0,0,107.9
37.3,15.78,6,3.9,0,0,0,75.0
167.59,8.05,3,7.4,0,1,1,263.4
32.33,30.73,1,3.9,1,1,0,121.3
22.8,2.88,5,6.2,0,0,0,59.3
127.82,14.18,2,3.5,0,0,0,219.2
5.64,13.91,5,7.4,1,1,0,95.5
61.54,54.24,7,7.5,1,0,0,182.8
28.19,21.07,5,4.4,0,0,0,101.9
77.19,8.42,7,6.4,0,0,1,127.8
31.88,1.67,2,4.0,0,0,0,76.8
88.81,3.34,3,3.3,1,0,0,158.7
28.18,13.08,6,9.8,1,0,0,91.4
8.43,7.69,9,8.8,0,1,0,64.2
25.44,22.2,4,4.6,0,0,0,61.2
7.02,2.61,5,2.1,0,1,0,23.4
2.92,5.14,9,8.1,0,0,0,57.2
13.87,30.71,3,1.5,0,0,0,30.5
27.06,9.94,11,8.7,1,0,0,66.0
6.97,7.12,5,3.8,0,0,0,37.3
59.18,1.02,11,4.6,0,0,0,126.6
50.15,4.24,13,3.7,0,0,0,90.5
81.57,3.5,7,3.3,1,0,0,117.3
13.85,35.36,4,7.1,0,1,0,112.8
23.77,28.2,5,3.1,1,0,1,49.3
53.78,6.62,8,6.3,0,0,0,105.4
26.08,8.42,4,8.8,0,0,0,107.5
24.23,10.28,6,7.5,0,1,0,98.6
21.3,9.87,1,9.2,0,0,0,81.5
34.32,8.65,8,9.2,0,0,0,113.6
26.22,15.23,4,1.7,0,0,0,53.2
39.62,6.87,4,4.7,0,1,0,88.3
217.49,1.6,3,9.3,0,1,1,336.1
33.22,3.34,3,7.2,0,1,0,106.4
74.59,8.41,4,8.9,1,0,0,176.6
55.2,41.53,6,8.2,0,0,1,160.7
40.72,28.11,6,8.7,0,0,1,140.4
67.1,1.26,7,1.6,1,0,1,100.2
50.71,5.45,5,6.2,1,0,0,155.1
3.5,3.1,2,9.7,0,0,0,53.2
68.46,11.52,5,4.4,0,1,1,119.1
117.76,8.64,5,5.7,1,0,0,210.2
81.73,5.92,8,1.6,1,0,1,94.6
23.86,9.68,7,8.7,0,0,0,101.6
116.39,10.09,9,4.8,0,0,0,214.8
5.35,5.33,2,3.0,0,0,0,42.4
23.98,13.09,5,2.5,0,1,0,86.5
1.0,29.0,8,9.8,1,1,0,86.0
22.28,35.35,4,3.7,0,0,1,83.6
2.11,4.47,4,7.1,0,0,0,10.0
69.39,37.93,5,7.6,0,0,0,157.3
15.94,31.96,6,3.7,0,0,0,53.6
39.95,3.72,5,2.2,0,0,0,66.8
44.8,22.22,6,9.1,0,0,0,124.7
18.45,7.41,5,7.2,0,0,0,93.9
14.09,38.11,5,1.3,1,1,0,89.3
40.03,7.49,7,5.6,0,0,0,107.9
13.67,28.58,9,5.4,1,0,1,34.4
8.55,11.95,7,1.8,0,1,0,52.2
68.21,5.49,3,8.1,0,0,1,128.9
19.29,3.33,5,4.6,0,0,0,72.4
29.68,3.18,7,2.4,0,0,0,71.3
121.71,5.54,10,1.9,0,1,0,191.7
6.81,5.5,6,6.6,0,0,0,68.1
3.31,12.17,9,4.6,0,0,0,21.8
28.08,6.86,3,2.3,1,1,0,106.1
47.71,34.08,8,5.7,1,0,1,100.8
31.32,10.26,4,2.5,1,1,1,64.0
1.0,12.86,7,4.3,1,0,0,27.4
26.03,6.8,0,7.2,0,0,1,68.3
32.79,37.52,5,1.1,0,1,0,125.0
146.67,3.81,4,6.4,0,0,1,199.8
3.98,0.72,2,5.6,0,1,0,58.3
58.26,3.64,6,7.4,1,1,1,119.5
25.1,7.27,1,9.9,0,0,0,96.0
103.38,5.38,4,9.2,0,0,0,224.9
53.86,4.08,1,5.2,0,0,0,130.4
25.03,3.69,8,3.1,0,0,0,33.0
51.03,6.43,7,1.5,0,0,0,61.5
29.57,99.53,6,10.0,0,0,1,122.6
63.19,3.89,5,7.9,1,0,0,134.5
78.07,13.56,10,6.0,0,0,0,173.0
59.13,16.65,5,6.2,1,0,0,123.7
23.39,14.33,3,9.2,0,0,1,74.7
1.77,11.84,4,2.5,0,1,0,58.0
7.44,8.14,5,8.2,0,0,0,46.9
31.17,10.17,5,8.9,0,0,0,86.5
44.0,3.95,6,2.8,0,0,0,88.9
4.9,1.93,2,6.9,0,1,0,104.3
31.08,9.8,7,3.6,0,0,0,63.4
16.85,43.85,8,3.2,0,0,0,80.3
3.53,4.84,3,2.6,0,0,0,18.8
21.81,5.43,5,8.8,0,0,0,109.3
50.15,60.67,6,6.5,0,0,0,157.7
74.81,10.14,4,6.0,1,0,0,146.1
71.7,1.7,4,1.0,0,0,0,138.5
35.73,76.5,5,2.8,0,0,0,118.2
4.99,7.93,5,7.0,0,0,0,45.7
45.27,5.26,6,5.3,0,0,0,91.1
2.63,1.2,6,3.3,1,1,0,47.9
27.67,8.8,4,6.6,0,0,0,99.6
53.79,14.04,9,1.6,0,0,0,109.3
6.59,19.85,6,2.9,0,0,0,48.2
48.58,7.4,7,6.2,1,1,1,116.1
55.89,11.9,2,7.8,0,0,0,168.9
110.59,8.85,5,5.1,0,0,1,180.8
12.22,7.28,6,2.7,0,1,0,56.8
85.55,0.5,4,1.9,0,0,0,125.2
21.08,8.14,2,4.7,0,0,0,68.2
24.55,9.98,6,6.7,0,0,0,59.5
167.8,3.22,4,5.8,0,0,1,255.9
35.48,10.22,3,2.8,0,0,0,93.3
102.01,7.55,5,9.2,0,0,0,224.7
59.97,2.26,6,9.1,0,0,0,121.5
27.15,5.88,6,4.5,0,0,0,32.9
2.21,17.9,6,7.4,1,0,0,46.9
33.93,3.91,10,2.9,0,1,0,97.1
23.46,1.9,6,4.7,0,0,0,70.4
37.18,3.02,7,8.2,0,0,0,104.1
65.67,4.39,4,8.9,0,0,0,128.9
38.52,9.72,5,1.5,1,0,0,81.4
55.61,15.07,2,6.4,1,0,0,149.6
60.11,14.87,5,4.4,0,0,0,130.3
75.58,2.45,2,5.8,1,0,0,172.3
52.46,12.64,4,4.5,1,1,0,141.9
106.31,4.39,10,4.6,0,0,0,169.2
17.83,7.39,5,7.1,1,0,0,85.0
90.33,16.84,4,7.7,0,0,0,166.1
49.94,2.28,3,2.6,0,0,0,89.7
47.51,2.63,6,2.4,1,1,0,121.0
10.31,4.86,7,8.6,1,0,0,66.0
92.91,9.59,4,3.7,0,1,1,170.2
46.01,5.01,5,6.6,0,0,0,102.6
9.97,3.33,10,7.9,0,0,0,47.8
2.55,27.0,9,8.0,1,1,0,96.3
33.33,2.99,7,7.8,0,0,0,108.8
16.61,4.97,6,4.3,0,0,0,68.0
17.6,7.04,8,9.6,0,1,0,66.4
4.01,46.14,4,6.4,0,1,0,93.0
12.65,4.23,5,5.3,1,1,1,48.7
171.14,16.54,3,5.3,1,1,1,273.1
41.03,5.58,4,1.7,0,1,0,88.3
38.3,0.9,3,1.5,0,0,0,86.3
35.23,15.56,7,1.6,1,0,0,75.6
73.24,11.31,3,3.6,0,0,0,147.8
56.35,13.54,6,8.0,1,0,1,98.5
10.64,4.81,4,2.9,0,0,0,38.6
34.78,4.41,6,9.0,1,0,0,122.2
61.71,15.38,6,2.2,0,0,0,129.9
29.96,3.26,9,3.3,0,0,0,70.0
39.05,7.45,2,5.9,0,0,0,132.8
4.24,5.16,6,5.0,0,0,0,15.8
1.0,2.92,7,8.4,0,1,0,36.4
73.23,9.7,4,7.3,0,0,0,163.8
74.59,14.61,5,2.5,1,0,1,104.2
35.53,12.6,5,4.9,0,0,0,102.9
84.45,8.36,2,6.0,1,0,1,148.1
76.12,1.87,8,9.7,1,0,1,149.7
22.14,6.17,3,1.7,1,0,0,71.8
33.74,1.27,7,6.4,1,0,0,95.6
32.15,1.27,4,2.2,0,0,0,57.3
1.0,3.55,4,8.7,0,0,0,54.4
1.0,17.61,1,5.9,0,0,0,26.3
91.13,0.65,5,2.9,0,0,0,128.2
190.37,15.73,4,6.3,1,0,1,258.3
70.56,2.93,8,4.0,0,1,0,136.2
3.71,6.65,2,3.3,0,1,0,80.4
46.91,53.85,4,1.1,0,0,0,102.2
49.17,19.19,8,7.1,0,0,0,102.0
15.67,6.4,4,4.5,0,1,0,65.9
33.41,3.63,5,8.8,1,0,1,71.5
1.0,17.69,5,9.8,1,0,0,74.0
31.57,3.06,8,5.0,0,1,0,109.2
15.71,7.77,6,4.8,0,0,0,50.6
12.22,16.04,2,7.1,0,0,0,55.4
183.24,16.93,6,5.1,0,0,1,255.8
55.89,0.99,2,2.1,1,1,0,137.2
111.52,10.36,5,3.1,1,0,1,132.8
7.86,5.0,2,3.2,0,0,0,29.0
13.03,4.77,2,9.0,1,1,0,115.7
130.77,7.71,6,4.3,0,0,0,252.2
16.5,79.03,4,9.5,0,0,0,116.1
105.71,7.03,2,3.3,0,0,0,192.0
67.19,5.25,5,9.5,0,1,0,155.3
1.92,2.62,4,4.3,0,0,0,22.3
8.25,6.62,5,6.6,0,0,0,36.4
40.79,1.24,4,4.8,0,1,0,116.3
124.48,20.93,2,2.2,1,0,1,153.9
42.92,6.85,7,8.5,1,1,0,124.6
59.98,5.25,4,5.6,0,1,0,141.0
56.02,13.16,6,3.7,0,0,0,104.5
6.05,4.07,8,9.8,0,1,0,74.5
88.42,10.97,7,2.4,0,0,0,142.5
65.84,1.81,6,2.8,0,0,0,102.2
19.29,1.8,7,8.9,0,0,0,85.4
30.87,0.47,5,7.5,1,0,0,84.0
32.69,14.34,4,9.2,1,0,1,73.1
79.06,20.14,5,7.6,1,0,0,167.6
152.05,9.59,2,3.8,0,1,0,300.6
97.53,24.22,5,9.3,0,1,1,201.2
32.57,15.19,5,3.3,0,0,0,43.1
20.63,13.54,3,4.2,0,0,0,50.2
13.14,6.43,6,7.2,0,0,0,71.4
57.99,22.96,6,3.2,0,1,0,166.4
27.03,3.68,7,1.5,0,0,0,55.6
7.67,12.73,7,3.0,0,0,0,30.8
2.52,19.09,2,1.2,0,0,0,22.1
43.64,4.12,6,8.4,0,0,0,114.9
103.34,11.31,4,1.8,1,0,0,172.2
20.08,8.59,1,9.6,0,1,0,157.9
11.88,2.78,10,9.4,0,0,0,41.9
34.94,18.07,4,1.1,0,1,0,76.9
69.85,4.97,5,5.1,0,0,1,101.0
1.79,14.69,10,7.3,0,0,0,20.9
104.63,2.37,4,1.1,0,0,0,171.1
235.72,3.79,8,5.8,1,0,1,313.6
29.56,4.41,6,3.5,0,0,0,62.4
93.03,3.99,5,5.9,0,0,0,188.8
27.09,3.02,5,6.6,1,0,0,90.8
5.55,2.57,5,9.9,0,0,0,49.8
34.89,7.81,8,2.3,0,0,0,50.7
9.77,5.44,6,2.9,0,0,0,45.5
10.62,9.38,1,5.4,0,0,0,71.1
79.32,10.42,5,3.4,1,0,0,144.4
5.43,1.79,6,5.8,0,1,0,42.2
17.4,9.76,5,9.2,0,0,0,75.1
22.49,12.58,4,9.7,0,0,0,90.8
119.99,3.5,9,3.4,1,0,1,154.3
47.08,16.62,7,8.2,0,0,0,124.5
2.91,4.48,3,9.7,1,0,0,86.9
16.5,17.49,2,4.1,0,1,0,72.5
3.3,0.28,9,8.6,0,0,0,23.7
66.58,25.07,5,3.4,0,0,0,129.7
10.8,29.11,6,3.8,0,0,0,62.6
12.62,7.05,2,7.6,0,1,0,79.0
6.43,24.27,5,6.6,1,0,0,79.2
58.33,5.58,4,6.6,1,1,0,159.3
36.49,5.46,8,4.5,1,1,0,93.9
15.38,33.93,8,7.0,0,0,0,89.9
78.65,4.72,5,6.3,0,0,0,149.7
43.63,25.39,5,1.5,1,0,0,114.0
10.02,2.95,7,7.7,0,0,0,31.8
1.0,9.38,6,4.6,1,0,0,39.5
4.72,1.2,3,6.3,0,0,0,83.1
20.37,8.24,3,2.9,0,0,0,76.3
4.09,32.65,3,7.6,0,0,1,49.8
13.97,6.84,1,8.2,1,0,0,89.0
4.02,18.04,8,8.7,0,0,1,38.4
3.87,3.91,4,5.7,0,0,0,25.6
18.42,10.27,6,9.5,0,0,0,77.5
36.03,9.82,5,7.9,1,1,1,109.6
21.03,4.51,1,4.9,1,0,0,84.0
5.42,8.59,1,8.4,1,0,1,29.4
2.85,17.46,3,3.3,0,0,0,32.5
10.9,6.14,5,3.3,0,0,0,10.0
60.15,3.08,3,3.8,1,0,0,128.1
55.18,2.98,5,3.2,0,0,0,112.2
112.45,9.46,8,4.2,0,0,1,163.0
121.74,7.71,5,6.4,0,0,0,245.3
73.91,26.78,4,3.5,1,0,0,117.9
1.0,14.73,6,7.4,0,1,0,67.0
5.74,10.69,4,6.4,1,1,0,91.3
67.32,2.22,4,7.3,0,0,1,155.0
87.54,7.02,4,5.2,0,0,1,143.6
47.31,2.19,2,9.3,0,0,0,122.6
22.61,34.51,5,4.2,1,0,0,104.5
10.17,4.71,2,6.9,0,0,0,42.1
56.42,3.85,4,5.8,1,0,0,141.4
26.61,6.04,5,9.3,0,0,0,135.9
23.17,11.15,4,5.3,1,0,0,87.7
31.73,0.7,3,9.9,0,0,0,106.3
90.5,3.6,5,3.6,0,0,0,149.5
51.46,46.14,6,8.6,1,0,0,173.8
40.52,11.01,7,9.9,1,0,1,72.2
19.26,10.07,1,2.3,0,0,0,42.1
19.7,12.29,1,4.2,0,0,0,54.5
221.79,2.04,6,7.4,0,0,1,326.8
31.91,97.25,5,9.1,1,0,0,130.5
13.17,16.27,3,7.7,1,0,0,63.9
63.92,4.74,4,2.0,0,1,0,140.9
69.44,16.02,6,6.0,0,0,0,156.9
23.87,21.4,8,4.2,0,0,0,66.7
77.32,2.76,8,1.9,1,1,1,139.6
101.98,91.56,2,7.0,0,0,0,254.8
88.5,8.57,4,4.5,0,0,1,120.2
3.76,4.11,5,1.0,1,0,0,17.1
78.6,26.53,5,2.4,0,0,0,136.3
25.64,3.28,4,9.1,0,0,1,84.0
5.64,1.32,2,8.5,0,0,0,40.9
111.39,1.93,5,9.4,0,0,1,179.6
33.6,1.2,6,5.2,0,0,0,91.2
104.79,3.91,2,7.2,0,1,0,233.8
45.64,13.66,4,6.0,0,0,0,108.4
19.68,9.86,2,5.9,0,1,0,78.9
43.13,5.43,7,3.5,0,1,0,102.0
158.49,3.28,7,8.7,0,0,1,222.6
48.66,6.06,4,2.7,1,1,1,69.7
84.14,5.49,5,6.8,1,0,1,139.9
100.05,7.48,10,9.4,0,0,0,204.8
24.82,1.27,6,7.2,0,0,0,75.6
8.52,59.25,3,6.6,1,0,0,109.5
185.66,2.02,7,3.9,0,0,1,238.1
109.71,2.68,8,5.2,0,0,0,188.7
44.92,7.72,5,1.5,1,1,0,102.5
145.94,26.85,6,1.4,1,0,1,210.8
47.37,19.9,8,1.0,0,0,0,78.0
48.65,2.32,8,4.3,1,0,0,87.7
49.6,1.42,3,1.1,0,0,0,94.0
87.23,18.22,6,7.3,0,0,0,189.7
18.76,4.01,5,7.8,1,0,0,137.6
18.58,9.87,6,5.8,0,0,0,46.2
1.66,9.3,7,4.4,0,0,0,10.0
82.73,2.51,5,1.1,0,0,0,137.6
15.28,6.91,6,8.7,0,0,0,60.1
12.37,17.37,1,7.7,0,0,0,69.3
32.25,8.29,6,3.0,0,0,0,74.1
97.67,2.37,5,5.1,0,0,1,143.2
45.66,8.2,2,9.8,1,0,0,151.6
92.44,14.23,4,7.3,1,0,1,151.5
1.0,8.24,7,3.6,0,0,0,29.5
10.5,8.2,7,3.9,0,1,0,57.0
63.12,8.87,5,9.4,1,0,0,143.2
16.69,1.76,7,5.1,0,1,0,65.8
139.38,3.73,2,3.1,0,0,0,235.9
70.39,6.36,5,5.9,0,0,0,147.8
60.27,5.37,3,7.6,1,1,0,149.6
1.0,4.8,1,5.5,0,0,0,49.6
58.82,4.0,8,3.6,0,0,0,95.4
37.2,10.42,8,6.7,0,0,0,104.6
9.49,10.14,4,7.3,1,0,0,80.5
44.2,32.33,7,6.2,0,0,1,90.2
5.57,6.43,2,3.3,1,1,0,62.1
33.31,30.47,3,1.5,0,0,0,74.2
10.62,0.54,7,2.9,0,0,0,32.4
1.0,14.17,7,4.5,0,0,0,57.3
23.14,2.22,9,7.5,0,0,0,50.2
22.99,36.23,7,9.3,0,0,0,123.8
36.31,1.02,6,7.1,1,0,1,72.6
163.2,5.18,3,1.1,0,0,1,243.4
4.14,4.97,10,6.6,0,1,0,102.8
12.68,1.32,6,1.9,0,0,0,16.5
29.94,3.02,6,8.2,0,0,0,98.0
21.49,6.35,6,3.9,0,1,0,44.7
41.55,3.54,8,3.4,0,0,0,74.0
81.47,4.65,4,5.5,0,1,0,171.1
27.09,8.17,1,5.4,0,1,0,125.3
18.49,0.98,8,2.6,0,0,0,61.7
12.93,25.2,7,8.9,0,0,0,68.8
77.55,9.48,6,9.6,1,0,0,202.6
4.85,1.81,4,2.8,0,1,0,60.8
33.25,6.97,5,3.4,0,0,0,50.0
23.37,13.47,1,1.5,0,1,0,55.2
50.07,7.02,2,4.8,0,0,0,136.3
39.13,11.35,8,4.1,0,1,0,90.7
21.28,15.62,13,3.7,1,1,0,72.7
5.58,1.55,3,9.2,0,0,0,33.2
7.33,3.69,3,3.8,0,0,0,39.4
57.17,54.52,2,4.3,0,0,0,144.4
33.97,4.39,5,4.7,0,1,0,109.1
77.7,13.82,8,4.0,1,0,1,104.9
129.66,26.68,9,6.9,0,0,1,186.1
56.14,8.88,4,9.4,0,0,0,155.9
121.58,4.1,4,1.5,0,0,0,171.1
1.4,14.21,10,1.6,1,0,0,10.0
38.55,11.88,7,10.0,0,1,0,147.0
15.53,4.81,3,7.9,0,0,0,61.5
10.95,6.97,2,4.4,0,0,0,54.4
16.45,5.07,3,5.7,1,0,0,93.0
85.59,2.54,3,8.0,0,0,0,166.6
49.7,7.99,8,1.9,0,0,0,69.7
75.06,53.84,6,4.0,1,1,1,156.9
34.64,18.12,6,7.7,0,0,0,97.8
15.55,49.57,6,6.8,0,0,0,86.3
31.57,13.17,8,4.6,1,0,0,85.0
12.09,18.7,3,4.6,0,0,0,68.1
238.04,6.06,4,9.6,0,0,1,347.4
74.16,4.07,2,8.0,0,1,0,185.3
3.22,4.06,4,9.8,0,0,0,52.4
309.2,19.61,5,5.6,1,0,1,402.3
8.12,16.65,8,6.4,0,0,0,32.4
53.67,9.68,6,7.2,1,0,0,139.6
23.84,9.56,3,4.6,1,0,0,71.7
39.22,27.15,3,4.3,1,0,0,108.2
62.64,1.68,5,1.2,0,0,0,128.0
18.0,7.99,4,4.3,0,0,0,29.1
5.4,38.46,6,3.0,0,0,0,83.6
53.5,16.6,5,4.5,1,0,1,114.9
1.29,1.84,5,4.3,0,0,0,49.9
12.74,13.2,11,3.4,1,0,0,48.8
1.0,8.28,3,8.6,0,1,0,73.6
66.45,22.54,3,9.6,0,0,0,157.9
107.1,4.81,7,5.8,1,0,0,201.3
19.63,16.45,5,9.0,0,1,0,119.8
18.9,1.98,2,8.3,0,0,0,66.5
5.13,88.49,6,9.4,0,0,0,89.5
2.17,47.76,3,9.3,0,0,0,113.5
13.44,8.45,8,1.5,1,0,0,55.6
98.11,2.58,3,3.1,0,0,0,166.4
46.06,23.07,7,6.1,1,0,1,80.4
1.0,20.2,11,7.3,0,0,0,27.6
47.01,45.07,3,8.8,0,0,0,142.9
2.59,5.71,0,1.5,0,0,0,43.6
27.11,7.53,6,1.7,1,0,1,32.1
136.28,5.6,5,2.6,0,0,0,221.4
49.38,6.4,5,8.6,1,0,0,145.2
47.33,1.97,3,3.8,1,0,1,86.8
56.14,32.2,5,1.7,0,0,0,114.6
7.48,4.46,5,8.2,1,0,0,64.5
4.9,4.44,3,2.7,0,0,0,10.4
23.29,1.02,6,2.1,1,0,0,77.6
10.51,2.73,3,4.1,0,0,0,59.7
1.17,12.41,11,7.5,0,0,0,30.7
20.79,3.43,4,2.5,1,0,0,53.7
34.38,1.83,4,5.4,1,0,1,84.2
2.58,12.58,8,4.2,0,0,0,27.2
178.65,30.25,6,1.1,0,1,1,273.1
72.44,7.11,8,4.0,0,0,0,106.8
66.91,26.66,5,5.4,0,1,0,161.8
106.07,7.07,4,2.8,0,1,0,228.8
44.62,10.09,3,3.0,0,0,0,73.5
28.83,7.75,6,1.9,0,0,0,57.3
33.13,40.45,4,3.6,0,0,0,103.8
10.97,9.52,3,6.6,0,1,0,91.2
23.92,3.79,5,7.5,0,0,0,102.6
79.89,3.73,4,9.4,1,0,0,165.1
34.88,2.19,3,8.7,1,0,1,98.6
10.13,3.98,4,2.0,1,0,0,54.5
99.15,59.17,5,7.7,0,0,0,229.4
52.5,6.64,5,5.8,0,0,0,91.9
45.63,1.94,6,5.9,1,0,0,133.6
174.17,9.38,5,3.8,0,1,0,299.5
129.66,8.45,8,5.2,0,1,0,214.0
7.92,6.35,6,7.5,0,0,0,50.3
67.81,3.6,6,7.9,0,0,0,133.2
116.96,16.04,2,5.1,0,0,1,185.3
98.93,56.72,6,7.3,0,0,0,217.1
109.9,9.41,3,7.4,0,0,1,199.4
82.06,4.81,4,9.2,0,0,0,187.5
224.7,47.94,2,4.8,0,0,1,343.0
15.92,0.73,2,3.1,0,0,0,44.9
8.67,0.58,2,4.1,0,0,0,42.1
3.94,2.14,3,4.8,0,0,1,17.2
86.76,87.43,6,2.8,0,0,0,178.1
30.13,28.07,5,2.1,0,0,0,79.4
14.93,6.91,6,9.2,0,1,1,86.1
56.54,6.16,3,3.6,0,0,0,115.4
1.0,1.76,8,9.4,0,1,0,70.3
10.95,11.96,11,7.4,1,0,0,74.3
23.77,48.43,2,3.7,0,0,0,97.9
11.93,4.11,5,3.8,0,0,0,51.8
20.97,5.48,4,3.6,1,0,1,36.8
9.04,25.45,5,5.0,1,0,0,52.3
1.0,19.59,4,1.5,1,1,1,10.8
34.29,8.41,5,2.0,0,0,0,87.6
3.66,5.74,10,1.2,0,0,0,17.4
63.71,7.7,7,1.7,1,0,0,114.1
3.17,9.24,4,4.8,0,0,0,29.2
72.73,7.65,7,1.5,0,0,1,120.0
3.18,10.42,7,4.7,0,0,0,43.4
181.02,24.53,4,8.7,0,1,1,314.0
22.44,22.43,8,4.6,0,1,0,95.7
17.84,17.45,6,3.1,0,0,0,55.0
18.22,15.73,5,4.1,0,0,0,34.6
13.83,33.04,5,5.9,0,0,0,71.0
9.75,10.57,5,1.5,1,1,1,41.8
88.44,8.25,10,5.1,1,0,1,146.1
30.93,1.39,2,6.2,1,0,0,102.9
5.26,5.58,2,8.4,0,1,0,78.4
85.43,2.11,6,6.9,0,0,0,153.6
98.6,5.31,5,4.4,1,0,1,155.4
128.53,6.84,2,8.4,0,0,0,266.9
2.39,19.61,10,1.9,0,0,0,10.0
32.14,2.58,6,3.3,1,1,0,94.4
46.38,16.38,2,6.0,1,0,0,130.9
92.46,6.76,6,9.2,0,0,0,163.8
48.4,2.74,4,4.9,0,0,0,131.1
30.6,0.74,5,8.7,0,0,0,97.4
72.1,6.66,4,3.3,0,0,0,156.5
31.12,7.92,3,4.7,0,0,0,89.6
16.82,7.31,5,5.0,0,0,1,16.9
43.82,16.6,4,6.2,0,0,0,103.0
35.79,18.02,3,8.2,0,0,0,105.9
33.46,20.54,9,9.4,0,0,0,95.1
10.64,5.52,6,4.8,0,1,0,66.3
93.36,3.99,2,5.0,0,0,0,176.4
2.94,6.37,4,1.9,0,0,0,22.4
2.75,9.09,5,7.4,0,0,0,34.9
7.54,8.39,6,4.8,1,0,1,28.0
5.94,5.77,6,6.9,0,0,0,65.9
107.12,3.5,4,6.4,1,1,1,172.9
78.11,1.54,5,1.1,0,0,1,108.8
16.75,50.25,6,1.4,0,0,0,50.9
15.43,4.22,4,8.8,1,0,1,57.3
26.01,3.11,8,2.5,0,0,0,65.0
36.83,24.95,5,5.3,0,0,1,82.0
20.08,6.56,5,4.2,0,0,0,67.4
118.02,8.74,8,6.0,0,0,1,155.3
2.48,16.5,5,3.8,0,0,0,38.3
162.57,18.76,6,4.7,1,0,1,226.2
42.14,11.94,6,2.5,0,0,0,94.8
145.08,7.56,1,5.5,1,0,0,273.4
59.49,23.1,4,8.8,0,0,1,143.0
8.22,6.68,6,9.6,0,0,0,60.0
59.12,6.37,3,2.8,1,0,0,143.6
173.22,3.9,5,2.3,0,0,0,264.9
34.66,11.81,5,2.6,0,0,0,77.5
105.09,5.08,4,4.8,0,0,1,176.2
229.91,19.66,2,1.8,0,0,1,315.6
20.66,0.57,3,8.4,1,0,0,102.7
26.59,2.79,10,3.4,0,0,1,53.9
16.07,40.69,6,4.9,0,1,0,99.2
129.6,1.81,5,3.1,0,1,0,245.6
49.24,2.25,1,2.7,0,0,1,69.4
70.78,24.25,8,1.2,0,0,0,124.2
11.11,2.24,6,4.9,0,0,0,44.2
28.05,2.08,6,8.8,1,0,0,91.3
50.67,10.11,5,3.1,0,0,0,99.8
66.57,57.24,6,2.5,1,0,1,119.8
53.48,13.16,7,4.9,0,1,0,148.6
61.83,1.06,7,9.1,0,1,1,155.6
47.82,6.0,7,4.2,0,0,0,119.9
10.79,20.02,6,4.5,0,0,0,48.4
39.46,3.97,6,9.0,0,0,0,62.7
112.47,1.08,8,5.1,0,0,0,189.6
6.46,4.59,5,6.6,0,0,0,18.1
13.49,4.48,6,3.2,0,0,1,25.7
29.03,3.19,6,5.5,0,1,0,93.5
3.81,9.88,1,6.7,0,0,0,49.8
23.82,1.3,5,4.7,0,0,0,78.7
26.98,15.82,8,9.1,0,0,0,105.4
86.23,2.14,8,6.5,0,0,0,170.3
211.09,6.15,5,9.2,1,1,1,335.3
10.54,2.2,4,2.9,1,1,1,48.2
11.69,9.42,5,1.2,0,0,1,31.2
121.32,1.64,4,3.7,0,1,1,189.6
110.43,8.92,5,9.3,0,1,0,231.4
164.22,3.1,3,8.4,1,1,0,324.3
91.87,5.08,4,6.4,0,1,1,187.4
39.56,40.05,3,6.9,1,0,1,87.0
42.98,3.03,6,9.2,0,0,0,123.0
27.87,4.86,5,8.5,1,0,1,69.6
1.0,4.56,6,8.2,0,0,0,64.0
34.16,5.25,3,1.3,0,0,0,66.3
105.66,11.73,6,5.7,1,0,0,178.2
5.76,6.6,5,5.2,0,0,0,48.3
11.71,4.32,3,9.9,0,0,0,80.0
9.56,13.76,7,5.5,1,1,0,68.2
1.0,0.99,5,2.5,0,0,0,19.7
7.48,72.22,4,1.9,0,0,0,53.8
30.19,7.73,6,2.0,1,0,1,41.8
81.72,9.16,3,8.7,0,1,0,188.9
2.05,13.41,5,4.5,0,0,0,29.2
27.32,8.83,9,6.1,0,0,0,56.1
93.13,7.22,9,9.2,1,0,0,207.6
129.97,2.13,5,9.8,1,0,0,240.5
4.02,15.67,2,9.1,0,0,0,81.2
54.49,35.43,4,6.0,0,0,1,137.5
58.68,7.8,8,2.4,1,0,0,135.1
172.53,2.71,6,3.1,0,0,1,221.6
1.59,12.0,6,9.1,0,1,1,104.0
81.02,2.84,4,7.1,0,0,0,172.0
47.75,15.44,4,2.1,0,0,1,64.2
3.68,3.37,3,5.3,0,0,0,26.4
20.79,16.57,4,2.8,0,1,0,67.8
39.86,1.28,5,1.8,0,0,0,92.2
2.73,100.0,7,6.8,0,0,1,73.9
61.15,19.18,6,6.9,1,0,1,109.5
103.55,19.48,7,2.1,1,0,0,189.6
39.68,13.48,1,7.0,1,0,0,144.2
57.11,19.27,7,5.9,0,0,0,123.2
49.65,3.18,3,6.2,0,0,0,102.7
2.99,9.18,1,4.0,1,1,0,54.7
19.32,4.69,4,5.0,1,0,0,98.0
92.15,1.85,6,1.7,0,0,1,126.6
76.84,21.48,2,9.3,0,1,0,219.2
21.0,2.6,3,1.3,1,0,0,72.9
36.78,12.12,6,5.3,1,0,0,87.7
132.68,15.09,2,6.4,0,0,0,260.9
195.05,10.74,3,2.8,0,0,1,242.3
81.61,8.86,2,9.9,1,0,0,180.7
16.2,7.72,10,1.4,0,0,1,23.5
5.26,12.82,9,1.5,0,0,0,37.7
113.32,8.65,1,3.1,0,1,0,250.3
54.06,30.31,11,8.0,1,1,1,124.5
90.4,5.49,3,8.6,0,0,1,146.3
4.02,23.15,6,3.5,1,0,0,25.6
41.4,6.16,3,5.6,0,1,0,114.8
103.56,2.9,3,4.5,1,1,0,235.9
3.17,3.37,3,8.4,0,0,0,74.6
134.19,3.31,4,3.4,0,0,1,211.0
53.67,17.8,3,6.8,0,0,1,101.6
22.96,2.45,3,5.6,1,0,0,70.3
56.48,10.53,7,8.8,0,0,0,140.4
62.64,21.49,5,3.8,0,0,0,145.5
50.56,0.78,3,3.5,1,0,1,59.2
64.85,15.15,6,3.7,0,0,0,130.2
7.14,57.59,6,4.6,0,0,0,56.9
38.7,9.17,3,4.7,0,0,0,77.9
18.97,19.03,3,3.6,0,0,0,80.4
6.91,12.61,7,5.9,0,0,0,43.4
61.08,5.29,5,9.6,0,0,0,150.0
45.9,4.82,8,8.9,1,0,1,83.1
373.35,12.82,6,6.5,1,0,1,529.0
91.34,3.82,6,9.0,0,1,1,166.4
26.25,4.27,3,4.8,0,1,0,75.4
75.59,13.5,5,7.3,0,0,0,152.7
10.29,3.3,6,7.1,1,0,0,65.9
31.78,14.22,9,8.0,0,0,0,89.7
25.83,4.41,2,1.5,1,0,1,34.8
47.17,4.34,5,2.8,0,0,1,91.1
81.67,7.64,8,5.3,0,0,0,143.3
30.97,12.0,8,4.9,1,0,0,93.1
100.05,6.11,5,2.2,0,0,0,137.0
69.94,30.94,10,1.7,0,0,0,128.4
15.75,2.68,5,4.9,0,0,0,49.3
38.05,79.55,2,2.2,1,0,1,69.0
95.02,20.16,1,7.7,0,0,0,204.2
70.0,9.36,3,3.2,0,0,0,127.5
85.98,13.35,9,7.1,0,0,1,143.1
14.93,1.37,4,9.0,0,0,0,58.3
75.7,1.9,2,4.0,0,0,0,139.0
26.02,5.68,3,4.4,1,0,1,37.6
160.96,5.91,4,9.0,0,0,1,248.9
31.36,45.35,5,8.0,1,0,0,140.2
113.63,10.87,4,8.7,0,1,1,214.1
54.4,18.81,6,5.6,1,0,0,106.6
135.41,7.21,1,4.3,0,0,0,260.8
41.71,3.51,4,7.1,0,0,0,119.1
13.55,12.68,5,3.2,0,0,0,45.0
52.81,8.43,6,6.2,0,1,0,143.6
14.83,10.86,4,7.0,0,1,0,80.7
95.09,5.85,6,5.4,0,0,0,185.9
4.48,2.11,9,6.6,0,0,0,48.2
13.71,64.41,2,8.8,0,0,0,97.6
76.52,3.72,5,3.2,0,1,0,150.5
27.03,6.53,6,1.3,0,0,0,51.7
8.64,12.25,5,8.9,1,0,1,55.0
258.41,1.24,7,6.5,0,0,0,435.9
30.49,29.23,4,6.3,0,1,0,114.9
32.51,3.07,2,6.3,0,1,0,113.2
21.76,17.88,3,7.3,1,0,1,39.6
3.42,1.83,4,6.0,0,1,0,94.1
13.85,14.44,3,8.1,0,0,0,77.3
16.44,1.1,7,4.8,0,1,0,62.5
42.33,26.68,4,6.3,0,0,0,114.9
137.61,10.66,6,7.1,1,0,1,207.1
7.53,9.43,7,7.8,0,0,0,77.2
183.8,17.81,3,5.0,0,0,0,308.3
32.13,2.86,5,2.4,1,0,0,79.5
43.74,3.8,1,4.3,0,0,0,103.6
1.78,2.27,5,5.8,0,0,0,49.3
95.16,2.5,6,9.5,0,0,0,180.9
100.94,10.61,5,8.1,0,0,0,187.9
69.99,6.51,9,9.4,0,0,0,179.7
7.85,1.54,5,8.9,0,1,0,90.9
25.92,7.38,2,4.6,0,0,0,86.8
155.57,10.24,7,4.4,1,0,0,256.3
27.41,13.96,8,6.9,1,1,0,112.7
21.44,28.39,4,4.2,0,0,0,85.3
4.47,3.76,2,7.1,0,1,0,104.3
4.15,15.06,0,4.8,1,1,1,81.4
28.34,6.78,4,2.7,0,0,1,67.3
38.87,10.32,6,7.8,0,0,0,111.6
87.09,36.89,5,2.1,1,0,1,122.5
118.84,2.58,5,2.4,1,0,0,215.8
25.52,27.47,2,3.1,1,0,0,109.9
92.72,23.66,4,5.7,0,0,0,193.3
39.23,4.52,7,6.8,0,0,0,110.4
179.96,14.96,4,2.2,0,0,1,284.4
132.39,6.44,5,4.1,0,0,1,194.0
62.44,1.57,7,6.7,0,0,0,119.2
10.49,3.92,4,4.6,1,0,0,55.5
129.27,5.75,4,2.2,0,1,0,244.6
6.21,13.53,5,5.9,0,1,0,80.0
85.29,2.04,4,6.9,0,1,0,174.9
34.09,4.49,10,1.4,0,0,1,40.9
47.27,3.3,4,5.5,0,0,0,120.7
102.51,6.6,5,5.0,1,0,1,153.2
78.76,46.85,3,1.1,0,1,0,164.6
3.01,0.71,5,5.1,1,0,0,37.1
23.1,7.15,9,6.1,0,1,0,76.0
176.1,12.33,6,3.1,0,0,1,241.5
22.0,8.14,5,1.3,0,1,0,85.5
81.86,36.67,7,2.1,0,1,0,182.6
65.19,11.95,3,9.7,0,0,1,122.7
156.25,9.38,4,4.6,1,0,0,244.4
149.61,2.41,2,3.2,0,1,0,242.4
30.56,23.16,7,5.9,0,0,0,79.9
12.93,2.67,3,8.2,0,0,0,69.2
17.91,9.98,7,4.9,1,0,0,62.3
17.45,2.1,7,8.8,0,0,0,89.8
49.7,43.0,1,9.1,1,0,0,179.0
22.86,8.21,10,6.7,1,0,0,123.7
101.3,24.37,5,6.0,1,0,1,173.6
17.96,16.95,5,1.2,0,0,0,76.4
230.86,8.44,7,6.3,1,0,1,330.4
54.33,15.93,5,5.7,0,0,0,118.9
21.98,7.18,3,2.8,1,0,0,38.9
44.09,0.59,2,2.6,0,1,0,115.4
22.44,2.57,6,9.6,1,0,0,98.9
36.21,16.06,1,8.2,1,0,0,126.1
37.32,3.55,7,3.0,0,1,0,77.1
72.47,6.23,4,7.1,0,0,0,152.5
29.6,12.62,7,5.5,0,1,0,104.3
148.45,8.32,5,8.6,0,0,1,224.9
5.18,1.8,9,2.7,1,1,0,36.8
19.36,1.9,7,1.9,0,0,0,21.3
68.72,9.39,8,6.6,0,0,0,127.4
45.35,22.2,4,1.3,0,0,0,95.7
6.62,43.27,6,9.0,1,0,0,110.5
84.04,52.11,6,9.5,1,1,0,235.3
54.55,13.02,5,5.2,0,0,0,98.8
43.85,20.38,7,6.3,0,0,0,105.1
104.41,13.42,3,6.4,0,0,0,188.6
89.88,2.96,1,4.2,0,1,0,171.5
19.0,2.66,3,1.9,0,0,0,54.0
39.35,8.29,4,4.3,1,0,0,99.1
98.04,22.09,5,5.0,0,0,0,187.6
3.35,3.46,4,10.0,1,0,0,47.3
19.92,7.04,4,7.9,1,0,0,100.0
24.6,16.07,11,9.8,0,0,0,97.5
15.9,6.83,2,6.6,0,0,0,40.9
35.51,7.67,10,4.6,1,1,0,131.5
79.53,24.66,10,4.8,0,0,0,154.8
32.66,100.0,4,7.1,0,0,1,128.1
2.18,2.14,4,8.1,1,1,0,101.9
96.15,6.72,2,5.7,1,0,1,181.5
11.47,56.05,2,1.1,0,0,0,49.6
28.23,8.23,6,3.9,0,0,0,75.7
1.04,3.44,2,7.5,0,0,0,60.9
28.95,13.2,5,1.8,0,0,0,59.0
23.47,6.76,9,2.0,1,0,0,41.3
17.06,2.03,2,9.4,0,0,0,81.3
138.44,4.9,3,1.1,1,0,1,187.5
56.7,15.92,6,8.2,0,1,1,118.8
123.52,3.53,4,4.1,1,0,1,179.9
31.43,11.74,4,8.5,0,1,0,154.8
36.3,72.91,4,3.8,1,0,0,143.1
148.66,2.38,7,6.8,0,0,0,260.5
30.6,5.86,3,7.4,1,0,0,92.2
1.58,11.74,5,1.8,0,1,0,55.4
51.81,10.35,4,8.4,0,1,1,132.9
11.03,12.05,6,9.8,0,1,0,106.9
153.29,6.41,7,1.6,0,0,0,234.9
3.6,13.52,3,3.3,0,0,0,10.0
113.92,4.93,7,4.8,1,0,1,150.1
7.83,4.32,5,1.2,0,1,1,41.7
14.92,6.13,3,6.0,0,0,0,41.6
8.25,29.49,6,3.6,0,0,0,49.7
20.26,5.72,8,7.3,0,0,1,73.9
5.64,35.71,4,6.5,1,1,0,87.2
23.45,1.65,8,6.7,1,1,0,107.0
18.57,23.42,4,7.4,0,0,0,73.5
67.73,24.51,5,7.4,0,0,0,142.4
47.24,6.75,3,2.9,1,1,0,163.5
57.51,53.39,3,1.8,0,0,0,94.9
33.73,7.3,4,3.1,0,0,0,65.4
95.89,14.08,4,8.9,0,0,0,228.3
21.83,2.7,5,1.2,0,0,0,42.5
25.74,9.39,6,9.0,1,0,1,41.2
5.08,3.15,2,3.1,0,0,0,24.8
347.73,0.74,6,7.2,0,0,1,478.1
30.09,25.35,6,2.4,1,1,1,94.2
123.65,9.97,3,2.5,0,0,0,201.8
95.76,25.06,7,9.2,0,1,0,235.2
15.01,7.96,3,8.5,0,0,0,96.2
34.79,1.38,4,1.9,0,1,0,76.2
44.36,11.11,7,9.7,0,1,1,125.6
93.21,10.36,8,3.7,0,0,0,167.7
5.12,4.42,3,2.1,1,0,0,37.3
88.08,5.86,4,2.3,1,0,1,115.5
5.94,11.94,9,9.2,1,0,0,61.5
29.79,5.46,4,2.7,0,0,1,49.1
99.08,9.59,5,2.8,0,1,0,156.6
13.31,8.1,7,4.1,0,0,0,39.6
2.37,6.57,2,5.7,0,0,0,34.0
2.45,5.15,4,8.7,0,0,0,40.9
10.47,1.32,4,2.8,1,0,0,53.5
38.94,2.89,4,7.7,0,0,0,107.6
111.69,5.58,5,7.1,0,0,1,167.6
61.71,1.43,12,4.9,1,1,0,183.1
81.72,2.77,4,8.0,1,1,1,188.2
14.16,12.79,3,4.4,0,0,0,58.7
24.1,3.92,5,7.7,0,0,0,71.4
37.15,14.1,5,1.7,0,0,0,85.7
22.91,17.21,9,5.4,1,0,1,34.8
69.78,1.29,7,7.4,0,1,0,156.5
175.94,54.73,7,4.1,0,0,0,306.0
73.3,5.76,6,5.6,1,1,1,133.2
140.81,1.81,5,9.1,0,0,1,235.9
192.19,19.49,3,2.3,0,0,0,323.5
19.38,7.86,4,7.3,1,0,0,78.8
47.87,0.66,2,1.2,0,0,0,71.9
72.7,3.48,5,6.5,0,0,1,111.4
48.25,3.93,11,8.9,0,0,0,95.5
45.61,20.97,8,6.2,1,0,1,74.7
22.97,4.45,6,5.3,0,0,0,101.3
37.77,4.39,3,2.8,1,0,0,60.9
20.83,11.34,3,3.4,0,1,0,88.9
12.79,5.33,8,9.7,0,0,0,93.3
23.91,5.29,3,3.0,0,0,0,97.1
25.49,26.16,3,2.5,0,0,0,52.5
7.79,9.62,6,5.3,1,1,0,59.9
33.52,3.68,9,3.8,0,0,0,59.6
50.66,31.43,7,5.5,0,0,0,130.2
5.5,39.61,5,5.5,1,1,0,71.5
37.87,14.52,7,8.9,0,0,0,139.7
4.6,14.93,3,8.9,0,0,0,47.1
96.94,17.05,4,2.7,0,0,0,179.4
26.28,6.51,5,3.7,1,0,0,66.4
13.93,27.15,5,3.8,0,0,0,47.7
23.7,5.35,6,7.4,1,0,0,99.7
52.76,5.57,3,8.5,1,1,1,152.7
32.47,2.05,8,7.4,0,0,0,81.7
46.18,2.53,3,3.0,1,0,0,114.7
45.31,4.43,6,5.4,0,0,0,109.9
59.44,4.86,6,5.9,0,0,0,110.5
134.43,5.6,8,5.8,0,0,1,202.9
52.91,55.84,3,8.3,1,0,0,149.2
9.01,5.48,3,3.6,0,0,0,58.1
30.47,8.86,12,1.2,0,0,0,47.2
10.57,1.27,3,9.4,0,0,0,80.8
7.34,3.41,2,2.7,0,0,0,27.6
68.23,2.27,5,1.8,1,0,1,86.2
8.44,23.01,3,4.3,1,0,0,71.7
75.9,10.3,9,7.0,0,0,0,139.5
36.95,3.84,8,8.5,1,1,0,125.3
27.58,23.14,4,7.2,0,0,0,106.6
103.32,13.72,2,7.7,0,0,1,179.9
115.16,29.4,3,7.1,0,0,1,199.4
12.13,9.79,8,7.0,0,0,0,43.0
80.48,51.93,4,8.6,0,0,1,170.4
46.56,1.37,5,2.7,0,0,0,111.0
34.29,9.48,4,1.6,1,0,1,47.7
13.58,10.51,6,6.6,0,1,0,70.7
81.12,2.87,5,7.4,0,1,0,161.8
106.59,11.07,9,1.2,0,0,1,142.8
65.44,3.42,6,7.1,0,0,1,122.1
16.14,2.1,2,4.5,0,0,0,58.0
3.68,37.42,2,7.1,0,0,0,73.6
32.6,7.41,5,6.2,0,0,0,62.5
15.62,3.75,5,4.2,1,0,0,65.9
20.95,4.67,6,9.4,0,0,0,104.3
20.03,1.51,2,2.1,0,0,0,26.3
11.85,46.3,1,3.1,0,0,0,81.4
208.57,2.08,4,2.8,1,0,0,339.8
96.77,6.31,5,2.0,0,0,1,161.6
4.32,9.12,5,3.1,1,0,0,31.8
91.21,6.96,7,6.8,0,0,1,157.5
1.27,1.76,4,3.3,0,0,0,39.2
89.34,42.84,7,4.6,0,0,1,161.1
10.83,1.58,2,8.7,1,0,1,60.4
31.64,5.47,6,7.4,0,0,0,68.3
19.19,5.22,7,9.9,0,0,0,66.7
43.15,20.01,4,2.0,0,0,0,100.4
29.56,4.81,5,3.0,0,0,0,76.0
1.81,8.58,4,7.6,0,0,0,52.1
69.55,41.67,7,3.5,1,0,0,159.1
32.85,5.79,5,3.0,0,1,0,136.5
11.79,3.71,0,6.9,1,0,1,48.7
45.25,21.66,7,2.8,0,0,0,104.1
10.13,5.93,7,1.4,0,0,0,28.5
39.21,62.22,3,2.9,0,0,0,108.7
28.1,2.35,11,2.0,0,1,0,89.8
38.24,0.53,7,2.4,0,0,0,81.3
42.63,5.56,5,7.0,0,0,0,81.4
2.12,15.09,7,2.0,0,0,0,19.6
50.71,7.95,6,4.9,0,1,0,125.0
17.8,7.58,7,8.7,0,0,0,81.9
20.74,25.31,2,1.7,0,0,0,51.2
74.29,2.58,5,4.8,0,0,0,132.4
10.01,4.65,6,10.0,0,0,0,43.1
20.64,12.57,4,8.5,1,0,0,104.2
3.52,7.11,2,2.1,0,1,0,32.9
168.66,19.31,5,1.2,0,0,0,269.0
12.87,6.78,8,3.7,0,0,0,57.2
104.59,39.15,5,9.0,0,0,1,200.5
46.14,6.69,4,1.5,1,0,0,74.3
28.08,21.63,2,3.3,0,0,0,95.9
43.5,4.95,3,8.9,0,0,0,98.2
41.91,14.03,8,5.5,1,0,0,115.5
45.44,6.36,2,2.1,0,0,0,97.7
20.68,5.44,4,5.4,0,0,0,88.3
108.21,19.9,3,3.0,0,0,1,140.6
75.72,10.16,6,1.8,0,0,0,138.7
190.47,5.16,8,8.0,1,1,1,303.0
89.81,6.09,6,6.2,0,0,0,168.7
22.53,15.38,5,9.9,1,0,0,93.2
19.13,6.59,7,4.4,1,0,1,24.9
31.43,1.17,3,5.5,1,0,0,102.7
3.08,3.75,2,2.3,1,0,0,50.8
24.99,3.55,4,8.5,1,0,0,117.8
1.67,40.88,5,2.9,1,0,1,14.0
9.44,3.69,7,3.3,1,0,0,55.8
18.83,10.63,2,9.1,1,1,0,140.1
51.57,3.24,5,7.5,1,1,0,145.4
182.65,6.8,4,4.6,0,1,1,285.8
8.82,20.91,8,1.6,1,0,0,76.9
5.22,16.29,3,5.0,1,0,0,43.9
129.45,23.76,2,8.0,0,0,1,204.6
34.35,5.36,5,9.7,0,0,1,101.1
47.36,11.1,6,1.1,0,1,0,118.9
1.04,1.72,8,2.7,0,0,0,10.0
19.76,12.5,4,5.6,1,0,0,98.7
35.16,2.51,5,4.6,0,0,0,90.9
15.03,4.4,9,9.4,0,0,0,73.4
81.88,2.35,5,5.3,1,0,1,139.2
46.67,17.47,4,8.9,1,0,1,108.4
155.44,28.07,3,7.8,0,0,0,301.3
59.76,1.05,5,3.8,0,0,0,94.7
8.34,3.16,6,3.4,0,0,0,42.8
36.96,4.69,7,3.2,0,1,0,69.9
8.38,0.23,6,8.4,1,0,0,47.2
98.62,17.53,3,1.3,0,0,0,171.1
20.07,4.97,5,2.3,0,0,0,40.1
28.76,1.28,1,3.2,0,0,0,103.3
102.43,8.45,4,5.6,0,0,0,186.0
15.37,1.14,10,4.8,0,0,0,65.5
30.8,4.32,1,3.9,1,1,1,68.0
76.85,21.66,4,9.8,0,0,0,157.2
3.42,3.18,5,5.6,1,1,0,75.6
16.26,13.34,8,3.7,0,0,0,55.9
5.86,16.45,1,8.9,0,0,0,62.3
68.34,70.16,11,8.7,0,1,1,177.5
7.94,12.54,3,2.5,0,0,0,44.3
159.46,9.39,5,9.7,0,0,1,309.8
23.94,4.88,10,7.0,0,0,0,63.3
37.66,2.24,2,6.8,0,0,0,112.2
12.59,2.03,3,6.5,0,0,0,39.8
92.72,6.83,2,5.7,1,1,1,163.1
13.65,8.62,8,4.0,0,0,0,58.3
32.7,13.12,7,2.0,0,0,0,83.1
168.83,12.2,3,3.2,0,1,1,248.5
31.99,1.71,5,1.1,1,0,1,37.7
35.02,5.61,3,9.0,0,0,0,117.5
99.52,4.01,8,7.8,0,0,1,169.2
111.33,11.51,3,4.9,1,0,0,192.9
61.06,6.8,8,7.6,0,0,0,141.7
1.15,3.35,6,6.1,1,0,0,47.7
64.34,3.71,7,7.2,0,0,1,123.0
68.63,3.15,7,6.6,0,0,0,129.6
21.94,0.7,7,9.2,1,0,0,98.8
50.72,39.71,4,1.1,0,0,0,107.6
15.76,10.35,8,1.6,0,0,0,37.9
19.74,2.66,0,5.9,1,1,0,102.5
22.16,19.91,4,1.2,0,0,0,77.1
101.79,10.92,4,6.4,0,0,1,139.0
132.43,7.23,1,4.3,1,0,1,204.3
64.01,3.91,8,5.6,1,0,1,90.9
10.35,3.41,7,5.7,1,0,0,87.3
60.47,35.37,10,1.4,0,1,0,123.7
14.76,11.1,3,1.9,0,0,0,55.8
7.69,11.02,5,5.1,0,0,0,39.0
35.72,2.78,3,4.6,0,1,0,98.8
116.52,4.04,5,7.9,0,0,0,251.8
23.07,8.62,8,4.5,0,0,0,56.5
51.43,30.23,3,5.8,0,1,0,160.0
69.31,24.57,4,1.1,1,0,0,122.5
94.13,15.56,7,6.5,0,0,1,178.6
2.13,9.19,6,1.1,1,0,0,17.5
35.11,21.34,7,7.4,0,0,0,85.4
113.89,39.01,4,9.3,0,0,1,184.8
17.36,18.83,7,1.4,0,1,1,66.6
3.86,16.76,4,4.6,0,0,0,74.6
23.22,9.56,3,4.8,1,0,0,84.9
62.84,6.0,4,4.1,0,0,0,122.7
188.22,4.85,3,1.2,0,0,0,317.9
41.43,27.13,2,4.2,0,0,0,94.5
133.57,7.22,3,2.7,0,0,1,208.7
136.92,2.9,6,2.7,0,1,0,220.5
84.35,9.08,4,1.3,1,0,1,124.9
29.44,11.01,5,2.1,1,0,0,56.9
65.53,6.03,3,4.3,0,0,0,146.7
125.72,3.23,4,5.7,0,1,0,245.6
95.31,21.74,4,3.2,0,0,0,180.2
41.5,20.28,4,9.3,1,0,1,124.2
107.04,1.14,3,5.1,0,1,0,235.2
91.79,10.33,2,1.8,0,0,0,163.4
6.91,11.92,5,3.1,1,0,0,50.9
16.58,23.04,1,4.2,0,0,0,64.8
91.94,1.88,1,7.5,0,0,0,206.5
72.4,4.4,6,1.9,0,0,0,156.0
24.19,20.92,2,2.5,0,0,0,58.4
37.51,11.95,10,6.7,0,0,0,76.9
212.02,9.19,8,4.1,1,0,0,330.7
24.18,70.28,4,6.8,0,1,0,117.6
12.56,42.17,6,6.1,1,0,1,76.1
56.75,3.64,2,3.5,0,0,1,82.9
9.61,10.92,9,6.4,0,0,0,45.2
5.27,3.33,5,7.1,0,0,0,60.9
105.68,12.15,5,9.9,0,1,0,244.5
105.67,30.72,5,3.1,1,0,1,183.6
73.15,6.0,6,2.8,1,1,1,119.9
1.0,9.55,6,7.0,1,1,0,74.4
11.61,1.02,6,4.5,1,0,0,48.2
78.59,8.34,5,5.7,0,1,0,187.5
82.24,5.92,7,4.5,0,0,0,156.9
33.17,10.01,6,1.5,1,0,1,35.4
91.03,4.37,5,5.7,0,0,0,124.4
96.34,2.97,1,4.1,1,0,1,147.9
84.22,24.15,6,4.9,1,0,1,126.0
70.77,2.62,7,5.3,1,0,0,135.3
86.72,2.65,12,8.1,1,0,1,115.4
6.18,8.94,1,9.8,1,1,0,110.2
36.65,100.0,7,8.8,0,0,0,142.0
28.85,9.25,5,4.7,0,0,0,78.8
2.88,3.94,3,3.4,0,0,0,42.5
229.94,3.9,5,4.5,0,0,1,326.6
38.14,11.9,6,8.3,1,0,1,103.9
89.52,14.85,3,8.1,0,0,0,173.7
28.03,3.9,5,8.1,0,0,0,85.6
19.2,0.98,11,3.9,0,0,0,20.4
36.35,5.32,9,5.6,0,1,0,104.6
7.84,36.13,4,8.9,1,0,0,104.0
10.29,3.98,11,4.5,0,0,0,23.8
3.01,6.3,8,5.5,1,0,0,47.9
97.73,1.5,2,4.8,0,0,0,219.6
39.2,9.57,6,2.2,1,0,0,77.9
214.55,3.89,5,8.5,1,0,1,313.5
87.85,6.9,7,5.6,0,0,0,132.8
40.29,3.73,2,8.6,0,0,0,123.2
37.69,1.58,12,5.4,0,0,0,63.7
34.93,5.54,7,3.2,0,0,0,78.3
2.9,50.5,7,1.4,0,0,0,40.5
2.77,25.08,2,5.2,1,0,0,47.4
33.62,9.47,9,5.8,0,0,0,98.5
114.94,3.85,2,4.7,0,0,0,234.7
52.45,5.55,2,4.3,0,0,0,118.9
37.9,20.54,7,2.8,1,0,0,109.7
47.75,7.44,4,8.6,0,1,0,142.6
18.8,5.45,6,3.3,0,0,0,43.0
21.5,5.21,5,7.0,1,0,0,111.5
67.4,7.1,4,9.4,0,0,0,135.8
11.71,97.93,4,1.2,0,0,0,82.0
9.38,3.3,3,8.3,0,0,0,71.1
36.59,6.34,6,9.2,0,1,0,115.3
67.59,9.26,5,1.4,0,0,0,122.8
18.31,22.96,5,8.4,0,0,0,124.3
26.82,86.31,1,4.9,0,0,0,116.5
39.88,22.22,7,3.5,0,0,0,80.0
109.56,2.87,2,1.5,1,0,0,216.0
49.15,14.61,7,9.4,1,1,0,170.8
96.3,20.57,7,6.7,0,1,0,223.7
24.44,5.55,8,2.7,0,0,0,55.9
44.3,3.02,7,7.3,0,0,0,105.5
52.59,11.04,12,7.2,1,0,1,79.2
122.84,11.12,2,9.1,0,0,1,212.3
82.22,9.4,4,8.3,1,0,1,138.5
7.9,1.48,3,4.2,0,0,1,22.5
55.79,11.16,4,5.6,0,0,1,93.0
2.68,23.87,7,8.2,0,1,0,95.7
251.8,13.83,8,5.5,0,0,1,338.7
26.3,4.05,12,8.2,0,0,0,55.3
55.17,11.22,8,8.2,1,0,1,86.7
10.39,21.17,7,9.5,0,1,0,95.9
76.13,8.01,7,2.0,1,0,1,110.2
59.4,7.35,8,6.2,0,0,0,121.7
21.55,7.27,3,3.4,1,0,1,64.9
22.31,10.82,6,9.4,1,0,0,102.3
57.15,3.48,0,8.5,0,0,0,147.6
22.96,24.14,4,3.7,0,0,0,73.6
149.5,12.03,4,9.7,0,0,1,264.0
19.63,15.67,5,6.0,0,0,0,80.5
15.53,5.2,9,6.7,0,1,0,54.0
71.53,13.4,3,3.4,0,1,0,184.8
5.51,14.83,7,3.3,0,0,0,10.1
41.38,18.71,4,9.8,0,0,0,160.7
48.83,5.6,5,1.4,0,0,0,86.8
18.41,3.84,5,7.4,0,0,0,63.2
150.82,3.79,7,2.0,0,1,0,268.2
26.9,6.15,3,5.3,0,0,1,45.4
16.43,12.59,2,5.2,0,1,1,73.9
57.66,8.53,3,8.3,0,1,0,161.5
63.87,15.91,3,3.3,1,0,1,105.3
27.84,11.4,7,2.3,0,0,0,56.2
10.0,7.94,4,7.2,0,0,0,41.0
49.96,29.16,3,6.1,1,1,1,119.1
14.3,3.38,2,6.4,0,0,0,62.5
12.59,17.01,7,4.6,1,0,1,38.5
43.13,26.84,5,3.7,0,0,1,86.8
213.5,4.99,2,7.7,0,0,1,329.9
58.99,25.55,6,7.3,0,0,0,168.7
83.1,11.97,2,8.6,1,0,0,184.0
62.43,1.81,8,8.1,1,0,1,89.2
23.3,9.45,1,6.2,0,0,0,74.5
118.66,14.99,5,8.5,0,1,1,220.3
82.68,19.53,7,3.3,1,0,0,162.0
58.71,100.0,3,6.5,1,0,1,137.0
38.97,9.75,7,4.0,0,0,0,88.9
22.45,8.28,2,7.9,1,0,1,43.8
29.85,5.82,7,9.4,1,0,1,72.1
18.59,16.56,9,7.4,1,1,1,78.8
126.37,24.4,3,3.6,0,1,0,239.8
19.92,4.85,3,3.3,0,0,0,42.4
138.69,7.05,2,2.0,1,1,0,295.8
29.27,25.84,5,7.2,0,0,0,89.4
90.84,15.21,7,9.4,1,1,1,164.2
14.48,2.09,4,3.3,1,0,0,86.0
167.85,1.27,4,9.9,0,0,1,269.9
113.7,11.71,3,5.9,0,0,0,217.1
60.09,2.58,8,7.5,0,0,0,155.0
125.86,12.11,2,3.0,0,0,0,224.2
48.57,29.18,8,2.3,0,0,0,84.4
1.0,17.93,2,9.9,1,1,0,88.2
14.48,10.4,7,4.2,0,0,0,59.2
4.68,9.43,5,2.8,0,0,0,29.6
3.4,13.09,1,8.5,0,1,1,69.2
31.8,11.61,11,1.7,0,1,0,87.2
188.63,20.21,3,2.2,0,0,0,305.3
25.03,3.82,9,8.3,0,0,0,54.3
171.24,3.89,3,5.3,1,1,1,264.7
110.79,7.46,2,3.4,0,1,0,178.5
9.67,3.77,6,4.9,0,0,0,46.4
107.5,5.6,4,9.8,0,0,0,239.1
14.89,2.95,4,2.9,1,0,0,51.9
2.7,14.06,6,1.9,0,0,0,27.7
6.4,3.18,5,9.3,0,0,0,58.6
36.33,5.64,3,3.1,0,0,0,101.3
48.88,4.55,7,9.4,0,0,0,140.2
1.27,9.34,7,4.2,1,0,0,46.1
60.79,32.22,4,1.2,1,0,0,119.8
3.83,5.42,5,5.3,0,0,0,41.3
52.52,2.67,4,2.8,0,0,0,96.9
3.08,6.31,5,5.1,0,0,0,27.2
17.78,16.82,2,6.0,0,0,0,66.4
107.7,38.82,7,6.5,0,0,1,203.0
161.1,2.34,8,9.5,0,1,0,278.2
2.69,4.15,6,8.5,0,0,0,62.3
86.65,12.41,4,1.1,1,1,1,148.7
45.9,2.85,4,9.0,0,0,0,112.7
136.25,7.95,5,2.9,1,1,1,193.6
24.54,2.49,3,3.2,0,0,0,60.6
57.84,7.46,2,8.3,0,1,1,148.6
4.42,12.92,9,5.6,0,0,0,46.5
18.04,27.8,6,4.7,0,0,0,69.6
31.23,2.09,4,1.0,0,0,0,51.4
28.33,15.35,7,3.8,0,1,0,93.8
74.71,30.94,6,6.6,0,0,0,158.7
5.12,13.8,5,1.8,0,0,0,20.1
3.06,10.13,4,6.0,1,1,1,74.4
4.39,6.46,13,1.1,1,0,0,30.5
1.0,1.67,2,7.0,0,0,0,53.1
17.45,2.0,4,1.5,0,1,0,50.0
124.89,16.58,7,1.6,0,0,1,173.2
59.53,5.87,4,7.5,0,0,0,139.0
20.49,18.36,2,7.6,0,0,0,106.1
11.51,1.58,6,2.8,0,0,0,45.7
65.0,17.45,7,1.8,1,1,0,145.4
59.5,3.54,5,8.1,0,0,0,147.8
45.87,8.64,6,7.9,0,0,1,116.1
103.3,6.1,4,2.8,0,0,0,188.7
47.42,25.94,2,3.6,0,0,0,97.9
22.52,15.22,8,3.0,0,1,0,73.2
66.53,1.58,8,5.9,0,0,1,127.4
13.54,2.23,2,6.8,0,0,0,86.7
47.78,57.68,7,9.5,0,0,0,131.5
1.92,12.1,3,2.8,0,0,0,10.0
27.85,9.64,3,5.8,0,0,1,65.1
4.26,4.08,3,2.0,0,0,0,10.0
165.75,5.54,2,5.3,0,0,1,262.5
8.12,18.8,7,8.1,1,0,0,74.8
18.1,9.91,3,3.8,1,0,0,118.6
15.29,6.33,6,6.3,0,0,0,26.5
18.88,1.11,4,7.0,1,0,0,88.3
29.31,9.96,8,2.6,0,0,0,49.2
15.39,5.13,4,1.4,0,0,0,46.7
23.63,2.11,3,2.6,0,1,0,85.9
15.51,3.46,4,6.0,1,0,0,61.3
187.45,9.2,4,6.3,0,0,1,286.2
17.0,38.13,5,7.0,0,0,0,58.3
18.04,0.98,7,5.8,0,0,0,66.3
23.13,10.7,6,5.1,0,0,0,68.6
49.63,9.17,10,8.9,0,0,1,99.0
175.52,35.64,6,3.1,0,1,1,283.3
44.36,49.97,3,5.5,0,0,1,96.4
208.03,7.12,3,6.1,1,0,1,304.9
21.25,8.53,5,2.1,0,0,0,77.2
126.52,8.29,8,9.1,0,0,0,217.6
24.64,0.42,8,6.9,0,1,0,96.4
49.54,9.03,6,1.4,1,1,0,109.5
2.66,45.2,6,1.6,1,0,0,23.1
1.0,1.42,7,8.5,1,0,0,37.8
12.76,30.26,4,3.0,0,0,1,42.3
1.97,8.63,6,8.0,0,0,0,50.9
27.56,3.94,4,6.2,1,0,0,93.7
29.58,1.63,5,8.8,0,0,0,82.4
154.93,18.93,5,6.5,0,0,0,285.3
9.51,32.2,5,6.7,0,0,0,75.1
30.14,32.64,8,8.6,0,0,0,132.0
18.4,28.34,2,5.9,0,1,0,84.5
3.09,3.27,5,4.3,0,0,0,54.3
5.65,3.07,7,8.3,1,0,0,42.2
104.93,9.0,6,4.4,0,0,0,192.3
25.33,21.06,4,7.9,0,0,0,126.8
72.54,6.8,1,6.2,0,1,0,158.7
29.78,4.29,5,6.5,0,0,0,96.8
122.09,11.05,4,4.5,0,0,0,186.9
60.56,2.37,6,6.7,0,0,0,118.2
20.86,4.09,3,4.1,0,0,0,37.7
99.3,11.34,5,6.2,0,0,1,168.3
4.55,39.54,8,2.0,1,0,0,63.2
3.95,43.3,6,9.6,1,0,0,82.4
40.47,14.3,4,1.5,0,0,0,96.0
65.71,1.28,6,1.1,0,0,0,114.1
45.93,19.62,2,6.4,0,0,0,117.4
54.33,8.47,8,6.5,0,0,0,96.3
15.1,15.7,10,9.3,0,0,0,78.9
105.16,3.6,2,1.3,0,0,0,177.7
178.33,11.9,4,4.7,1,0,1,245.3
24.58,25.6,2,4.7,0,1,0,129.0
26.29,3.96,10,3.5,0,0,0,59.2
30.24,25.58,7,8.5,1,0,0,131.4
11.16,3.02,6,7.9,0,0,0,77.7
7.6,31.1,9,8.6,0,1,0,102.4
75.01,7.08,3,5.9,0,0,0,147.4
46.61,3.08,3,6.2,1,1,0,143.8
8.14,17.29,5,7.0,0,1,1,64.8
34.26,5.06,2,7.9,1,0,1,94.2
276.75,2.69,6,4.3,0,0,1,379.1
37.39,3.31,7,8.1,0,0,0,79.8
121.66,2.01,7,1.4,0,0,1,144.9
90.25,6.83,4,5.0,1,0,0,198.1
5.86,3.51,4,1.6,1,1,0,55.2
25.93,2.23,2,1.0,0,0,0,54.8
41.02,27.62,2,5.7,0,1,0,162.4
52.39,22.83,5,1.1,1,0,0,107.1
17.23,25.27,6,8.8,1,0,0,109.4
1.0,7.51,9,1.0,0,0,0,14.0
18.53,2.74,5,6.2,1,0,1,76.1
41.8,2.49,6,5.0,0,0,0,109.5
21.58,13.96,9,3.9,1,0,0,82.5
23.96,75.79,8,6.4,0,1,0,108.1
90.6,35.16,4,2.2,0,0,0,174.7
26.97,13.69,4,3.1,0,1,0,76.2
172.61,11.65,6,8.4,1,0,1,268.9
8.96,5.65,1,7.4,1,0,0,84.8
4.72,16.9,4,2.3,0,1,0,66.5
11.97,3.73,6,6.2,0,0,0,74.6
4.61,0.78,5,7.1,0,1,0,76.4
14.35,3.47,4,9.3,0,0,0,61.2
39.24,6.15,1,5.4,1,0,0,115.5
14.98,2.0,1,7.1,1,0,0,77.7
85.21,20.71,5,4.2,0,1,0,190.4
22.22,3.21,7,6.6,0,0,0,62.9
25.86,19.12,5,3.7,0,0,0,72.2
4.54,14.96,3,5.3,0,1,0,81.9
15.77,7.36,5,6.6,1,0,0,71.5
6.42,10.91,3,9.0,0,0,0,79.2
13.24,15.41,4,8.0,0,0,0,88.3
53.73,6.35,6,8.8,1,0,0,142.9
24.04,42.93,5,5.6,1,0,0,88.7
1.0,1.84,5,5.9,0,0,0,48.6
15.56,4.68,1,3.9,0,0,1,45.7
102.58,7.36,2,5.3,1,0,1,152.6
23.73,65.04,2,6.9,0,0,0,124.3
41.37,3.11,5,5.0,0,0,0,111.6
32.58,41.75,4,5.8,0,0,0,116.4
181.82,3.83,8,7.6,0,0,1,256.9
16.34,19.35,4,5.6,0,0,0,85.3
61.39,5.93,4,5.1,1,1,1,125.6
45.37,2.21,8,9.9,1,1,0,149.1
48.32,26.34,1,1.7,0,0,1,101.8
82.11,5.88,5,8.8,0,0,0,184.3
9.13,3.28,5,2.8,0,0,0,44.1
92.93,5.22,7,6.0,0,0,1,146.8
5.45,2.07,3,6.2,0,1,0,87.6
54.64,4.38,6,5.4,0,0,0,107.8
11.61,7.5,6,3.2,1,1,0,57.5
51.38,10.75,5,9.3,1,0,1,129.0
6.13,22.73,5,1.0,0,1,0,49.7
61.82,11.66,4,9.8,0,0,1,139.4
19.42,0.4,6,2.7,0,0,0,49.4
54.7,14.72,3,7.4,1,0,1,106.0
39.64,2.39,5,4.0,1,0,1,44.7
12.72,9.82,6,4.4,0,0,0,55.7
37.93,12.13,6,4.0,0,1,0,96.4
8.66,23.05,7,4.3,0,0,0,25.1
243.35,17.42,5,6.6,1,0,1,350.4
45.36,4.22,3,8.1,0,0,0,127.0
35.73,33.83,3,2.2,1,1,1,81.6
125.39,4.3,5,8.5,0,1,0,238.0
17.85,3.15,6,9.9,0,0,0,76.2
12.95,19.27,3,7.3,0,0,0,66.8
50.6,12.27,6,4.7,0,1,0,120.4
119.04,6.62,5,4.5,1,0,1,188.0
52.47,16.91,3,9.2,1,0,1,104.6
1.1,5.78,4,8.6,0,0,0,53.6
99.25,8.74,6,9.9,1,1,1,218.9
17.65,29.28,3,7.7,1,0,1,41.1
101.68,10.26,15,4.0,1,0,1,151.5
199.62,4.16,5,8.7,0,0,1,308.9
52.68,5.15,3,4.0,0,0,0,103.0
16.47,49.17,5,1.9,0,0,0,78.5
12.8,4.04,7,8.4,0,0,0,75.5
60.96,7.15,3,6.5,1,0,0,157.9
2.76,2.74,3,6.8,0,0,0,52.9
52.52,1.08,5,3.9,1,0,0,119.1
18.5,4.58,6,1.1,1,1,0,76.4
1.0,4.38,1,6.1,1,0,0,54.0
50.19,7.92,6,7.9,1,0,0,142.2
43.61,1.28,8,9.0,1,0,1,109.8
37.62,7.25,7,9.4,1,1,1,129.2
14.3,3.33,3,8.2,1,0,0,37.3
123.05,9.38,6,4.9,1,0,0,238.5
1.63,0.79,4,3.8,1,0,0,32.6
5.86,25.73,2,3.8,0,0,0,55.9
24.59,9.0,2,5.8,1,0,1,57.6
24.62,21.88,6,3.8,1,0,0,66.9
6.85,4.78,5,5.9,0,0,0,58.9
204.39,9.39,5,7.7,0,0,1,300.3
218.77,2.01,4,1.6,1,0,1,270.7
74.19,3.06,12,5.4,0,0,0,145.2
18.14,2.22,4,6.9,0,0,0,74.6
20.86,3.2,7,9.2,0,0,0,67.1
111.22,2.47,5,8.1,0,0,0,230.5
1.0,36.33,9,6.6,0,0,0,42.6
8.45,1.72,4,7.7,1,0,0,59.3
16.36,3.77,9,4.4,0,0,0,51.0
329.51,8.05,5,1.8,1,1,1,439.8
2.32,34.64,3,6.9,0,0,0,56.7
52.29,8.6,5,6.1,0,0,0,88.4
82.92,25.56,6,8.5,0,0,0,185.4
5.5,27.16,5,2.6,0,0,0,10.0
6.61,7.68,3,9.7,1,1,0,121.6
16.47,3.0,8,8.8,1,0,0,83.5
44.3,17.58,5,8.4,1,0,0,129.8
14.1,3.44,3,5.0,1,0,1,37.2
35.19,8.5,7,4.0,0,0,1,41.8
10.45,4.18,4,8.6,1,0,0,98.5
69.61,7.66,3,4.5,0,0,0,156.7
25.93,2.4,7,5.8,0,0,0,53.8
11.68,7.45,3,3.9,0,0,0,45.3
79.8,4.27,6,6.6,1,0,0,186.2
13.74,2.06,4,6.8,0,0,0,58.7
36.64,26.69,6,1.2,0,0,0,72.1
1.86,6.65,4,2.3,0,0,0,14.5
18.58,14.21,4,6.9,0,0,0,83.8
9.51,18.84,4,8.6,0,1,0,110.6
14.76,4.1,4,8.7,1,1,0,91.8
213.23,13.54,5,3.5,1,0,1,296.5
23.11,4.1,8,8.3,1,0,0,104.0
8.07,4.85,5,3.6,0,0,0,47.9
219.73,14.26,3,6.4,0,0,1,337.2
17.83,4.15,1,3.5,1,0,1,60.0
67.7,49.05,5,7.8,0,0,1,154.0
108.23,51.52,6,9.6,0,1,1,232.2
21.73,34.47,6,9.6,0,0,0,80.3
51.8,11.11,8,1.9,0,0,0,79.5
2.72,5.24,3,9.3,0,1,0,65.8
25.0,7.48,6,7.1,0,0,0,83.8
113.04,10.51,2,3.6,1,0,1,154.7
80.81,10.85,5,6.2,0,1,0,165.3
14.01,4.03,6,2.7,1,0,0,34.2
1.0,53.71,1,9.6,0,0,0,86.4
48.21,5.3,4,7.5,1,0,1,102.9
6.38,1.82,4,9.3,0,1,0,80.1
84.26,7.31,7,1.6,0,0,0,114.9
31.39,2.09,1,8.7,1,0,0,90.7
25.32,6.89,3,5.5,0,0,0,66.0
14.19,6.44,6,2.5,0,0,0,51.0
39.84,17.03,2,1.4,0,0,0,80.5
85.75,21.06,5,5.5,0,0,0,150.5
31.9,3.78,5,10.0,0,0,0,128.0
5.11,2.44,1,6.9,0,0,0,43.1
40.73,8.56,6,2.5,0,0,0,89.4
19.79,5.35,4,1.2,1,0,0,59.3
36.33,4.31,2,5.1,0,0,0,106.2
4.5,5.57,3,7.6,0,1,0,105.1
3.86,34.75,6,4.0,0,1,0,60.2
66.44,1.99,5,1.6,0,0,0,134.8
33.53,3.91,5,4.4,0,0,1,45.8
26.17,2.72,5,5.2,1,0,0,81.4
153.92,15.62,7,6.1,1,1,1,238.0
10.71,11.42,4,4.9,0,0,0,43.6
118.1,5.76,2,2.0,0,0,0,183.9
89.43,10.05,6,2.0,0,0,0,145.6
37.77,1.58,4,5.0,1,0,0,108.5
30.06,16.53,9,1.6,0,1,0,75.8
6.65,2.79,5,4.1,0,0,0,23.8
23.17,3.62,6,3.0,0,0,0,79.5
38.96,14.21,5,1.9,0,0,0,86.8
21.77,0.57,9,3.8,1,0,0,73.6
124.96,5.85,8,8.5,0,1,0,252.3
2.3,8.8,6,7.8,1,0,0,62.3
17.96,7.54,2,3.9,0,1,0,85.5
133.15,13.75,6,2.4,0,0,0,247.5
4.26,10.33,7,3.7,0,1,0,45.2
31.36,7.25,5,7.5,0,0,0,115.6
68.91,1.08,4,4.2,0,1,0,149.8
20.64,2.7,2,5.7,0,1,0,81.6
82.82,5.46,3,9.7,0,0,0,157.9
8.07,1.34,4,5.8,0,0,0,52.5
214.96,1.27,5,4.0,1,0,1,292.5
51.54,27.41,4,1.0,0,0,0,98.7
17.4,15.08,5,5.1,1,0,0,90.0
3.64,4.31,4,7.4,0,0,0,27.5
40.73,11.69,7,4.2,0,1,0,106.4
44.39,1.92,7,5.0,0,1,0,98.4
29.18,13.08,3,8.0,0,0,0,88.1
139.11,7.14,10,8.9,0,0,0,227.2
19.45,34.72,3,8.5,0,0,1,108.5
43.32,17.78,6,4.9,0,0,0,123.4
3.54,5.29,1,3.7,0,0,0,41.4
30.56,45.16,7,6.1,0,1,0,118.8
76.88,15.83,3,4.6,0,0,0,155.9
68.8,18.07,6,2.1,0,0,0,119.9
32.49,6.31,7,5.6,0,0,0,84.6
97.25,41.32,5,4.2,1,1,1,197.5
149.65,6.73,6,3.1,0,0,0,253.1
28.47,5.83,9,2.8,1,1,0,99.0
21.57,23.8,4,7.8,0,0,0,82.4
50.19,7.18,2,5.9,0,1,0,151.1
311.23,5.89,7,8.4,0,0,1,440.3
2.03,27.54,4,10.0,0,1,0,99.1
22.82,5.76,4,9.4,0,1,1,67.1
33.72,42.87,2,3.1,0,0,0,93.6
196.14,6.5,6,8.6,0,0,0,346.5
87.37,5.28,8,6.1,0,1,1,158.9
17.63,11.1,2,7.0,0,1,0,117.5
76.36,14.61,6,8.0,0,0,0,181.9
11.68,3.32,7,2.1,1,0,0,46.1
44.6,1.88,5,5.0,1,0,1,80.8
2.04,2.79,8,3.8,1,0,0,40.1
27.62,10.88,10,8.8,0,0,1,74.3
72.73,8.11,2,4.2,1,0,0,164.5
16.89,13.16,4,9.8,0,0,1,84.6
65.23,3.15,1,2.8,0,0,0,123.7
19.83,23.51,7,6.0,0,0,0,68.9
3.74,15.94,9,6.8,0,0,0,24.1
115.78,34.31,4,7.0,0,0,0,210.9
27.26,9.13,2,3.4,0,0,0,67.4
67.27,7.41,8,5.2,0,1,0,129.3
45.08,7.28,11,1.1,0,0,0,71.5
56.06,10.09,4,5.6,0,1,0,157.8
38.63,2.8,4,3.2,1,0,0,73.3
39.72,5.07,6,9.7,1,0,0,123.6
100.99,36.17,5,1.5,0,1,0,203.2
41.77,8.2,3,3.4,1,0,1,37.7
82.75,7.69,5,9.6,0,0,1,141.6
29.62,6.87,4,3.1,0,0,0,97.7
180.5,8.71,2,3.2,0,0,1,249.5
3.21,13.03,5,5.3,1,1,0,73.2
23.81,2.32,4,5.8,1,0,0,82.4
9.83,2.95,7,5.4,1,0,0,55.6
17.63,7.09,2,6.1,0,1,0,93.5
6.49,5.4,5,8.9,0,0,0,75.9
34.57,3.95,2,7.5,0,0,0,82.5
1.0,5.78,5,4.2,0,0,0,20.6
43.92,3.74,1,5.8,0,0,0,119.5
139.8,4.03,4,5.7,0,0,0,225.5
8.84,2.24,5,3.1,0,0,0,33.1
53.64,15.68,4,1.6,0,0,1,78.1
15.01,7.52,8,8.4,0,0,0,58.5
7.86,22.39,4,9.4,0,0,0,74.4
90.9,5.61,4,1.1,0,0,0,161.3
32.01,50.92,6,1.6,0,0,0,89.0
3.45,18.53,5,1.5,1,0,0,35.9
39.06,2.81,5,8.8,1,0,1,89.6
192.55,4.49,3,5.4,0,0,0,350.8
81.63,31.88,6,5.5,1,0,0,198.3
40.63,4.53,6,4.9,0,0,0,72.9
150.65,82.25,8,5.6,1,0,1,241.5
81.03,23.78,5,1.8,1,1,0,162.2
29.67,8.09,1,9.2,0,1,0,149.0
31.76,9.5,5,7.4,1,0,1,69.1
130.96,26.79,4,9.4,0,0,1,218.1
2.31,61.54,5,1.2,0,0,0,21.4
19.9,12.62,8,7.1,1,0,1,53.9
28.89,7.72,9,8.3,0,0,0,109.7
11.26,5.88,3,8.6,0,0,0,90.5
9.77,6.85,6,4.1,1,1,0,49.2
34.81,8.55,6,3.8,1,0,0,95.4
44.12,6.07,6,8.9,1,0,0,118.6
30.74,6.53,4,6.0,0,0,0,78.8
26.12,6.66,5,5.8,0,0,1,86.9
61.17,2.04,2,2.7,1,0,1,75.0
67.55,1.35,6,1.4,1,0,1,71.7
9.56,32.42,3,7.3,1,0,0,63.4
3.35,8.33,5,1.6,0,0,0,46.4
3.36,3.27,8,4.2,0,1,0,32.1
66.37,8.7,5,8.9,0,0,0,169.8
1.0,13.65,6,9.2,0,0,0,72.1
185.35,15.82,2,4.2,0,0,0,313.4
61.21,11.07,5,4.6,1,0,0,155.2
45.44,32.62,5,6.2,0,0,0,117.3
1.62,2.2,4,9.8,0,1,0,65.5
1.62,5.51,6,5.1,1,0,0,10.0
30.49,3.3,7,8.1,0,0,0,92.2
24.18,2.37,6,5.1,0,1,0,94.6
17.09,22.99,5,1.9,0,1,0,41.7
6.92,13.8,4,6.6,0,0,0,53.4
15.91,11.6,3,3.8,0,0,0,50.8
50.37,17.17,6,6.3,1,0,1,98.5
25.41,4.52,5,3.3,1,0,0,76.2
18.71,1.2,5,4.5,0,0,0,86.0
129.34,4.35,5,5.6,0,0,0,248.1
20.17,0.53,3,4.1,0,0,0,27.2
120.8,11.64,2,9.6,0,0,0,268.5
4.22,6.53,6,6.1,0,1,1,68.7
87.54,2.28,2,9.5,0,0,0,173.7
35.83,1.49,10,2.2,0,0,0,35.6
35.62,3.69,6,4.1,1,0,0,108.2
45.39,15.4,4,5.6,0,0,0,103.8
54.45,1.57,4,8.9,0,0,1,107.5
85.25,12.94,4,5.0,0,1,0,183.2
2.76,8.25,8,7.3,1,0,0,83.2
18.77,6.75,4,6.6,0,0,0,68.6
31.11,6.18,6,1.1,0,0,0,45.7
167.08,2.51,8,6.8,0,1,0,312.2
3.16,7.03,3,6.2,1,0,0,64.5
25.12,5.92,1,3.9,0,0,0,92.1
76.29,9.36,10,5.8,1,0,0,177.0
133.28,3.95,8,1.5,0,0,1,186.9
81.95,3.45,2,1.7,1,0,0,132.6
188.84,10.43,4,7.7,0,0,1,290.1
37.46,4.05,6,8.6,0,0,0,83.2
65.14,14.12,8,5.7,0,0,0,108.1
106.53,3.84,4,6.2,1,0,1,178.8
26.75,5.27,4,1.3,0,0,0,57.0
4.23,7.33,5,4.0,0,0,0,33.0
2.84,26.15,7,9.9,0,0,0,74.9
127.79,5.85,4,7.4,0,0,0,259.3
1.0,22.42,5,2.7,0,0,0,48.8
19.07,3.15,7,9.4,1,1,0,113.9
95.05,0.77,4,7.4,0,0,0,182.5
25.33,0.68,7,7.6,0,0,0,83.5
10.96,5.53,3,7.7,1,0,0,84.0
7.0,1.75,5,1.8,1,0,0,46.2
1.77,0.46,4,7.1,0,0,0,44.7
52.12,7.12,5,3.5,0,0,0,116.8
19.69,23.69,7,8.4,0,0,0,86.1
1.0,4.69,4,5.7,0,0,0,36.0
4.33,8.03,6,3.1,0,0,0,37.4
95.51,18.1,5,7.7,0,1,0,249.3
6.58,3.91,5,3.6,0,0,0,34.5
34.43,25.65,5,6.9,1,0,0,135.6
21.3,3.01,1,5.7,0,0,0,62.3
11.32,7.81,4,5.5,0,0,0,65.6
6.67,4.69,7,7.7,0,0,0,64.8
50.93,6.25,3,7.7,0,1,0,139.3
104.16,49.7,13,6.1,0,1,0,226.1
45.98,3.89,2,2.2,0,0,0,76.6
23.58,1.46,5,4.7,0,0,0,54.6
18.3,46.22,5,9.8,0,0,0,112.9
22.53,8.39,5,3.0,0,0,0,65.8
22.81,4.89,4,3.2,0,0,0,55.4
35.73,2.55,6,3.2,0,1,0,91.0
22.93,9.3,8,3.3,0,0,0,86.5
44.14,38.66,3,4.6,0,0,0,127.5
5.52,1.55,8,9.3,1,0,0,55.0
16.08,1.34,3,2.0,0,0,0,26.0
63.94,4.35,5,9.3,1,0,0,181.9
70.95,1.8,6,3.0,0,0,0,119.7
56.36,5.81,3,5.4,0,0,0,134.2
20.85,6.59,2,8.6,1,0,0,93.2
29.55,3.08,4,7.7,0,0,0,110.8
10.05,0.43,1,9.9,0,0,0,97.0
169.28,11.69,2,3.3,0,1,0,318.1
102.06,45.67,5,3.3,1,1,1,187.5
142.12,5.65,6,7.5,1,0,1,193.2
42.14,15.31,7,9.8,0,0,0,112.6
31.34,4.3,5,9.9,1,0,1,90.2
101.57,6.44,5,2.3,0,0,1,136.3
26.24,19.53,5,9.8,0,0,0,124.5
15.61,7.08,6,1.3,0,0,0,44.5
34.9,58.9,4,2.6,0,0,0,116.2
9.29,12.11,5,6.8,0,0,0,62.3
73.29,0.93,4,5.2,0,1,0,147.9
29.12,15.77,4,6.7,0,0,1,74.2
53.2,2.66,3,3.2,0,1,1,95.2
43.86,9.36,5,5.6,1,0,0,138.7
43.97,29.33,5,7.6,0,0,1,113.5
133.71,2.87,1,2.7,1,0,1,180.2
2.87,35.87,5,9.4,1,0,0,83.5
47.56,11.81,7,8.3,1,1,0,129.9
15.22,2.12,6,7.7,0,0,0,81.5
6.66,6.06,9,7.2,0,0,0,73.7
2.81,15.42,5,2.5,1,0,0,40.4
88.62,3.53,1,9.2,0,0,0,208.3
25.44,2.5,1,5.9,0,0,0,75.6
60.01,1.3,5,1.9,1,1,0,142.3
134.55,4.57,4,9.4,0,0,0,233.7
96.46,13.05,1,6.8,0,0,0,212.1
13.87,6.25,4,8.3,0,0,0,92.3
50.44,8.48,5,5.9,0,1,0,137.2
17.7,5.0,5,8.5,0,0,0,74.4
2.51,2.83,5,8.7,0,0,0,35.4
119.28,13.06,6,6.1,0,1,1,217.0
61.01,16.65,4,5.3,1,0,0,162.3
90.11,3.72,9,6.1,1,0,0,151.8
15.94,13.21,3,1.8,1,0,0,51.3
16.36,5.55,5,9.2,0,0,0,62.0
11.44,3.32,4,8.6,0,0,0,78.9
16.76,37.84,7,7.1,0,1,0,98.1
5.6,8.96,6,6.6,0,0,0,57.3
65.93,16.01,5,1.5,0,1,0,150.3
176.91,10.19,4,1.1,0,1,1,262.6
119.36,3.65,7,3.7,0,0,0,195.6
7.94,8.7,5,9.5,0,0,0,65.4
11.85,34.61,5,8.2,0,0,0,67.8
22.35,6.21,7,5.4,0,1,1,114.6
11.13,2.5,2,6.1,0,1,0,78.2
58.01,7.03,7,8.0,1,1,1,148.4
68.75,21.4,1,2.7,0,0,1,132.5
70.61,18.67,9,6.3,1,0,0,180.6
43.8,3.59,6,5.1,0,0,1,85.2
14.63,24.82,6,9.1,1,0,0,84.6
6.44,22.79,8,4.9,0,0,0,53.5
33.47,17.76,4,5.3,1,0,0,111.4
109.92,1.94,5,8.0,1,0,0,207.5
16.04,1.21,3,2.3,0,0,0,41.1
19.75,85.52,5,5.0,0,0,0,113.3
63.22,6.27,5,9.9,1,0,0,163.4
20.97,3.13,11,1.4,0,0,0,37.7
102.83,4.47,5,9.7,0,0,0,245.2
100.34,9.24,5,4.2,0,0,0,190.0
115.05,1.46,6,1.7,1,0,1,147.1
73.51,12.84,8,9.1,0,0,0,163.2
3.04,10.65,5,6.5,1,0,0,50.2
37.82,8.76,2,5.4,0,1,0,102.7
32.34,18.34,1,9.0,0,1,0,130.6
30.99,4.92,2,6.7,0,0,0,99.0
53.22,13.75,5,9.4,0,0,0,138.4
69.71,1.71,3,3.0,1,0,0,101.3
38.98,5.44,5,4.4,0,0,0,105.1
70.12,10.99,11,3.1,0,1,0,174.4
13.92,3.14,6,9.3,1,0,0,57.8
51.16,10.72,8,6.3,0,1,0,123.7
47.29,1.63,4,8.3,1,0,0,136.6
20.37,3.12,3,7.0,0,0,0,77.3
35.05,1.5,3,4.3,1,0,0,84.0
228.45,17.51,4,6.0,0,0,1,332.0
60.15,2.86,5,5.6,0,0,0,128.9
29.41,8.08,5,5.5,0,1,0,98.2
61.54,3.67,1,8.7,0,1,0,164.9
24.14,31.81,6,9.2,1,0,1,110.0
19.09,20.69,3,2.5,1,1,0,91.5
34.88,10.4,7,3.3,0,1,0,96.4
29.79,47.46,8,3.9,0,0,0,80.1
150.21,6.08,5,1.4,0,0,1,199.7
192.76,2.88,6,2.8,0,0,0,323.5
19.58,20.3,4,10.0,0,0,1,72.9
3.45,1.81,3,2.4,0,0,0,32.1
11.28,7.74,5,9.0,1,0,1,29.0
130.67,9.98,4,9.6,0,0,0,255.1
8.22,10.86,9,8.2,0,0,1,48.1
48.08,26.81,8,8.4,0,0,0,102.8
1.99,46.94,3,3.4,0,0,0,53.3
35.36,3.68,0,1.4,1,0,1,59.1
26.12,10.53,5,8.7,0,0,0,86.4
61.99,11.65,9,2.2,0,0,0,88.8
35.79,14.67,5,9.7,1,0,0,143.7
33.19,12.15,5,4.9,0,0,0,88.9
48.98,3.65,7,7.6,0,0,0,119.1
60.39,4.54,5,1.0,1,0,0,119.8
52.16,1.58,1,2.7,1,0,0,115.4
107.51,2.9,6,2.6,0,0,1,122.7
6.07,2.53,6,1.7,0,0,0,14.2
158.58,5.71,10,1.0,0,0,0,227.0
56.57,25.84,2,2.6,0,0,0,117.7
11.02,5.42,0,7.9,0,0,0,67.6
26.67,30.2,4,2.6,1,0,0,83.5
18.48,1.19,2,8.5,0,1,0,99.4
63.1,4.54,1,5.3,0,0,0,120.9
270.66,6.91,3,2.0,1,0,1,362.2
101.41,29.45,6,9.5,0,0,0,214.6
99.02,18.13,8,5.7,0,0,1,150.1
26.55,21.8,1,8.6,1,0,0,114.6
28.63,8.66,4,6.5,0,0,0,74.7
11.38,7.48,6,3.6,0,0,0,44.5
23.22,39.32,1,7.6,0,0,0,107.9
49.57,6.5,6,5.3,0,0,0,112.6
92.21,7.09,8,9.5,0,0,0,201.2
3.03,3.75,4,3.9,1,0,1,32.5
146.11,14.96,7,8.3,1,0,1,243.9
13.91,5.48,6,3.2,0,0,0,48.1
11.17,11.7,5,4.0,0,0,1,43.0
25.37,6.4,7,3.6,1,0,0,44.2
50.69,18.16,2,8.7,0,1,0,150.4
42.1,5.13,3,8.3,0,1,0,111.6
14.54,5.75,8,4.5,0,0,0,25.8
158.96,12.47,3,9.2,0,0,1,239.4
45.55,15.29,5,7.5,0,1,1,129.1
86.2,13.24,2,1.9,0,0,0,139.3
123.2,10.24,3,2.6,0,1,1,176.2
25.56,9.56,10,6.0,1,0,0,86.2
13.15,6.2,2,4.2,1,1,0,74.1
51.09,36.33,10,8.0,0,0,0,124.8
20.52,5.36,4,7.1,1,0,0,70.7
24.26,12.41,5,6.5,1,1,1,76.6
7.4,11.53,7,8.1,0,0,1,45.5
85.74,1.46,5,5.2,0,0,0,170.5
75.74,5.32,5,3.3,1,0,1,105.3
50.76,32.41,6,1.2,1,0,0,130.6
23.96,11.23,2,3.9,1,0,1,35.5
174.76,49.85,4,5.9,1,0,1,282.2
22.24,5.26,3,9.7,0,0,0,116.9
48.23,9.4,7,9.0,1,0,0,118.3
8.05,15.64,7,5.0,1,0,0,31.8
7.58,4.3,9,4.2,1,0,0,22.9
155.55,5.0,2,1.8,1,0,1,172.0
64.97,2.25,4,6.8,0,0,1,122.3
1.32,5.32,6,5.5,0,1,0,48.8
50.88,9.51,6,1.3,0,0,0,84.7
2.42,48.35,5,2.6,1,0,0,66.9
68.2,14.0,3,4.1,0,1,0,141.4
2.83,1.87,3,10.0,0,0,0,89.8
22.94,9.44,6,6.1,0,0,0,89.9
23.69,3.45,6,4.6,1,0,1,36.7
44.8,2.2,2,5.5,0,0,0,124.4
11.94,23.78,5,2.2,1,0,0,54.7
59.02,6.72,6,7.7,0,1,0,126.7
38.37,4.14,4,8.8,1,0,1,108.8
20.41,29.32,5,8.2,1,0,0,125.7
74.23,2.83,4,9.8,0,0,1,164.5
46.23,4.0,7,8.9,1,0,1,97.4
114.12,44.04,9,5.2,0,0,0,232.7
36.67,18.49,4,1.4,0,1,0,98.4
19.04,11.08,6,4.2,0,0,0,49.4
1.0,25.09,5,2.1,0,0,0,10.6
42.29,6.58,4,8.2,0,0,0,112.8
116.41,1.92,3,8.7,0,0,0,244.6
6.98,7.59,4,4.7,0,0,0,40.6
189.46,2.16,4,2.2,0,0,1,240.7
51.52,11.51,3,7.9,0,0,1,102.1
14.1,55.98,2,4.2,0,0,0,58.6
146.21,7.3,5,5.7,0,0,0,272.6
229.19,7.45,5,1.1,0,0,1,309.1
1.54,13.43,5,8.3,1,0,0,62.6
154.13,18.3,9,9.7,0,0,0,285.2
15.27,42.3,14,6.1,1,0,0,69.3
66.55,14.95,6,2.8,0,0,0,134.2
16.49,76.17,7,6.3,1,0,0,101.4
30.35,5.23,6,9.4,1,0,0,99.9
15.71,7.29,7,4.2,1,0,0,51.7
63.73,5.33,3,7.6,0,0,1,104.1
81.35,14.62,4,8.6,0,1,0,199.9
65.74,67.08,4,2.5,0,1,0,169.0
159.88,4.8,6,5.1,0,0,0,273.7
7.73,10.4,7,1.1,1,0,1,10.0
43.14,4.42,9,8.8,0,0,1,89.7
145.67,3.47,4,7.0,0,1,1,242.4
31.16,7.49,7,3.2,0,0,0,63.5
109.61,9.94,5,9.0,0,0,0,215.4
1.0,2.44,7,1.5,0,0,0,12.6
145.15,17.34,4,1.6,0,0,1,187.6
2.6,6.41,5,2.7,0,0,0,26.1
3.03,19.68,6,3.5,0,0,0,20.8
22.38,40.56,3,7.3,0,1,0,126.3
90.65,8.26,4,7.7,1,1,1,201.5
4.52,44.09,3,2.0,1,0,0,87.6
132.12,11.17,2,8.9,1,1,1,251.0
12.61,7.27,2,7.9,0,0,0,77.4
2.53,3.83,6,6.8,1,1,0,71.9
41.47,3.23,3,1.1,0,0,0,98.5
88.39,9.12,3,1.9,0,0,0,141.4
179.39,8.26,4,6.0,1,0,1,244.6
13.52,2.33,6,8.1,0,0,0,66.5
94.4,2.01,8,8.0,0,1,0,189.8
7.65,2.96,10,7.8,0,1,0,72.6
69.07,7.97,3,3.7,0,1,1,139.6
1.66,1.72,6,2.2,0,1,0,53.1
24.56,4.19,5,1.5,1,1,1,47.6
83.42,7.02,6,5.4,0,1,0,152.5
6.89,1.23,8,5.0,0,0,0,23.1
45.93,9.81,9,6.5,0,0,0,105.3
88.48,11.62,8,6.5,0,0,0,175.0
11.61,4.52,1,8.6,0,0,0,87.1
81.1,2.67,4,7.9,1,1,0,177.6
18.28,9.02,6,6.4,0,1,0,93.9
25.72,7.16,5,9.6,1,0,0,103.4
69.54,7.0,4,5.3,0,0,0,155.5
86.64,33.98,6,9.6,0,0,1,156.3
18.0,3.89,6,3.1,1,1,0,78.0
12.45,4.61,7,9.9,0,0,0,72.3
40.96,4.48,6,6.9,0,1,0,95.1
42.91,2.76,6,1.1,1,0,1,68.9
4.62,2.05,7,3.4,1,0,0,34.7
41.9,8.23,4,8.3,0,0,0,114.2
50.55,8.83,2,2.6,0,0,0,59.5
5.17,8.13,4,6.3,0,0,0,61.2
84.77,0.8,10,6.6,0,0,0,141.2
34.77,11.62,6,2.3,0,0,0,64.1
45.94,21.5,4,7.1,0,0,0,107.3
36.57,22.54,7,2.1,1,0,1,67.0
32.9,3.13,6,4.8,0,0,0,79.0
17.75,5.12,3,4.5,1,0,1,58.8
22.77,2.73,6,3.1,1,0,0,44.7
62.18,1.16,3,1.6,1,0,1,83.7
49.92,9.5,3,2.9,1,0,0,112.8
46.65,21.56,10,5.7,0,0,0,127.4
81.3,29.92,3,6.1,1,0,0,190.8
38.54,12.25,5,1.2,0,0,0,39.6
17.93,17.0,7,8.5,0,0,0,70.6
45.07,29.14,4,8.9,0,0,0,118.2
75.39,10.23,5,6.1,0,0,0,184.1
106.91,6.46,5,9.8,0,0,0,218.5
34.01,2.87,4,10.0,0,0,0,117.5
22.12,5.05,5,1.8,0,1,0,101.5
94.68,18.03,8,9.7,0,0,1,187.8
27.43,10.02,1,5.0,1,0,0,100.3
167.08,28.98,4,6.5,0,1,0,329.5
28.28,4.43,4,3.8,0,0,0,76.2
214.95,1.38,1,3.3,1,0,1,304.2
5.17,13.07,4,8.8,0,0,1,24.0
21.15,24.62,4,7.3,0,0,0,88.7
16.26,22.41,4,8.6,0,0,0,96.7
254.06,33.38,5,1.3,0,0,1,329.0
97.83,17.25,4,9.7,1,1,1,179.4
67.01,2.63,7,6.4,0,0,0,130.3
124.86,3.7,2,7.0,1,0,1,213.8
123.64,1.27,3,1.9,0,0,0,217.6
11.07,18.15,5,5.0,0,0,0,53.1
20.87,2.33,8,5.6,1,1,0,78.6
2.47,4.01,7,8.8,1,0,0,78.2
18.45,2.01,5,1.7,0,0,0,41.7
62.54,2.64,5,4.6,0,1,0,121.1
62.41,7.4,3,4.8,1,0,0,133.8
29.42,11.94,6,6.9,0,0,0,77.2
9.24,5.3,4,7.5,1,0,0,67.9
2.32,7.82,5,6.4,0,0,0,52.7
14.32,12.56,3,6.6,1,1,0,92.3
4.33,14.59,6,1.3,0,0,0,21.4
232.13,34.2,6,4.8,1,0,1,337.2
7.92,7.96,4,4.3,0,0,0,72.7
83.59,6.11,6,4.7,0,0,0,159.5
23.31,2.17,8,6.5,0,0,0,72.9
48.27,12.37,6,9.7,0,1,0,152.0
38.56,1.73,3,5.6,0,1,0,121.2
2.89,43.69,6,3.4,0,1,0,63.0
118.58,46.71,3,2.5,0,0,0,237.1
115.32,1.83,5,3.7,0,0,0,191.3
17.69,5.1,8,7.6,0,0,0,60.4
7.16,6.13,7,1.8,0,0,0,10.0
5.35,3.73,3,4.5,1,0,0,35.7
93.11,14.75,3,6.8,0,0,0,180.6
43.8,1.0,8,5.1,0,1,0,117.5
23.46,3.11,6,3.6,0,0,0,67.1
20.84,1.1,4,1.1,0,0,0,16.8
39.53,35.3,5,6.3,0,0,0,103.1
15.87,16.43,3,5.1,1,0,0,79.9
1.0,5.26,8,3.9,0,0,0,36.0
26.81,2.05,6,4.2,1,1,0,83.0
104.4,24.71,1,2.4,1,0,0,167.6
81.23,5.6,5,4.7,0,1,0,195.4
121.29,12.14,2,8.0,0,0,1,187.7
54.58,7.36,2,7.9,1,0,1,71.7
2.56,8.11,3,3.5,0,0,0,19.0
31.42,5.47,10,3.6,0,0,0,74.4
1.07,22.0,6,4.2,0,0,0,24.2
174.9,11.55,6,9.4,0,0,1,278.4
57.15,6.3,3,3.7,0,0,0,132.6
1.0,1.08,8,2.0,0,0,1,10.0
164.12,11.34,8,8.9,1,0,1,246.0
23.34,13.4,3,7.5,1,0,0,101.7
8.07,22.69,9,1.7,0,0,0,25.1
65.14,5.82,4,9.0,1,0,1,95.7
8.29,100.0,7,8.9,0,1,0,118.4
12.53,1.45,6,3.3,1,0,1,15.8
4.58,1.22,3,1.5,0,0,0,10.0
60.5,24.91,4,6.6,0,0,0,144.7
11.93,19.79,6,4.9,0,0,0,69.5
84.58,2.29,3,9.8,1,0,1,149.0
48.39,7.41,4,5.8,1,0,1,100.2
24.67,2.16,3,5.4,0,0,0,70.6
178.86,2.71,4,6.9,1,0,1,253.0
10.99,1.61,2,8.2,0,1,0,67.8
71.7,1.78,4,9.7,0,0,0,154.8
8.31,6.15,5,9.2,1,0,0,72.5
12.61,41.89,2,5.1,1,0,0,66.9
6.86,6.84,8,7.5,0,0,0,67.3
137.18,12.98,4,9.8,0,0,1,226.1
32.18,4.84,9,1.1,0,0,0,51.8
90.87,36.24,3,1.5,0,0,1,144.1
2.89,4.82,4,4.5,0,0,0,40.0
43.86,3.09,8,6.1,0,0,0,126.8
29.94,40.04,6,8.8,0,0,0,92.5
218.55,4.96,6,1.7,0,0,0,350.9
78.76,10.18,4,5.7,0,0,0,179.4
131.34,41.66,3,1.4,0,1,0,259.8
32.16,1.79,4,10.0,1,1,1,98.3
83.24,8.25,3,9.2,1,0,1,134.6
11.65,21.82,3,8.3,1,0,1,40.3
60.48,5.22,4,1.5,0,0,0,101.0
175.93,2.95,3,8.0,1,0,1,280.2
47.16,21.92,6,3.6,0,1,0,119.9
1.12,12.93,4,2.5,0,0,0,30.4
21.17,4.45,5,8.1,0,1,0,85.2
45.34,23.24,1,1.4,0,0,0,96.2
6.16,1.45,2,8.1,0,1,0,94.3
25.69,6.37,2,8.9,0,1,0,130.1
29.98,4.84,7,3.6,1,1,0,85.4
105.8,2.74,5,1.3,0,0,0,181.1
42.25,18.55,3,5.9,1,0,0,123.5
39.66,40.33,7,9.5,1,0,0,159.1
22.73,11.38,6,6.6,1,0,0,85.8
24.22,9.74,7,2.4,0,0,0,73.1
41.43,8.98,6,8.5,0,0,0,97.7
8.93,4.39,6,8.7,1,0,0,56.3
31.61,1.58,4,7.1,0,0,0,77.4
35.4,3.65,3,2.7,0,1,0,92.7
58.04,3.2,7,2.6,1,0,1,53.9
45.17,1.92,5,2.2,1,0,0,93.5
19.81,22.68,4,8.0,0,0,1,82.7
37.83,4.53,5,5.8,0,0,0,108.0
1.0,14.82,11,1.2,0,0,0,22.2
58.13,7.77,2,3.8,0,1,0,137.7
13.22,2.34,1,4.5,1,0,0,80.5
89.41,42.54,5,5.9,0,0,0,206.7
64.26,15.02,2,7.7,0,0,1,129.5
8.7,7.79,4,6.5,0,0,0,67.9
19.43,18.27,8,5.6,0,0,0,63.1
68.83,30.51,9,7.1,0,0,0,174.9
61.01,3.56,5,7.1,1,0,0,120.5
38.65,2.09,5,2.3,0,0,0,82.5
17.46,8.26,5,10.0,0,0,0,86.4
36.95,3.86,5,7.1,0,0,0,104.1
238.29,27.17,6,6.1,0,0,0,433.1
25.8,15.25,6,1.8,1,0,0,51.8
37.22,4.75,6,4.5,0,1,0,108.2
81.18,15.94,6,6.0,0,0,0,149.9
1.43,1.35,4,3.0,0,0,0,26.0
124.46,10.11,6,1.4,0,0,1,184.0
94.11,9.54,8,8.0,0,0,0,189.4
39.81,1.88,5,2.6,0,0,0,71.7
38.33,2.61,8,9.8,0,0,0,117.4
121.93,9.9,6,8.9,1,0,0,249.1
61.1,2.98,2,1.1,1,0,0,130.6
72.55,7.8,7,8.3,0,0,0,152.6
13.05,11.16,9,5.0,0,0,0,39.1
1.0,28.94,4,4.3,0,0,0,57.8
28.94,35.71,7,5.6,0,0,0,77.5
5.73,14.94,5,6.0,1,0,0,65.8
26.82,4.03,6,7.8,0,0,0,88.6
49.92,4.26,2,9.6,1,0,0,157.8
46.47,15.51,8,9.2,1,0,1,95.0
58.49,1.29,3,7.4,1,0,1,123.9
7.63,7.17,8,6.4,1,0,0,56.2
13.96,27.88,2,5.5,1,0,1,35.6
59.67,1.4,1,4.6,1,1,0,160.6
10.17,13.24,6,8.4,1,0,1,38.4
12.14,4.48,3,7.5,0,0,0,64.6
56.19,5.02,7,2.3,0,1,0,94.4
64.95,1.98,7,7.0,0,0,0,118.5
17.26,7.95,3,2.7,0,1,0,57.2
102.71,1.95,4,1.2,0,0,1,161.0
90.0,4.23,6,6.9,1,0,0,166.3
45.77,3.62,4,6.2,0,0,0,89.3
87.55,3.36,4,7.5,0,0,0,185.5
190.84,2.84,6,8.7,0,0,1,275.2
140.79,1.46,4,5.2,1,1,1,236.6
6.83,3.33,1,3.8,1,1,0,69.7
23.88,1.71,6,6.8,1,0,0,111.1
64.25,2.79,7,1.3,0,0,1,64.5
4.61,10.47,6,6.4,0,1,0,75.1
7.36,2.89,3,2.1,1,0,0,44.3
25.69,5.14,7,7.7,1,0,0,85.3
1.0,14.27,4,4.1,1,0,0,42.3
29.09,11.23,4,8.1,0,1,0,106.8
24.94,3.73,2,5.3,1,1,0,110.5
61.57,8.05,7,2.0,0,1,0,140.1
4.74,0.9,4,5.3,1,0,1,25.9
29.19,1.73,5,4.5,1,1,0,101.6
164.26,12.3,6,2.0,1,1,0,286.2
104.98,12.93,6,8.3,0,0,0,216.9
62.7,4.56,2,5.9,0,1,0,172.9
190.89,10.46,6,5.5,0,0,1,287.4
4.82,6.65,10,6.9,0,0,0,33.8
14.46,3.24,5,5.4,1,0,0,77.7
7.58,17.53,6,7.4,0,0,0,54.7
72.13,23.1,4,9.5,0,0,0,177.4
97.59,4.96,8,4.0,0,0,0,124.8
51.25,9.86,4,7.9,0,1,0,156.3
14.92,2.26,6,3.2,1,0,0,57.2
6.55,0.66,6,9.4,1,0,1,60.7
39.33,11.59,2,9.7,0,0,0,112.5
8.02,1.63,7,3.4,1,0,0,61.6
8.83,14.9,6,4.8,0,0,0,53.6
40.78,3.23,3,1.7,1,1,0,117.2
5.11,7.35,5,3.7,0,0,0,58.2
122.33,3.33,3,2.2,0,0,0,203.1
11.54,4.37,9,1.1,0,0,0,39.2
87.61,1.95,5,5.2,1,0,0,142.9
42.73,6.44,6,2.9,1,0,1,33.8
8.42,19.97,7,9.3,0,0,0,58.8
180.12,2.91,4,6.7,0,0,1,270.2
36.66,2.51,9,3.8,0,0,0,77.7
14.09,28.53,7,8.5,1,0,0,97.8
12.87,15.87,2,4.3,0,1,0,72.9
6.94,7.37,4,7.5,0,0,0,76.0
41.14,4.12,4,9.2,1,0,0,96.9
48.4,1.15,3,2.1,0,1,0,110.1
43.42,2.0,5,6.2,0,0,0,77.0
92.15,37.6,6,6.6,1,1,0,223.6
3.59,3.61,5,8.9,1,0,0,68.9
1.43,2.7,5,8.9,1,0,0,78.9
93.41,16.53,6,4.1,0,1,1,153.6
6.39,1.22,5,1.5,0,0,0,13.3
7.81,6.32,4,7.0,0,0,1,36.9
38.64,34.68,5,2.2,0,0,0,93.2
26.1,4.49,7,3.9,1,0,1,47.1
54.92,7.49,6,2.6,1,0,1,76.0
10.55,3.95,11,6.1,0,0,0,31.3
91.81,2.12,2,8.5,0,0,0,201.8
12.24,4.42,1,2.4,1,0,0,41.8
28.26,10.07,4,8.5,0,0,0,72.9
1.13,12.81,10,2.5,0,0,0,10.0
166.4,16.46,6,3.7,0,1,1,286.8
17.16,22.24,8,6.2,1,1,0,89.1
38.03,1.38,4,3.3,0,1,0,106.0
32.43,19.48,5,5.3,1,0,1,58.4
25.66,18.71,5,6.5,1,0,0,98.6
9.98,2.29,5,7.8,0,0,0,54.1
48.29,8.61,4,2.6,0,0,0,90.8
40.55,7.05,3,9.3,0,0,0,142.4
29.0,8.37,2,3.0,0,0,0,92.2
39.86,2.88,3,2.7,0,0,0,90.7
52.54,7.02,9,1.2,0,0,1,76.8
98.46,4.75,5,1.1,1,0,1,157.1
13.03,40.97,2,3.6,1,0,0,66.0
73.66,2.57,4,8.9,0,0,0,176.9
84.56,2.33,4,4.0,0,0,1,121.3
68.23,6.07,8,8.7,0,0,0,132.0
85.23,4.83,3,1.5,0,0,0,160.2
43.16,2.32,1,6.4,0,0,0,147.7
1.11,14.15,5,8.7,1,0,0,63.6
59.49,4.57,4,3.3,1,1,0,154.7
99.06,4.86,6,5.2,1,0,1,157.3
15.31,0.98,2,6.8,1,0,0,88.5
68.2,16.71,6,4.2,0,0,0,151.5
5.93,6.74,5,4.5,0,1,0,69.2
51.95,35.26,4,9.8,0,0,0,128.3
2.94,15.35,8,9.4,0,0,0,56.2
39.64,5.78,10,6.8,1,0,0,116.3
104.76,6.68,6,7.9,1,0,1,150.5
23.81,4.44,4,2.9,0,0,0,81.7
10.34,4.94,6,5.1,0,0,0,61.9
56.73,62.58,6,7.2,0,0,1,112.1
93.38,1.29,4,7.1,0,0,0,199.3
18.02,5.08,3,9.8,0,1,0,118.7
42.51,2.17,6,9.3,0,0,0,97.6
53.93,1.2,1,5.7,0,0,0,118.0
24.74,8.74,7,1.3,0,1,0,69.1
3.49,5.84,8,3.6,0,0,0,27.8
88.64,7.09,5,6.6,1,0,1,145.6
90.94,39.62,4,1.6,1,0,0,183.9
5.39,2.11,6,9.8,1,0,0,78.0
44.35,100.0,5,6.3,0,0,0,144.4
65.86,2.9,7,2.7,0,0,0,127.8
4.87,2.2,6,8.1,1,0,0,54.4
93.66,5.47,9,3.2,0,0,0,163.6
21.87,13.53,6,6.9,0,0,0,70.0
44.39,5.0,6,10.0,1,0,0,128.8
23.62,5.43,2,3.4,1,0,0,78.0
37.58,15.54,5,1.4,1,0,0,96.1
53.65,28.53,4,9.1,0,0,0,137.4
61.58,21.14,5,2.1,0,0,0,87.4
25.74,87.2,5,8.9,0,0,0,137.0
5.9,13.27,6,3.3,1,0,1,10.0
21.02,29.19,2,7.3,1,0,1,78.8
90.0,2.89,0,1.1,1,0,0,176.5
44.56,5.01,7,6.0,1,1,0,118.9
29.68,10.54,6,1.6,1,0,1,80.7
55.45,3.95,2,9.4,1,0,1,108.8
85.06,12.1,7,8.1,0,0,1,131.6
106.72,3.98,3,2.8,1,0,0,195.4
63.96,20.91,7,2.1,0,0,0,106.8
4.72,11.24,3,8.6,0,1,0,91.4
12.65,3.79,3,2.2,0,0,0,63.5
168.02,79.77,3,1.4,1,1,1,283.4
64.26,1.42,12,3.7,0,0,0,112.7
111.16,5.17,8,2.5,0,0,0,206.0
37.81,19.36,3,5.9,0,0,0,92.9
5.28,3.62,7,1.7,1,0,1,32.3
7.66,1.58,4,2.1,1,1,0,48.0
158.42,2.09,2,7.7,1,0,0,262.2
20.91,13.57,5,9.3,0,0,0,98.4
24.51,9.9,8,5.1,0,1,0,67.8
182.98,9.25,10,7.7,1,1,0,352.1
32.35,9.17,5,6.2,1,1,0,125.4
1.0,15.89,6,4.4,0,1,0,69.5
39.49,1.24,4,8.2,1,0,0,103.5
65.53,56.77,3,1.0,0,0,0,124.2
39.0,2.36,9,6.3,0,0,1,62.4
52.15,5.27,5,7.1,0,0,0,130.1
36.23,17.94,5,4.1,0,0,0,81.3
12.77,5.22,6,6.0,0,0,0,38.6
4.62,7.15,8,7.0,0,0,0,50.8
1.0,1.57,3,1.9,0,0,0,33.7
58.04,2.02,8,6.0,0,0,0,118.2
24.53,1.42,7,7.3,0,0,0,59.8
35.85,8.61,6,4.9,0,0,0,49.7
6.24,9.86,3,2.6,1,0,0,33.6
40.45,9.39,2,7.0,0,0,0,128.4
14.23,7.57,5,5.2,0,0,0,74.4
84.46,13.48,10,3.3,0,0,1,99.1
45.47,29.24,7,7.0,0,1,0,139.3
3.24,0.43,0,7.2,0,0,0,50.8
12.1,32.37,4,3.7,0,1,0,76.7
13.35,6.98,4,6.1,0,0,0,63.5
81.31,23.63,6,8.8,0,0,0,170.4
33.55,1.65,2,9.5,0,0,0,113.1
51.6,5.17,1,6.2,0,1,0,120.5
33.39,5.55,2,3.2,0,1,0,109.9
26.06,8.04,3,8.4,0,0,0,113.9
86.71,8.79,7,1.5,0,0,0,109.8
86.49,1.39,7,3.8,0,1,0,157.6
92.1,8.53,4,4.2,0,1,0,180.4
157.28,1.04,4,1.5,0,0,1,230.7
20.09,12.8,1,8.0,0,1,0,81.3
61.3,4.94,3,6.1,1,0,0,128.6
20.62,5.78,4,5.0,0,0,0,59.2
111.6,5.26,5,1.8,0,1,0,215.2
37.62,0.68,3,8.8,0,0,0,135.5
23.26,1.76,8,10.0,0,0,0,89.6
1.0,24.84,4,4.5,0,0,0,22.8
56.13,20.22,6,8.0,0,0,0,131.7
30.35,25.43,5,5.9,0,0,0,119.2
5.02,30.02,7,4.5,0,0,0,64.3
24.01,0.99,5,5.0,0,1,0,76.8
35.99,1.11,1,7.6,1,0,0,101.8
20.14,15.45,5,6.7,1,0,0,90.5
73.47,8.2,6,8.9,1,0,0,158.1
66.54,24.9,4,7.2,1,0,1,113.7
6.19,4.61,1,3.5,1,0,0,39.7
36.05,1.41,4,4.9,0,0,0,119.4
30.78,47.94,1,8.7,0,0,0,124.8
69.91,5.32,7,3.2,1,0,1,100.9
33.31,5.27,8,8.1,1,1,1,86.7
19.12,14.24,6,8.7,0,0,0,77.1
31.66,5.4,7,8.0,0,0,0,64.7
32.25,12.71,3,2.3,0,0,0,75.4
10.04,4.05,9,5.5,0,0,0,63.9
22.12,13.97,5,9.5,0,0,0,107.0
26.71,4.35,1,2.3,0,0,0,64.3
2.84,44.18,7,9.6,1,1,1,99.3
49.66,22.92,5,6.8,0,0,1,126.6
11.85,12.86,1,7.5,0,0,1,46.0
20.74,14.5,5,3.6,0,0,0,72.3
9.9,18.11,2,3.9,0,0,0,31.0
67.93,3.88,4,1.7,1,0,0,113.7
40.25,3.97,6,6.7,1,0,0,125.5
11.06,3.68,6,2.8,0,0,0,48.8
10.99,2.84,5,5.4,1,0,0,57.5
12.89,11.59,5,6.2,0,0,0,65.6
159.28,3.85,4,3.9,1,1,1,232.1
32.16,63.1,7,2.1,0,1,0,119.3
132.52,4.82,3,9.6,0,0,0,273.2
238.15,14.39,4,6.5,0,0,1,321.6
35.66,7.64,7,1.5,1,0,1,19.5
4.45,9.96,5,1.3,1,1,1,29.2
83.34,8.08,4,7.3,1,0,0,202.9
47.14,9.78,2,7.8,1,1,1,98.6
3.82,3.37,7,8.4,1,0,1,35.3
33.6,2.64,3,2.7,0,0,0,59.0
54.3,5.75,5,4.8,0,0,0,78.6
29.29,2.29,10,3.7,0,0,0,77.9
43.0,2.3,5,4.9,1,0,0,116.5
136.71,3.32,5,1.6,0,0,0,241.4
7.58,11.99,5,6.1,1,0,0,42.7
33.12,4.8,2,4.0,1,0,0,76.5
1.0,8.6,5,7.1,0,0,1,34.9
28.71,25.15,4,2.8,0,0,0,81.5
11.6,1.86,9,6.1,0,0,0,50.2
12.88,46.48,2,5.8,0,0,0,62.9
13.14,25.75,10,6.4,0,0,0,70.5
71.23,12.77,6,3.9,0,1,0,136.5
35.47,32.07,2,8.9,0,1,1,136.8
23.94,7.02,2,3.2,0,0,0,59.7
1.0,1.5,1,2.2,1,0,0,53.8
90.3,25.41,4,4.1,0,0,0,204.4
1.0,2.85,3,9.8,0,0,0,65.8
82.47,13.92,7,6.1,1,0,1,147.8
64.98,2.08,3,4.6,0,0,0,103.5
6.45,11.61,2,6.5,1,0,0,68.0
48.43,1.45,11,2.3,0,0,0,60.3
1.0,2.18,5,5.2,0,0,0,19.2
12.65,7.07,2,8.2,0,0,0,65.0
13.79,8.72,2,2.7,0,0,0,63.5
197.81,0.78,5,8.4,0,0,0,323.5
42.29,21.62,1,2.3,1,0,0,119.9
1.0,20.21,7,7.7,0,0,1,35.9
6.9,17.36,3,1.5,1,1,0,53.6
10.65,5.49,6,4.6,0,0,0,39.4
86.27,14.3,7,7.6,0,0,1,127.2
56.77,7.47,6,4.3,0,0,0,96.6
33.0,1.85,2,3.8,1,0,1,73.3
83.25,8.73,5,5.3,0,0,1,127.7
32.12,0.88,3,5.5,0,0,0,100.0
84.62,2.52,4,1.4,0,0,0,150.2
12.37,3.34,9,2.2,0,0,0,45.8
132.41,8.28,10,5.9,0,0,0,213.4
157.62,40.34,2,5.5,0,0,0,309.6
50.79,0.83,3,4.9,1,0,0,126.0
50.24,31.22,8,4.7,0,0,0,112.9
41.65,13.76,3,1.5,0,0,0,57.6
28.35,13.14,4,1.7,0,0,0,60.1
9.85,3.81,6,8.8,0,0,0,69.1
10.7,6.26,7,4.7,0,0,0,35.7
52.84,5.72,6,4.5,1,0,0,121.4
31.48,32.04,5,1.5,0,0,0,73.1
12.79,24.88,4,2.1,1,0,0,48.7
4.83,11.9,4,3.1,0,0,0,54.0
159.91,4.81,3,7.3,0,0,1,217.1
58.31,2.54,4,9.3,0,1,0,162.2
10.58,2.56,3,6.2,1,1,1,57.5
69.23,26.95,4,6.4,0,0,0,131.9
9.27,28.78,4,5.3,0,0,0,48.9
44.48,3.56,6,2.4,0,0,0,67.4
41.88,13.52,7,4.1,1,0,1,69.1
5.73,32.24,6,9.3,1,0,0,79.2
54.51,1.27,4,4.6,0,0,0,117.5
40.74,1.84,5,3.5,1,0,0,110.8
80.98,4.81,3,2.4,1,0,0,163.3
119.4,5.99,5,5.3,0,1,0,236.5
61.43,9.88,8,9.0,0,0,0,136.6
18.08,2.83,6,8.5,0,0,0,100.7
19.82,16.76,7,3.6,0,0,0,64.1
18.69,1.88,7,6.0,0,1,0,93.6
99.62,20.06,2,4.8,0,0,0,195.5
33.0,14.72,3,2.7,0,0,0,106.2
159.17,3.12,4,9.6,1,0,1,265.6
53.21,2.49,5,6.1,0,0,0,132.9
46.18,11.76,6,4.5,0,0,0,86.0
114.58,1.69,8,2.4,1,0,1,131.5
44.53,4.16,5,10.0,0,0,0,145.1
86.54,1.15,5,3.6,0,1,0,191.3
34.54,2.66,4,7.5,0,0,1,96.0
45.64,17.0,4,9.6,1,0,1,74.1
15.0,37.58,5,3.1,0,0,0,45.8
104.5,4.41,5,3.0,1,0,1,138.5
16.29,5.16,2,8.7,1,0,0,116.5
165.38,7.09,9,7.8,0,0,1,246.8
24.36,2.67,4,5.6,0,1,0,68.7
28.57,11.68,6,8.7,0,0,0,68.7
33.86,2.74,3,6.5,0,0,1,68.9
24.18,11.58,3,3.7,0,0,0,67.7
42.79,8.4,4,5.5,0,0,0,121.0
52.49,27.32,5,5.1,1,0,0,126.7
9.45,3.89,2,3.9,1,0,0,35.5
88.76,5.19,5,8.0,1,0,1,141.3
54.1,8.98,6,5.9,0,0,1,79.8
68.12,3.52,6,4.3,0,0,0,128.4
140.7,2.64,2,8.6,0,1,1,245.4
82.9,1.56,2,5.9,0,0,0,165.9
47.99,2.85,5,2.2,0,0,0,99.4
18.09,4.36,9,8.1,1,0,0,82.1
45.43,8.23,2,7.2,1,0,1,103.7
3.08,5.96,10,9.9,0,0,0,75.9
48.49,35.21,6,7.4,1,0,0,157.3
28.28,18.14,7,5.6,0,0,0,66.9
59.2,11.57,8,9.1,1,1,0,170.4
16.59,23.68,0,4.1,0,0,0,78.0
48.28,28.32,6,8.0,0,0,0,127.9
79.74,6.77,4,1.5,0,0,0,120.8
5.47,31.94,4,2.5,0,0,0,53.7
56.61,18.57,3,6.2,1,0,1,102.6
175.67,1.5,6,7.0,0,0,0,317.1
104.33,0.86,2,5.4,0,0,0,190.5
7.8,1.27,7,7.2,0,0,0,43.9
29.63,4.8,4,9.9,0,1,0,88.0
13.65,2.6,6,6.8,0,0,0,56.4
3.73,57.72,7,8.0,0,0,0,64.0
78.06,8.03,4,2.9,1,0,1,113.1
88.85,6.12,4,5.5,1,0,1,128.4
53.28,1.86,4,9.1,1,0,1,146.7
4.78,7.49,5,8.6,0,0,0,58.6
4.02,3.5,4,2.4,0,0,0,17.0
40.9,7.52,2,9.1,0,0,0,140.9
116.18,1.72,5,6.2,1,0,1,169.5
9.66,15.5,4,5.9,0,0,0,50.4
49.9,10.31,5,6.6,1,1,1,122.3
34.6,4.03,5,7.4,0,0,1,96.0
14.86,8.59,2,2.5,1,0,1,35.1
27.31,8.46,4,3.5,0,0,0,68.0
30.14,22.43,8,3.0,1,0,0,72.9
8.15,8.52,2,3.7,0,1,0,50.8
9.62,10.81,3,8.0,0,0,0,36.1
55.6,33.62,6,7.1,1,1,1,134.7
6.81,1.84,8,9.5,0,0,0,37.5
75.82,13.81,3,9.4,0,0,0,173.6
93.99,4.4,3,9.5,0,0,0,175.5
6.04,4.97,7,8.8,1,0,0,103.4
144.22,23.14,4,3.3,0,1,0,307.4
189.87,23.83,7,2.5,1,0,0,322.2
2.76,2.89,3,3.0,1,0,0,50.0
1.0,0.63,7,5.6,0,1,0,29.9
147.89,4.04,3,9.6,1,0,1,206.2
4.74,11.64,3,7.7,0,1,0,93.4
15.67,7.41,4,9.7,1,0,0,103.3
32.16,8.17,1,5.7,0,0,0,102.4
8.62,3.2,9,7.7,0,0,0,10.0
26.84,6.85,4,8.6,0,0,0,89.5
131.06,5.09,5,3.5,0,0,0,252.1
109.11,55.58,6,2.9,0,0,1,197.5
8.39,15.66,6,2.1,1,0,0,10.0
144.29,7.9,5,1.4,0,0,0,238.4
62.05,5.84,4,5.4,1,0,0,156.1
176.56,3.28,3,4.6,1,0,1,249.6
9.74,3.09,2,8.9,0,0,1,60.7
3.36,10.97,4,1.1,0,0,0,29.6
26.82,8.28,6,2.0,1,0,0,91.0
224.97,14.31,3,3.2,0,0,0,374.1
30.4,2.75,2,6.5,1,1,1,91.6
51.79,9.54,3,7.6,0,0,0,151.0
38.58,13.28,1,6.2,0,0,0,96.6
113.0,4.37,6,1.2,0,0,0,191.5
101.73,16.56,4,7.5,0,1,1,222.1
162.99,2.93,4,6.9,0,0,1,234.2
47.08,2.78,4,3.1,0,0,1,82.2
41.2,14.1,1,2.5,0,0,0,112.7
3.28,5.07,7,4.1,0,0,1,35.8
18.44,28.96,5,1.2,1,0,0,58.3
22.29,5.3,6,2.7,0,0,0,61.4
35.05,47.88,2,3.1,0,0,0,103.2
6.56,4.97,5,5.1,0,0,0,67.9
38.39,12.45,5,3.0,0,1,1,74.0
15.3,10.26,3,9.8,0,0,0,77.2
174.9,7.15,8,7.6,0,0,1,231.0
11.56,8.67,3,1.1,0,1,0,81.7
9.56,2.49,3,3.5,0,0,1,35.7
36.11,19.64,4,9.3,1,0,0,122.8
129.93,1.07,4,1.3,0,0,1,147.1
5.87,2.48,4,6.8,1,1,0,101.6
124.87,7.94,5,6.8,0,1,0,239.0
5.7,1.05,5,7.7,0,0,0,66.2
9.44,19.25,3,6.1,1,0,1,23.0
8.62,3.96,1,8.2,1,0,0,79.2
13.09,4.86,4,8.2,0,0,0,53.6
69.54,25.26,2,1.1,0,0,1,126.7
27.65,18.89,4,7.8,0,1,0,101.6
83.42,11.74,2,6.9,0,0,0,161.7
19.89,11.73,3,8.2,0,0,0,80.9
31.67,48.38,6,5.9,1,1,0,115.3
34.19,42.23,6,4.7,0,0,0,110.4
31.33,0.88,5,2.4,0,1,0,94.4
25.39,12.48,4,7.4,1,0,0,94.9
21.55,9.92,9,9.3,0,0,0,81.7
93.74,2.11,4,1.9,0,0,0,190.6
26.16,3.56,6,4.4,1,1,0,87.9
7.06,50.98,7,9.5,0,0,0,54.4
10.78,6.66,7,7.1,1,0,0,74.6
60.11,10.01,3,6.7,0,0,1,96.9
251.2,8.77,4,9.1,1,0,1,394.5
56.84,4.66,4,5.9,0,0,0,133.9
4.46,14.48,7,5.3,1,0,0,64.6
37.05,63.07,7,9.9,0,0,0,135.7
47.11,8.14,6,6.2,0,0,0,104.7
42.44,8.28,3,9.2,0,0,1,117.7
8.86,11.17,4,7.9,0,1,0,41.5
54.85,4.41,6,6.0,0,0,0,129.2
1.0,7.77,3,5.7,0,0,0,36.9
70.9,9.14,6,6.6,1,0,1,106.3
15.34,3.36,5,7.9,0,0,1,35.0
165.74,5.89,3,5.3,1,1,1,273.5
23.77,15.37,6,7.5,1,0,1,36.3
3.61,1.37,6,8.0,0,0,0,48.2
233.03,11.3,5,6.9,0,0,1,336.8
50.34,0.52,9,1.4,0,0,0,90.2
41.5,3.77,2,8.3,0,0,0,107.8
21.95,45.39,5,3.9,0,0,0,81.5
30.2,19.69,4,2.8,0,0,0,67.5
29.52,5.99,3,6.6,0,0,1,77.2
15.77,2.44,2,7.0,1,1,1,58.9
21.11,15.62,6,4.4,0,0,1,40.1
139.63,1.63,5,6.7,0,0,1,210.7
9.37,7.4,5,5.6,1,0,0,59.7
34.01,10.64,5,7.0,0,0,0,89.3
117.58,4.61,8,5.6,0,0,1,176.4
73.12,3.9,4,1.9,0,1,0,146.9
292.06,6.65,7,1.3,0,0,1,388.5
76.04,6.96,3,5.2,0,0,0,118.7
1.61,0.86,5,1.6,1,1,0,66.2
11.64,100.0,11,2.1,0,0,1,76.9
133.66,12.2,6,6.3,1,0,1,204.9
149.95,27.43,5,8.8,0,0,0,287.7
39.89,7.98,6,7.3,0,1,0,139.1
29.93,62.13,5,6.4,0,0,0,122.4
48.93,10.4,3,8.4,0,0,0,128.5
115.11,11.43,7,7.2,0,0,1,178.9
31.5,62.12,3,5.6,0,1,0,131.9
51.14,6.35,6,8.6,1,0,1,93.4
13.04,3.64,4,4.1,1,0,0,57.6
40.06,29.38,7,3.9,0,0,0,120.6
7.25,11.18,5,8.8,1,0,0,88.7
1.0,26.41,7,1.4,1,0,0,21.8
42.86,1.56,6,3.9,0,0,0,120.9
59.72,2.65,4,4.0,0,1,0,140.1
13.25,6.22,1,4.1,0,0,0,58.8
11.21,19.78,6,4.1,1,0,0,36.0
57.59,2.02,7,2.7,1,0,0,97.8
47.7,19.02,4,5.2,0,0,0,128.8
86.19,2.79,2,4.5,0,0,0,146.6
15.76,29.26,5,6.2,1,0,0,85.2
60.51,9.06,1,5.7,0,0,0,121.6
10.54,15.15,5,3.5,1,0,0,67.4
14.26,11.05,7,3.6,0,0,0,59.5
35.22,12.22,3,5.3,0,0,0,81.2
89.69,1.24,3,7.3,0,0,1,152.0
17.3,31.76,4,7.5,0,0,0,71.6
10.91,4.12,4,6.0,0,0,0,46.7
48.25,14.5,5,8.5,0,1,0,159.5
21.05,9.3,6,8.5,1,0,0,71.0
25.76,5.03,3,9.1,0,0,0,98.8
44.65,12.91,3,6.5,0,0,0,123.3
4.76,2.07,6,7.9,0,0,0,53.4
18.55,3.05,11,5.4,1,0,0,52.8
43.68,3.46,14,7.1,0,0,0,92.3
7.42,7.62,1,9.9,0,0,0,82.5
39.27,13.99,2,9.0,0,0,0,120.2
63.25,6.0,8,5.9,0,0,0,113.6
34.7,3.57,6,8.8,1,0,0,126.4
35.09,23.29,6,1.1,1,0,0,65.9
8.38,42.57,4,1.9,0,0,0,68.7
1.52,4.54,8,9.7,1,0,0,89.3
3.73,3.58,6,4.5,0,0,0,10.6
35.61,6.84,8,4.9,0,0,0,79.7
29.78,10.52,4,2.0,1,1,1,94.4
83.8,3.84,4,4.6,0,1,0,208.5
23.69,10.96,7,8.2,1,0,1,72.0
134.61,22.36,5,5.1,0,0,0,253.7
20.51,6.45,11,2.0,0,1,0,41.9
40.62,1.37,4,8.9,0,0,1,124.1
55.76,10.35,10,8.7,1,1,0,182.9
73.2,2.81,8,4.1,1,0,1,95.8
53.0,9.69,3,5.8,0,1,0,195.0
6.72,9.57,3,7.6,0,1,0,105.0
58.09,3.29,1,8.7,0,1,0,161.1
1.0,4.66,4,9.7,0,1,0,53.6
20.47,3.93,3,7.7,0,0,0,63.6
32.56,24.76,6,1.8,0,1,0,85.8
26.57,3.97,3,3.8,0,0,0,64.8
15.28,9.27,12,5.7,0,0,0,49.3
97.9,1.1,7,3.0,0,1,1,144.6
248.85,6.67,4,5.6,0,1,1,393.0
53.95,19.84,7,8.1,1,0,1,97.0
6.62,35.87,3,5.9,0,0,0,83.8
10.32,15.5,3,9.9,0,0,0,79.3
1.0,6.82,7,9.2,0,1,0,112.3
22.86,5.43,4,6.9,0,1,0,75.0
85.78,7.6,8,7.8,1,0,0,177.2
13.4,3.6,5,4.0,0,0,0,74.7
25.87,7.69,4,4.7,0,0,1,47.9
149.95,7.34,5,1.0,0,0,1,181.8
37.86,5.79,3,8.7,0,0,0,116.4
140.64,18.43,6,9.8,0,1,0,290.4
2.56,2.29,3,3.9,0,1,0,74.4
56.04,14.59,3,1.8,0,0,0,124.6
7.02,25.12,5,5.8,0,0,1,55.2
1.49,5.81,2,4.9,0,1,0,49.9
15.37,10.58,5,2.3,0,0,0,18.2
1.0,13.64,5,7.0,1,0,0,37.0
8.73,31.76,2,7.6,1,0,0,83.0
11.22,2.76,4,3.2,0,0,0,57.0
285.13,6.23,6,8.1,0,0,1,390.4
3.05,11.08,2,4.7,1,0,0,62.1
150.48,8.34,4,3.8,0,0,0,243.9
24.2,24.65,8,1.8,1,0,0,64.6
39.13,2.04,3,2.8,0,0,0,98.8
1.7,10.84,3,9.1,0,0,0,24.0
1.0,9.9,0,5.3,0,1,0,61.9
14.03,4.63,9,9.9,0,0,0,45.3
58.07,31.66,12,6.7,1,1,0,154.0
59.21,7.46,7,1.9,0,0,0,102.3
44.02,7.02,6,6.9,1,0,1,79.4
31.11,0.87,2,2.2,0,0,0,82.1
13.74,31.76,3,8.5,0,0,0,94.9
90.78,4.88,2,8.3,0,0,0,183.3
42.57,8.34,5,3.4,0,1,0,98.9
21.05,5.64,4,7.7,0,1,0,110.9
8.02,13.0,8,7.6,0,0,0,86.2
53.85,5.93,8,3.7,1,0,0,136.3
10.88,5.62,7,6.5,0,0,0,59.5
37.09,29.12,5,1.1,1,0,0,90.8
28.55,11.95,6,4.4,0,0,0,79.3
11.19,11.81,8,2.4,1,0,0,67.7
75.66,3.04,7,2.0,0,1,0,157.5
30.64,11.8,7,7.1,0,0,0,83.5
1.28,3.49,4,1.5,0,0,0,41.9
35.0,16.48,6,2.0,1,0,1,46.2
11.57,11.27,3,6.0,0,1,0,99.5
248.73,4.45,3,9.0,0,0,0,412.9
52.13,8.99,6,6.7,1,1,1,129.7
5.09,11.42,4,3.4,0,0,0,37.7
35.13,19.57,2,8.5,0,0,0,151.3
25.15,6.05,5,5.4,0,1,0,87.4
44.89,19.98,4,2.0,0,0,0,80.8
53.89,41.19,5,9.5,0,0,0,144.9
30.24,18.66,5,4.3,0,0,0,86.4
50.96,4.86,4,8.1,0,0,0,117.5
16.96,19.97,7,7.8,1,1,0,93.3
1.89,24.01,7,6.7,0,0,0,37.2
2.87,20.05,3,4.1,0,0,0,37.9
95.63,2.48,2,8.0,0,0,1,169.8
20.87,1.11,4,9.1,1,0,0,90.3
143.62,1.16,8,9.6,1,1,1,251.3
31.98,1.64,5,4.0,0,0,0,67.2
92.56,4.05,2,6.1,0,0,0,196.7
7.38,7.78,8,8.1,0,0,0,38.7
97.58,1.23,8,9.9,0,0,0,217.0
139.35,10.42,4,5.2,1,0,0,267.7
154.21,7.04,1,2.9,0,0,1,213.6
17.87,10.55,2,9.0,0,0,0,85.3
63.46,24.22,8,8.3,1,0,1,108.7
3.22,10.9,5,9.1,0,0,0,61.3
17.08,5.17,4,1.5,0,0,0,41.8
20.05,2.58,8,2.9,0,0,0,42.9
61.7,6.53,5,3.8,0,0,1,81.9
19.4,1.06,1,6.5,0,0,0,85.8
3.43,12.44,4,8.7,1,0,0,102.3
31.53,24.79,7,8.2,0,0,0,86.6
17.83,5.96,6,3.9,0,0,0,49.8
73.78,5.6,6,8.0,0,1,0,169.3
36.17,5.28,2,6.6,0,1,1,93.7
18.41,4.78,3,4.0,0,1,0,61.5
2.81,8.93,2,1.9,1,1,0,61.5
12.27,24.19,6,6.7,1,0,0,91.3
9.31,46.11,6,6.8,1,0,1,49.1
21.44,27.56,7,2.2,1,0,0,79.4
1.88,8.11,8,9.6,1,0,0,95.6
2.15,22.58,8,1.5,0,0,0,49.8
123.15,6.39,4,7.3,0,0,0,224.7
111.27,4.84,3,9.7,0,0,0,249.8
61.88,19.72,5,7.2,0,1,0,143.7
63.83,21.05,8,7.6,0,0,0,140.3
4.08,8.02,8,1.4,0,0,0,10.3
8.01,5.67,1,8.1,0,1,0,77.8
16.44,3.14,6,1.9,0,0,0,53.3
34.69,3.25,3,2.0,1,1,1,94.2
94.16,4.77,4,4.5,0,0,0,182.5
206.45,7.87,12,5.4,0,0,1,266.5
75.47,2.89,4,4.1,0,0,1,153.4
8.3,3.4,3,3.4,0,0,0,68.1
114.32,4.37,5,3.3,0,0,1,165.1
58.91,6.62,5,7.7,1,0,0,151.0
4.65,2.77,6,9.4,0,0,0,76.6
20.81,4.33,4,6.5,1,0,0,72.8
81.39,12.52,5,9.4,0,0,1,172.8
102.91,4.62,3,1.6,1,1,0,205.3
69.0,7.27,6,8.0,0,0,0,134.4
32.84,8.44,4,5.0,1,0,0,72.8
276.65,8.73,3,2.0,0,0,1,379.7
1.0,5.79,4,9.2,0,0,0,37.9
5.59,4.41,9,4.1,0,0,0,34.8
30.89,17.02,7,6.6,1,0,0,117.2
61.76,0.94,1,5.0,1,0,1,111.1
1.37,3.74,2,2.1,0,0,0,10.0
27.97,18.16,8,6.1,1,0,1,72.9
14.46,2.2,4,4.2,0,0,0,31.9
41.08,5.27,11,7.4,0,0,0,71.2
18.84,76.71,8,9.1,0,0,0,93.1
53.02,16.78,6,2.7,0,1,1,122.2
7.95,12.67,8,4.5,1,0,0,65.3
71.36,7.06,7,3.3,1,1,0,174.1
39.45,14.4,5,6.7,0,0,0,117.8
69.63,26.41,5,3.7,0,0,0,122.0
33.52,16.64,8,4.9,0,0,0,90.7
23.89,27.36,8,5.6,1,0,0,101.9
13.54,7.67,5,4.6,0,0,1,29.3
108.41,5.08,4,4.7,0,0,0,197.5
28.7,2.23,11,2.2,1,0,0,69.1
32.27,11.79,9,2.5,0,0,0,101.9
37.44,12.14,5,8.9,0,0,0,125.2
36.67,4.53,10,2.0,0,1,1,50.4
44.22,7.06,8,8.2,0,0,0,93.0
7.24,1.63,4,7.0,0,0,0,43.5
89.69,2.29,2,7.9,0,0,0,181.8
21.11,5.21,4,9.8,0,0,0,94.3
8.27,5.56,4,2.0,0,0,0,10.0
9.41,3.23,7,1.5,0,0,0,51.0
22.42,1.34,6,7.6,0,0,1,33.8
14.92,12.09,4,2.4,0,0,0,61.0
89.99,38.66,5,6.3,1,0,0,196.2
105.57,23.57,9,5.1,0,0,1,134.6
62.22,9.12,4,8.8,0,0,0,129.0
83.51,5.98,5,8.3,1,1,1,160.9
1.0,17.17,9,5.3,0,0,0,29.5
4.48,10.4,6,4.8,0,0,0,53.1
83.04,10.66,9,4.8,0,0,0,145.1
31.75,1.36,3,6.3,1,0,0,105.7
140.74,21.1,4,5.6,0,0,0,214.4
94.69,4.87,5,5.7,0,1,0,193.1
20.63,8.59,9,8.0,1,0,1,63.3
19.34,3.42,3,6.1,1,1,1,65.6
107.08,14.33,10,9.2,0,0,1,160.6
28.53,4.55,2,6.1,0,0,0,73.4
29.81,100.0,2,9.7,1,0,0,148.0
38.26,4.2,1,9.1,1,1,1,101.1
72.78,4.06,5,4.5,0,0,0,177.2
22.5,17.44,3,9.4,1,0,0,101.9
27.04,12.74,10,4.9,1,0,1,45.4
29.82,45.74,3,1.9,0,1,0,90.4
91.05,9.07,5,3.3,1,1,0,235.7
26.98,59.7,5,3.0,0,0,0,104.4
89.39,11.6,7,4.2,1,1,1,168.0
40.35,9.19,4,7.7,0,0,0,106.5
45.82,3.93,7,9.1,0,1,0,143.9
50.87,11.16,6,4.8,1,1,0,122.8
24.16,1.05,4,4.9,0,0,0,56.1
46.7,8.56,6,2.0,0,0,1,92.8
9.8,2.47,6,6.8,0,0,0,56.9
19.03,2.51,8,4.2,0,0,0,62.0
95.59,13.38,6,1.6,0,0,1,130.6
22.62,5.79,5,9.2,1,0,0,87.6
24.63,3.33,4,2.4,0,0,0,45.8
115.0,60.75,1,3.3,0,0,0,225.1
20.84,3.71,5,2.1,0,0,0,25.4
52.24,6.54,7,4.3,0,1,1,119.8
144.92,1.99,3,8.6,0,0,0,268.3
316.98,6.3,5,5.0,0,0,1,416.6
38.47,16.3,5,3.3,0,0,0,73.1
47.07,10.36,8,8.4,0,0,0,96.8
28.5,5.34,6,6.1,0,0,0,99.1
69.29,48.69,6,3.5,1,0,0,172.4
63.55,2.44,3,6.2,1,0,0,161.3
23.95,9.86,3,5.4,1,0,0,100.8
2.89,18.13,4,7.7,0,1,0,84.6
49.19,11.37,4,5.0,1,0,0,134.5
1.72,19.73,8,9.9,0,0,0,40.7
50.87,6.15,8,3.2,1,1,0,124.0
84.18,28.08,5,6.1,1,0,0,197.2
42.96,7.64,2,3.7,0,1,0,129.6
20.25,10.84,6,7.5,0,1,1,83.9
35.01,2.73,5,9.0,1,0,0,101.7
22.24,13.32,7,5.7,1,0,0,87.5
5.87,2.91,3,1.8,0,0,0,30.9
19.08,0.66,3,3.1,0,0,0,58.1
33.41,12.36,5,2.4,1,0,0,72.5
20.95,13.64,7,4.5,0,0,0,64.1
1.16,29.32,5,9.8,0,0,0,88.6
4.85,8.95,1,8.9,0,0,0,79.0
6.56,12.76,4,8.5,1,0,0,96.5
26.8,21.41,10,8.6,0,0,0,90.9
1.77,3.91,10,3.9,0,0,0,20.4
32.56,2.31,7,7.7,0,0,1,58.5
3.2,6.0,9,1.1,1,0,0,16.4
121.33,2.66,8,4.3,1,0,0,219.2
253.14,23.07,6,7.1,0,0,1,349.0
23.89,3.89,5,3.0,0,0,0,63.4
76.12,6.08,2,3.4,0,0,0,133.1
112.7,29.42,4,7.0,0,1,0,259.0
93.37,21.54,4,6.0,0,0,0,178.8
40.75,7.6,0,6.8,0,0,0,95.2
30.18,15.77,3,6.2,0,0,0,101.6
19.64,7.79,4,9.5,0,0,0,90.5
4.55,6.21,4,9.7,1,0,0,88.3
176.02,25.4,6,3.4,1,0,1,230.5
3.13,12.33,10,6.7,1,0,0,72.8
10.37,9.32,7,6.1,0,0,0,50.1
35.4,5.81,5,1.5,0,0,0,48.4
4.36,2.81,4,2.2,0,1,0,25.2
61.07,6.97,6,4.5,0,1,0,135.2
1.0,21.5,6,3.9,0,0,0,11.0
94.93,16.95,3,3.7,1,0,1,153.4
126.41,5.33,11,2.7,1,0,1,161.3
56.77,14.01,2,9.8,1,0,0,162.7
50.39,2.89,5,8.9,0,0,0,117.2
44.75,7.72,7,1.5,0,0,0,65.1
3.78,24.44,3,10.0,0,1,1,77.0
20.68,15.95,9,1.2,0,0,0,44.9
49.95,69.76,2,1.8,0,0,0,132.9
11.86,8.5,7,6.9,0,0,0,52.4
1.0,36.59,4,2.5,0,1,0,38.8
37.83,3.34,4,2.4,0,0,0,88.6
21.86,24.13,4,2.6,1,0,0,67.4
13.2,2.76,1,10.0,0,0,0,86.0
82.39,9.71,3,5.3,0,0,0,169.9
60.61,18.39,7,5.9,0,0,0,132.5
52.17,0.76,1,6.9,1,0,1,94.5
173.93,3.71,8,8.8,1,0,1,266.7
53.15,5.71,3,5.0,0,0,0,126.3
65.45,12.34,3,4.0,0,0,1,114.0
14.91,5.89,4,1.0,0,0,0,34.7
71.98,2.13,3,2.0,1,0,1,109.7
39.53,11.57,2,5.9,1,0,0,105.1
41.75,1.03,4,9.6,0,0,0,123.5
7.54,41.74,10,6.0,1,0,0,73.2
66.42,2.6,8,9.3,0,0,0,160.3
54.88,4.78,11,9.5,1,0,0,142.8
8.15,3.83,7,1.7,1,0,0,29.0
9.89,7.21,1,8.0,0,0,0,89.0
99.5,3.12,3,4.2,0,0,0,193.5
48.21,1.13,2,9.4,0,0,0,112.7
8.27,5.94,3,9.7,0,0,0,80.8
12.15,2.31,4,2.0,0,0,0,41.3
31.61,10.82,5,1.2,0,0,0,80.6
115.74,1.99,6,1.8,0,0,0,202.7
35.14,1.78,1,5.5,0,0,1,78.7
9.98,3.59,6,2.5,0,1,0,41.5
94.14,13.35,7,1.0,0,0,0,149.2
27.01,6.26,6,9.5,1,1,0,130.6
59.37,59.03,6,7.8,0,0,0,163.1
7.22,41.0,4,4.2,0,0,0,67.6
72.48,24.05,6,9.4,0,1,0,205.9
125.31,8.02,5,3.2,1,1,0,246.7
86.58,6.46,5,2.1,0,1,0,167.5
1.56,52.89,6,1.1,0,0,0,27.5
44.26,3.76,7,3.9,0,0,0,48.9
43.12,10.28,5,8.7,1,0,0,123.7
84.67,6.25,4,4.7,1,0,0,170.6
259.67,4.43,2,4.2,0,1,1,373.2
134.32,8.79,1,3.3,1,0,1,203.6
5.41,6.43,5,6.2,0,1,0,56.6
71.51,20.62,3,7.6,0,0,1,139.9
131.58,2.08,4,4.3,0,1,0,241.3
26.17,4.07,8,9.2,0,1,0,131.3
132.66,4.6,8,1.3,1,0,1,188.1
117.27,14.0,3,3.3,0,0,0,218.3
51.11,7.38,2,7.4,0,0,0,128.3
119.03,2.58,3,6.1,0,1,0,246.2
67.32,2.32,5,9.3,1,0,0,162.8
49.23,32.11,3,2.6,1,0,0,135.6
18.74,16.8,5,1.5,0,0,0,60.1
40.86,1.64,8,4.1,0,0,0,91.9
57.04,9.31,6,4.9,1,0,1,95.8
36.81,7.78,7,9.8,1,0,1,94.3
34.79,18.65,8,4.5,1,0,0,106.6
112.55,7.14,7,3.3,1,1,0,255.2
209.21,14.42,5,9.9,0,0,0,390.7
63.05,5.21,6,9.9,0,0,0,130.1
21.0,2.85,4,7.8,0,1,0,97.7
113.26,1.88,6,7.0,0,0,1,167.7
86.49,8.97,6,8.0,0,0,0,177.1
67.54,3.02,9,5.7,0,0,0,126.3
24.68,5.97,4,2.6,0,0,0,57.9
46.16,19.17,3,5.5,0,0,0,122.5
24.46,6.65,5,5.6,1,0,0,81.9
9.51,2.36,2,8.6,0,0,0,81.7
75.01,3.48,4,2.9,0,0,0,131.1
60.15,15.57,7,6.4,0,0,0,118.4
17.98,3.64,2,9.9,0,0,0,88.4
35.72,9.6,5,4.7,1,0,0,88.9
45.37,27.25,9,9.3,1,0,0,150.5
81.93,2.82,4,4.8,0,0,0,166.8
1.43,19.87,5,9.6,0,1,0,102.7
102.81,21.01,6,1.1,1,0,0,168.9
24.0,16.66,4,2.8,0,1,0,61.8
36.95,5.78,8,6.4,0,1,0,135.3
31.29,9.5,4,10.0,1,1,0,121.5
77.78,6.72,7,1.8,0,0,0,141.9
54.24,7.29,9,2.9,0,0,0,106.7
68.49,3.13,7,5.7,0,0,0,134.1
176.99,1.46,5,1.7,0,0,1,230.7
75.4,2.17,6,9.1,0,0,1,122.8
66.43,35.19,5,10.0,0,0,0,189.8
7.31,64.79,3,1.1,1,0,0,78.9
21.72,100.0,7,2.5,0,0,0,136.8
45.11,6.08,2,7.8,0,0,0,118.9
17.54,3.73,3,9.6,0,0,0,84.1
53.06,11.19,10,3.8,0,0,1,61.3
15.24,3.93,4,5.4,0,0,0,68.9
19.12,41.75,3,8.4,0,0,0,67.6
1.69,8.19,3,5.3,1,0,0,25.5
13.17,12.7,1,9.8,0,0,0,91.3
35.83,1.61,4,9.1,1,0,0,124.5
50.3,18.08,6,6.5,0,1,0,130.7
29.12,2.23,4,1.9,0,1,0,64.1
20.81,20.49,4,1.7,0,0,0,57.3
41.62,2.85,5,9.2,0,0,0,103.9
3.24,2.51,5,5.5,0,0,1,16.7
15.95,11.68,7,2.2,0,1,0,69.4
24.39,6.66,4,6.3,0,1,0,142.2
32.69,1.58,5,6.4,1,0,0,87.5
82.34,3.25,1,7.8,1,0,1,145.5
70.0,12.01,1,5.3,1,1,0,181.7
31.97,3.82,5,3.7,0,0,0,60.0
33.88,5.07,8,2.8,1,0,1,41.1
60.59,6.4,3,9.7,0,0,0,149.0
34.84,3.17,6,5.8,0,0,0,82.2
7.09,3.56,6,6.5,0,0,0,39.2
30.94,2.81,9,1.5,0,0,0,56.1
46.12,32.12,3,1.9,0,0,0,101.9
44.09,21.48,5,7.7,0,0,0,86.6
6.84,6.82,5,7.2,0,0,0,86.9
176.0,5.83,5,4.3,0,1,1,258.9
22.9,17.65,1,3.9,0,0,0,58.3
220.62,5.33,6,8.8,0,0,1,293.0
85.19,0.99,5,9.3,0,0,0,206.4
13.77,3.92,4,7.9,0,0,0,54.2
125.2,10.5,7,1.8,0,0,0,174.1
13.16,5.31,9,9.2,0,0,0,56.6
7.4,9.77,4,4.2,0,0,0,53.1
27.53,11.02,3,3.1,0,0,0,64.0
7.61,44.45,6,9.4,0,1,0,74.9
2.46,7.05,6,7.8,0,0,0,45.3
19.65,31.64,6,6.8,0,0,0,68.2
17.56,13.27,5,5.0,0,1,0,92.8
128.63,5.01,6,6.2,0,0,0,224.7
27.54,45.52,3,6.7,1,0,0,122.1
233.83,62.18,3,9.5,0,0,1,394.8
6.56,5.07,5,2.5,0,0,0,31.3
37.91,6.42,5,7.6,1,1,1,107.9
63.6,22.1,6,4.5,0,1,0,158.8
18.51,20.43,3,9.5,0,0,0,98.0
7.88,5.16,5,3.5,0,0,0,19.7
47.68,11.89,5,5.5,0,0,0,88.6
43.62,5.81,8,1.7,1,0,1,89.6
20.44,0.86,6,9.7,0,0,1,102.1
15.01,13.8,4,4.2,0,0,0,31.4
95.35,20.54,3,4.9,0,0,1,148.2
151.96,0.78,3,3.9,1,1,1,240.8
60.17,21.96,11,7.5,0,0,0,135.9
34.74,3.65,5,10.0,0,0,0,112.9
4.8,5.18,3,1.1,0,0,0,10.0
5.56,3.36,6,8.5,1,0,1,34.2
30.88,20.71,5,6.5,0,0,0,111.0
115.48,7.68,6,2.8,0,0,1,162.3
73.73,1.03,7,1.7,1,0,0,123.3
58.99,4.94,3,1.5,0,0,0,92.3
15.0,15.42,6,4.7,1,0,1,52.3
7.41,17.24,7,8.1,0,0,0,63.3
112.89,6.19,6,2.4,1,0,1,144.5
10.37,6.12,5,5.3,0,0,0,58.5
13.28,23.46,7,1.5,1,0,0,48.6
72.38,7.58,2,3.7,0,0,0,114.3
75.53,17.19,6,6.2,0,1,0,185.2
57.98,1.84,4,5.4,0,0,0,169.6
7.83,5.05,5,3.4,0,0,0,17.9
10.36,6.98,5,2.5,0,0,0,42.9
90.33,67.39,7,3.7,0,0,0,179.9
19.36,4.55,6,2.3,0,1,0,85.0
40.47,4.91,6,8.3,0,1,0,129.7
82.35,14.98,4,9.8,0,0,0,198.8
16.46,15.26,4,2.3,0,1,0,43.7
9.66,8.62,1,1.2,1,1,0,61.7
21.9,16.62,6,8.1,1,0,1,40.7
37.01,9.05,6,3.5,0,0,0,73.5
28.99,40.69,3,2.7,0,0,0,89.8
16.19,31.1,4,7.7,1,0,1,73.9
25.5,19.39,7,6.7,1,0,0,93.8
69.21,17.15,2,3.7,0,0,0,149.3
40.74,66.84,7,9.6,0,0,0,136.0
18.68,8.34,1,1.9,0,0,0,34.4
35.4,3.18,7,6.2,0,0,0,88.8
72.46,11.98,4,3.4,1,0,0,147.2
17.33,13.99,5,9.5,0,0,0,111.5
10.28,5.38,5,9.0,1,0,0,95.8
40.0,14.59,8,1.4,0,0,0,91.1
32.68,2.04,0,7.7,0,1,0,114.4
44.5,8.48,6,9.9,1,0,0,133.9
5.87,99.44,4,7.8,0,0,0,110.1
12.34,17.4,6,2.0,0,1,0,45.1
3.21,16.23,3,6.5,0,0,0,37.3
90.76,2.49,3,6.1,1,0,1,132.6
25.28,1.65,6,4.1,0,0,0,50.2
111.88,3.84,9,3.5,0,0,0,192.2
145.55,22.61,6,5.6,0,0,0,265.7
3.02,24.48,5,9.1,0,1,0,86.6
28.79,26.67,3,9.3,0,1,0,133.9
28.77,54.32,7,3.9,0,0,0,89.3
52.24,21.96,2,2.7,0,0,0,108.4
3.69,4.25,6,5.6,0,0,0,32.5
136.46,4.79,7,5.6,1,0,1,166.4
76.96,6.35,7,2.3,0,0,0,126.7
1.16,0.9,4,4.6,0,0,0,26.8
10.42,2.03,8,6.8,0,0,0,39.2
87.07,8.43,9,2.5,0,0,0,134.8
12.63,4.13,4,3.7,0,0,0,47.0
22.93,9.87,5,7.2,0,0,0,74.4
52.74,6.79,9,8.5,1,0,0,143.3
3.61,18.56,10,7.7,1,0,0,36.4
56.16,25.75,8,9.3,1,0,0,166.9
15.76,6.73,0,8.7,1,0,0,115.1
9.41,2.55,9,4.9,0,0,1,37.0
5.21,13.62,5,9.1,0,1,0,52.7
8.49,35.72,4,4.6,0,0,0,63.7
40.16,3.65,2,3.1,0,0,0,70.9
138.69,4.63,3,6.6,1,0,1,195.9
57.19,3.0,4,9.8,1,0,0,147.5
29.95,3.12,5,8.1,0,0,0,94.4
173.99,1.27,4,6.8,0,0,1,270.8
13.73,8.16,6,8.3,0,0,0,72.3
87.49,26.02,3,1.6,0,0,0,152.0
8.83,28.99,4,2.4,0,0,0,70.0
12.68,4.26,3,7.3,0,1,0,103.5
32.98,13.52,5,4.7,0,0,0,60.7
5.41,2.06,3,9.0,0,0,0,34.8
17.16,10.3,6,2.0,1,1,0,51.5
55.47,0.42,3,4.4,1,0,1,82.6
31.08,10.37,6,6.9,0,0,0,81.9
41.46,5.63,2,2.4,1,0,0,71.8
2.64,3.28,2,4.7,0,1,0,81.6
14.42,39.75,10,8.8,0,1,0,81.3
72.75,4.33,7,1.4,0,0,0,112.0
42.63,6.29,3,9.3,0,0,0,116.5
1.0,1.89,10,5.7,0,0,0,41.9
46.03,4.36,9,6.4,0,0,0,111.9
7.14,4.53,7,3.1,0,0,0,10.0
7.09,16.83,7,4.8,1,1,0,47.6
132.37,45.62,7,8.8,1,0,1,228.5
172.48,20.27,6,7.8,1,1,1,294.5
37.46,34.68,3,9.6,0,0,0,138.3
44.76,31.0,9,7.4,1,1,0,156.0
26.13,5.54,6,4.0,0,0,0,85.4
107.42,30.97,2,8.9,1,0,0,257.4
36.97,7.25,2,4.1,0,0,0,110.3
131.32,2.18,3,3.2,0,0,0,231.9
12.55,5.6,4,1.6,0,0,0,77.2
4.98,4.41,7,3.6,0,0,0,43.4
218.74,19.1,10,3.0,1,0,1,287.3
34.01,4.98,3,9.8,0,1,0,146.8
47.68,12.2,10,6.3,0,1,0,113.5
20.98,10.69,4,1.8,1,0,1,40.1
7.17,7.51,6,7.5,1,0,0,71.6
91.93,8.29,3,8.4,0,0,0,204.2
7.81,7.33,8,1.1,1,0,1,10.0
34.88,2.29,7,5.6,1,1,0,130.2
88.9,4.68,6,7.0,0,0,0,171.5
53.99,16.3,5,1.7,1,0,1,94.6
56.13,2.33,5,1.8,0,0,0,101.3
13.1,9.54,6,8.1,1,0,0,81.0
37.3,10.23,10,7.6,0,0,0,90.0
2.13,2.47,2,7.9,0,0,0,50.1
3.11,21.18,3,1.5,1,0,0,48.2
64.19,14.57,1,7.2,0,0,0,147.6
77.12,3.13,10,4.6,0,0,0,110.3
7.49,3.32,5,3.1,1,0,0,41.4
150.88,9.71,6,4.5,0,0,0,218.1
7.0,0.98,4,1.8,1,1,0,40.2
27.24,4.49,2,2.1,0,0,0,49.6
10.95,5.53,6,4.0,0,0,0,50.9
5.2,6.6,7,3.7,0,1,0,88.8
168.85,18.84,6,6.0,1,0,1,240.2
28.88,5.66,9,1.7,0,1,0,76.6
20.05,11.95,6,4.4,0,0,0,79.7
19.88,6.88,5,8.9,0,0,0,86.2
11.68,6.11,12,8.8,1,0,0,40.8
173.49,6.4,2,5.4,0,0,0,291.5
33.56,2.94,8,8.3,0,0,0,99.8
37.77,3.76,3,2.4,0,1,1,95.8
61.99,8.16,9,2.6,0,0,0,138.3
26.19,7.37,8,1.5,0,0,0,56.0
16.38,11.29,3,7.8,0,0,0,102.6
17.32,2.07,3,6.9,1,0,0,68.9
21.41,16.95,6,8.0,0,0,0,48.9
42.98,4.38,3,3.9,0,0,0,96.9
88.81,87.29,4,3.2,1,0,0,246.9
13.9,5.04,6,5.5,0,1,0,62.4
43.85,11.94,4,2.8,1,0,0,133.7
69.43,5.33,3,3.6,0,0,0,147.4
260.47,1.68,2,3.2,0,0,1,353.0
119.14,1.77,4,9.9,0,0,0,232.5
52.1,3.37,6,9.4,1,0,0,148.2
146.79,2.93,6,3.5,0,0,0,213.9
140.4,3.82,5,7.8,0,0,0,255.1
2.28,8.17,8,7.9,1,0,0,64.3
52.61,5.1,6,3.9,0,0,0,108.6
52.68,5.28,6,5.5,0,0,0,118.2
56.45,19.63,3,7.2,0,0,0,143.3
139.46,37.57,4,2.4,0,0,1,213.3
16.93,28.48,7,2.4,0,0,0,50.6
13.48,5.52,4,4.3,0,1,0,49.5
32.66,4.96,3,5.8,1,0,0,111.1
18.1,5.62,3,3.8,0,1,0,75.3
19.24,6.02,7,9.1,1,0,0,87.9
14.25,4.54,8,5.9,0,1,0,79.3
55.61,56.45,4,1.1,0,0,1,85.7
66.26,19.29,3,9.3,0,0,0,165.2
5.22,5.3,4,8.1,0,0,0,69.7
80.19,7.28,3,9.4,1,0,0,193.8
15.6,14.34,4,2.3,0,0,0,59.0
7.08,2.87,2,1.4,0,1,0,28.9
30.52,21.29,5,9.7,0,0,0,114.5
47.56,6.91,3,7.1,0,1,0,138.3
63.93,5.37,6,4.4,0,1,1,114.0
45.87,0.64,5,7.2,0,0,0,105.6
138.92,4.87,7,4.2,1,0,1,191.3
1.03,14.84,4,6.4,0,0,0,49.0
121.21,4.77,2,7.8,0,0,0,256.1
66.09,32.28,6,6.4,0,0,0,149.1
137.52,7.73,8,9.5,1,0,1,227.6
14.34,2.09,4,2.2,0,0,0,42.0
10.55,2.6,4,6.8,0,0,0,47.8
286.6,3.07,5,2.6,0,0,1,378.0
29.5,25.7,2,3.0,0,0,0,75.4
15.94,11.11,3,2.7,0,0,0,61.4
78.58,81.2,5,5.9,1,0,0,212.3
38.49,4.88,5,9.2,0,0,0,88.7
48.39,8.35,9,6.8,1,0,0,114.7
2.82,1.99,5,3.0,0,0,0,35.8
54.75,18.87,3,8.1,0,0,0,131.9
58.82,34.44,5,7.5,0,0,0,149.2
7.39,1.21,10,3.1,0,0,0,34.5
68.25,2.86,9,4.4,0,0,0,116.0
3.61,3.95,4,1.8,0,1,0,58.0
4.92,11.76,3,5.4,0,0,0,53.8
49.27,3.84,6,7.3,0,0,0,127.8
145.04,0.83,6,8.5,0,0,0,275.5
29.17,14.3,5,8.0,0,0,0,77.3
8.8,4.89,6,5.9,0,0,0,69.8
68.43,7.24,5,3.6,0,0,0,152.4
44.54,20.32,6,9.9,0,1,0,148.3
181.28,36.96,5,8.1,0,0,0,353.0
7.52,10.96,4,5.8,0,0,1,43.3
73.1,6.96,9,6.1,0,0,0,148.5
15.14,10.03,4,7.7,0,0,0,100.0
121.51,2.18,4,7.3,0,0,1,202.4
77.67,2.85,13,9.4,0,1,1,143.7
30.48,8.52,7,2.2,1,0,0,69.9
2.29,3.94,8,3.8,0,0,0,17.2
57.61,7.13,7,7.4,1,0,1,94.1
30.98,5.42,6,6.0,1,0,0,95.3
79.97,7.04,4,9.3,0,0,0,173.4
67.47,6.48,3,4.9,0,1,0,166.3
68.97,2.28,3,3.0,0,1,1,136.6
9.4,7.71,6,1.7,1,1,0,67.1
28.67,39.68,5,5.4,0,0,0,92.2
31.75,0.75,4,8.2,1,0,1,81.6
76.82,13.28,3,2.2,0,0,0,142.3
26.01,24.39,7,8.9,0,0,0,99.8
100.26,10.9,3,7.8,0,0,0,200.1
16.08,4.58,2,2.3,1,0,0,49.8
213.89,10.1,3,6.9,0,0,1,308.3
4.63,7.35,6,5.9,0,0,0,60.6
34.36,2.28,6,3.2,0,0,0,96.2
44.44,3.32,6,6.1,1,0,0,109.3
29.22,10.78,4,1.1,1,1,0,89.9
39.74,31.8,9,1.3,0,0,0,47.6
75.38,1.23,3,6.2,0,0,0,151.1
9.33,13.94,2,3.0,0,0,0,26.7
147.59,2.84,4,6.1,1,0,1,232.9
24.92,2.13,4,5.6,0,0,0,53.2
48.69,3.07,5,6.7,1,0,0,135.1
29.11,9.15,6,1.8,0,0,0,86.1
45.74,4.48,6,5.2,0,1,0,127.4
64.54,5.13,8,3.4,0,0,0,98.3
35.38,5.63,4,6.0,1,0,0,98.8
5.91,21.72,3,7.7,0,0,1,54.3
20.26,2.94,4,5.2,1,0,0,85.0
81.7,28.88,3,5.0,0,0,0,143.6
42.17,46.44,4,2.3,0,1,0,110.3
71.04,6.75,3,8.3,1,0,1,163.4
109.53,8.17,6,2.4,0,0,0,204.1
28.87,31.18,4,2.1,1,0,0,87.7
21.77,10.48,9,7.9,1,0,0,69.4
5.91,15.14,7,9.8,0,1,0,81.8
15.79,24.53,4,2.6,0,1,1,80.3
27.37,6.84,6,5.0,0,0,0,71.7
7.09,12.26,5,1.5,0,0,0,27.9
6.0,3.24,5,9.7,0,1,0,108.3
29.46,10.42,5,6.9,0,0,0,94.4
23.29,3.19,5,8.6,0,0,0,75.9
93.72,5.38,5,5.6,1,0,0,201.6
1.43,19.79,10,7.3,0,0,0,43.4
72.02,8.8,7,5.3,0,1,0,150.4
11.69,29.35,3,5.2,0,1,0,90.6
105.82,2.72,3,6.6,0,0,0,226.5
16.67,10.62,6,7.4,1,0,0,93.0
39.99,1.49,3,8.9,0,0,0,118.7
14.64,1.86,5,7.3,1,0,0,64.0
26.55,15.96,9,9.1,1,0,0,122.7
13.6,4.74,4,3.1,0,0,0,56.9
23.35,9.71,4,3.4,0,0,0,60.5
100.07,23.93,4,3.1,1,0,1,168.2
59.32,12.34,6,1.9,0,0,0,129.6
20.38,23.09,9,6.3,0,0,0,51.0
96.36,15.73,6,4.5,0,1,0,174.7
2.64,29.78,9,6.4,0,0,0,46.2
61.07,5.33,4,5.7,0,0,0,140.6
49.24,21.27,5,6.2,1,0,1,98.1
23.46,3.06,4,4.2,1,1,1,89.2
26.6,9.1,7,2.8,1,0,0,90.7
23.83,4.16,8,7.1,0,1,0,78.3
51.22,6.86,7,7.4,0,0,0,110.7
13.59,16.42,4,9.4,1,1,0,102.2
262.03,8.1,3,3.3,0,0,0,414.2
1.0,6.14,5,8.5,1,0,0,60.2
31.36,5.45,5,1.3,1,0,0,64.6
13.02,17.32,1,1.4,0,0,0,46.8
21.88,1.69,5,6.9,0,0,0,52.9
99.43,2.43,5,2.5,0,0,0,198.7
22.1,5.37,4,3.3,0,1,0,72.9
12.04,3.86,5,8.8,1,0,1,53.7
22.85,1.22,3,6.7,1,1,0,128.5
19.28,1.4,2,8.6,0,0,0,72.7
35.45,9.64,8,5.1,1,0,0,122.7
115.07,1.81,5,7.6,0,0,0,223.3
59.58,0.8,5,3.7,1,1,1,122.0
94.9,15.86,4,2.4,0,0,1,154.1
17.92,2.3,4,2.9,0,0,0,54.1
1.5,19.61,3,9.3,1,0,0,72.5
22.46,8.35,4,6.2,0,0,0,88.5
61.39,9.41,6,2.8,1,0,0,121.6
16.14,20.43,1,2.8,0,0,0,68.3
16.19,6.3,5,6.9,0,1,0,61.6
4.88,11.52,6,6.9,0,0,0,56.9
11.66,2.91,6,8.0,1,0,0,90.4
66.02,11.01,5,8.0,0,0,1,148.9
35.44,1.31,4,2.0,0,0,0,67.8
3.47,13.96,4,2.2,0,0,0,25.9
295.54,1.38,7,4.5,0,1,1,405.9
41.9,48.89,2,8.7,1,1,0,164.9
8.45,1.5,6,1.2,0,0,0,10.0
2.48,3.64,5,8.2,0,0,0,69.5
40.79,18.01,5,1.8,0,0,0,106.6
14.57,26.0,4,8.0,0,0,0,61.5
14.44,18.96,2,2.1,0,1,0,70.6
34.17,16.05,5,9.4,0,0,0,123.6
31.2,11.71,8,6.9,0,0,0,74.5
22.3,5.41,7,6.4,0,0,0,59.1
82.8,10.79,2,9.7,1,0,1,147.4
25.54,5.28,10,7.1,1,0,0,81.4
29.74,7.81,9,5.9,1,0,1,60.3
49.47,6.28,4,9.9,0,0,0,121.9
62.73,3.24,4,8.5,1,0,1,128.2
23.24,6.66,5,8.7,0,0,0,81.2
36.76,5.4,6,4.8,0,1,0,95.7
34.88,22.52,6,1.1,0,0,0,58.6
105.6,12.1,3,5.9,1,0,0,203.7
27.01,3.94,6,6.4,0,0,0,74.2
30.85,0.46,5,1.2,0,0,0,79.3
42.87,7.15,2,4.9,0,0,1,52.4
54.72,10.26,5,4.1,1,0,1,89.5
1.0,3.0,3,4.5,0,0,0,48.7
52.75,4.28,4,7.4,0,1,0,155.9
8.26,3.95,6,8.0,0,1,0,84.4
186.33,36.11,6,9.7,0,1,0,371.5
22.15,19.56,3,6.6,1,0,0,121.0
32.87,1.3,5,8.3,1,0,0,115.6
3.54,13.43,4,3.6,1,0,0,67.7
102.85,18.02,1,2.2,0,0,1,157.2
14.22,8.46,6,5.7,1,0,1,59.4
18.3,28.89,5,5.4,1,1,0,111.9
48.48,5.82,2,7.4,0,0,0,142.5
1.0,7.67,6,4.4,0,0,0,29.6
234.35,28.31,3,2.8,0,1,0,412.1
35.41,5.43,6,5.1,1,0,1,59.9
89.94,33.31,4,5.7,0,0,0,182.4
118.82,19.09,3,6.2,0,0,1,190.7
1.0,11.34,9,6.2,0,0,0,21.3
27.95,9.66,1,7.1,1,1,0,120.9
110.25,14.25,1,1.9,1,0,0,233.6
58.97,1.42,7,6.2,1,0,0,147.6
67.21,5.14,4,9.5,0,0,0,173.4
40.09,27.37,6,7.5,0,0,0,116.7
186.82,2.68,0,8.2,0,0,0,344.8
5.45,1.34,2,1.2,1,0,0,40.9
102.09,1.89,4,3.8,0,1,1,185.3
56.62,30.74,6,4.9,1,0,1,91.6
39.67,7.68,2,9.9,1,0,0,92.2
55.28,1.61,3,3.9,0,0,0,126.1
76.65,15.38,2,9.4,0,0,0,185.5
10.24,13.77,4,3.1,0,0,0,31.1
12.47,5.25,5,6.0,0,0,0,53.4
14.05,10.53,7,2.6,0,0,0,64.0
21.28,12.8,7,2.3,0,0,1,54.5
41.73,4.46,6,1.3,1,0,0,109.8
120.96,28.78,5,4.9,0,0,1,195.2
14.66,5.02,4,4.4,0,0,0,22.3
40.31,1.62,9,4.6,0,0,0,96.8
188.0,3.74,4,1.8,0,0,1,259.3
56.52,3.46,6,2.1,1,0,1,74.5
28.01,9.93,8,8.1,0,1,0,110.7
3.86,1.66,1,3.5,0,0,0,57.2
19.56,0.31,1,2.9,0,0,0,64.6
19.39,3.59,11,1.1,1,0,0,19.5
56.02,14.09,3,9.0,0,0,0,127.9
9.38,21.83,7,2.9,0,1,0,52.7
33.99,12.52,7,6.3,1,0,0,87.1
25.51,12.63,3,4.5,0,0,0,84.0
7.56,26.62,3,7.3,0,1,0,108.8
109.67,5.97,3,4.6,0,0,0,197.3
48.54,5.11,2,6.1,0,0,0,123.2
55.97,0.81,7,9.2,0,1,0,154.9
25.15,12.8,7,5.1,0,1,0,77.0
90.92,3.87,5,3.4,1,0,0,163.5
130.31,10.57,2,7.9,0,0,0,238.4
1.25,6.27,5,9.7,0,1,0,87.8
29.88,11.63,4,8.6,0,0,0,75.4
55.64,0.91,8,9.4,0,0,0,134.5
90.67,9.23,2,6.9,1,0,1,140.5
77.57,4.69,6,1.3,1,0,1,107.1
197.0,10.94,7,2.8,1,0,1,274.0
70.99,25.45,4,3.1,0,0,0,168.8
6.68,1.55,4,3.0,0,0,0,32.8
8.68,8.36,7,3.5,0,1,0,32.3
152.01,4.46,4,2.3,1,0,1,189.7
1.23,9.41,6,5.6,0,1,0,63.7
23.66,8.21,9,7.3,1,0,0,80.9
28.23,4.03,4,4.0,0,0,0,65.2
15.01,9.45,7,5.8,0,1,0,92.6
65.47,2.93,3,1.6,1,0,1,73.3
89.44,25.19,2,6.5,0,0,0,192.0
156.61,1.97,4,7.3,0,0,1,231.1
170.68,8.22,7,6.0,0,0,1,252.6
24.86,10.7,8,9.1,0,0,0,107.5
145.56,100.0,5,9.0,1,0,1,269.6
33.22,1.87,7,5.4,0,0,0,65.5
89.55,13.98,4,4.6,0,0,1,163.8
77.51,9.65,4,2.7,0,1,0,139.5
12.71,5.15,5,6.1,0,0,0,49.9
42.28,19.84,7,1.9,0,1,0,116.4
177.41,5.45,4,7.1,1,0,1,254.6
37.39,4.53,2,1.5,0,0,0,90.8
36.95,2.63,4,8.1,1,0,0,124.6
49.31,3.87,7,7.1,0,0,0,106.0
132.17,5.04,6,3.0,0,1,0,205.0
24.54,64.64,5,9.5,0,0,0,116.4
1.94,15.58,5,2.1,0,0,0,31.0
9.95,10.3,5,9.3,0,0,0,62.3
161.33,17.23,7,8.1,1,0,1,244.7
15.13,16.57,5,1.1,0,1,0,90.4
68.07,3.56,7,6.6,0,0,0,143.4
24.19,8.41,6,9.7,0,0,0,99.3
1.91,4.34,2,3.6,0,1,0,32.4
20.08,10.31,4,4.1,1,0,0,78.4
26.62,93.42,4,2.4,0,0,0,107.2
13.18,3.01,12,6.6,1,1,1,48.5
174.28,0.89,6,6.0,0,0,1,255.4
234.41,24.55,4,7.8,1,0,1,372.2
16.18,25.78,7,2.6,1,0,0,34.1
160.19,13.62,6,3.9,1,0,1,238.6
126.27,15.31,1,7.9,1,0,1,209.7
148.71,13.05,3,5.7,0,0,0,251.0
66.69,8.89,8,2.7,0,0,0,126.6
33.54,6.24,3,1.9,0,0,0,62.7
26.51,6.51,3,1.4,0,1,0,66.3
1.44,6.66,11,2.6,0,0,0,10.0
12.05,5.57,0,8.2,0,0,0,72.5
67.23,73.92,6,1.8,0,1,0,147.9
6.02,10.16,2,1.6,1,1,0,42.0
1.0,3.27,5,4.3,0,0,0,10.0
78.33,6.27,11,5.1,1,0,1,104.2
24.87,97.92,10,7.9,0,0,0,111.2
25.17,1.66,5,6.2,0,0,0,56.6
15.86,3.05,3,4.1,0,0,0,52.9
91.62,4.57,1,4.1,1,0,0,194.1
85.0,1.23,1,4.3,1,0,1,98.5
35.22,8.54,8,3.1,0,0,0,87.7
44.3,16.4,5,3.0,1,0,1,72.9
14.1,2.92,4,8.7,0,0,0,77.3
7.79,37.18,8,9.7,0,0,0,93.9
20.19,10.97,5,1.8,0,0,0,60.4
74.93,3.33,4,7.2,0,0,0,145.2
111.65,6.7,8,1.0,0,0,0,164.0
26.97,96.03,5,3.2,1,0,0,128.5
113.75,6.04,5,6.2,0,0,0,209.4
17.44,11.31,4,3.8,1,0,0,53.5
23.96,30.54,7,3.2,1,0,0,79.7
19.14,7.86,6,2.3,0,0,0,50.4
13.83,31.39,3,9.1,0,0,0,103.2
25.63,5.64,5,2.6,0,0,0,55.1
20.58,7.87,5,2.4,0,1,0,61.1
12.13,6.25,6,3.0,0,0,0,36.5
37.62,8.85,3,9.1,0,0,0,107.7
53.06,5.05,3,1.3,1,1,1,107.0
67.01,38.24,4,2.1,0,0,0,129.0
78.23,5.34,2,8.2,0,0,0,201.8
35.43,14.15,3,8.1,0,0,0,104.5
22.59,13.34,0,3.1,0,1,0,81.5
15.25,8.62,5,3.0,0,0,0,43.1
27.38,0.86,5,8.2,0,0,0,123.5
17.98,13.86,5,3.9,1,1,0,96.0
39.82,2.57,6,1.3,0,0,0,81.4
1.0,16.53,7,7.2,0,0,0,41.5
32.09,19.48,4,7.9,1,1,0,117.0
67.32,7.81,5,5.5,1,0,1,91.6
16.39,0.99,11,5.4,1,0,0,48.2
102.57,1.5,4,7.9,1,1,0,240.7
10.02,25.43,7,5.9,0,0,0,41.2
78.07,2.05,4,7.0,1,0,1,118.6
67.61,16.63,5,8.6,1,0,1,122.2
25.08,3.99,3,9.1,0,0,1,111.5
1.0,11.25,4,9.7,0,0,0,78.2
5.04,8.34,7,4.9,0,0,0,24.6
40.03,5.88,8,2.0,0,0,0,66.7
131.79,12.55,2,5.1,1,1,1,215.5
29.36,22.47,5,8.3,1,0,0,119.1
71.76,3.61,5,7.4,1,0,0,178.7
8.56,8.68,5,3.0,0,0,0,25.2
80.32,3.62,4,1.5,1,0,0,131.0
15.29,16.48,8,3.9,0,0,0,41.0
6.63,20.07,9,2.6,0,0,0,48.2
31.79,4.14,5,7.9,0,1,0,120.0
35.14,11.88,6,3.8,0,0,0,69.3
44.7,22.31,5,7.2,0,0,0,137.0
31.86,3.39,5,4.7,0,0,0,73.8
27.4,3.3,5,8.7,1,0,0,99.4
50.76,8.76,4,8.4,0,0,0,183.5
64.74,1.94,4,1.7,1,0,0,149.0
26.36,11.25,4,6.6,0,1,0,108.9
86.6,10.23,4,3.4,0,0,0,165.3
22.67,26.0,4,3.9,0,0,0,73.8
113.31,34.89,7,6.5,0,0,0,224.1
10.6,4.1,4,3.1,0,0,0,11.3
43.86,8.42,4,2.1,0,0,0,81.5
125.76,6.76,3,2.6,1,0,1,180.3
12.31,10.45,9,2.4,0,0,0,23.0
211.72,2.06,5,3.2,1,0,1,267.9
82.12,14.81,4,7.3,1,0,1,156.5
25.96,16.99,5,1.5,0,0,0,28.8
33.67,5.57,6,1.6,0,0,0,64.5
4.74,0.97,10,5.4,0,0,0,11.8
29.71,3.98,13,1.6,0,0,0,62.7
231.66,4.72,5,4.6,0,0,0,372.9
248.56,6.68,4,6.2,1,1,1,361.2
8.98,6.16,2,6.9,0,0,0,68.6
1.0,1.72,6,4.6,0,0,0,47.7
7.67,8.8,2,7.6,1,0,0,61.7
41.39,16.83,3,8.9,0,0,0,102.4
120.98,4.23,3,3.6,1,1,1,190.5
1.13,6.26,3,1.4,1,0,0,37.7
21.1,7.04,6,3.2,0,0,0,46.5
259.51,29.36,3,5.2,0,0,1,396.0
39.2,4.17,3,2.2,0,0,0,83.6
34.53,9.88,6,6.2,0,0,1,68.4
3.56,13.24,4,6.6,1,0,0,55.6
22.76,5.03,5,7.6,0,0,0,90.6
29.87,2.67,5,1.7,0,1,0,68.1
34.84,6.52,4,8.0,0,0,0,82.1
113.98,0.8,4,4.9,0,0,0,196.3
118.92,9.65,8,8.8,1,0,0,239.8
27.39,3.0,1,5.8,0,0,0,70.1
1.32,3.63,2,5.3,0,0,1,10.0
101.12,60.49,7,7.5,1,0,1,189.9
41.96,9.25,6,3.7,0,0,1,64.0
9.48,5.23,3,2.0,1,1,0,62.9
47.41,6.02,8,8.9,0,0,0,128.3
42.84,13.4,5,3.7,0,0,0,96.5
22.21,6.93,4,5.8,1,0,1,36.1
3.11,2.37,9,4.8,0,0,0,10.0
1.28,6.27,6,4.6,0,0,0,38.1
58.63,7.93,1,7.1,0,0,0,150.8
5.1,13.0,4,3.6,0,0,0,45.1
122.29,20.75,6,4.6,0,0,0,227.4
7.94,3.34,3,7.3,0,1,0,76.0
39.96,14.52,5,4.4,0,1,0,132.1
74.47,6.21,3,6.0,0,0,0,154.9
97.47,7.02,2,2.2,0,0,0,163.4
108.89,2.11,3,5.9,0,0,0,222.4
40.49,1.6,3,2.6,0,0,0,85.7
13.64,5.23,6,8.5,0,0,0,66.6
11.36,13.44,4,4.1,0,0,0,41.9
29.71,5.79,5,8.6,1,0,0,116.6
49.61,8.88,8,7.3,0,0,0,124.4
98.9,0.56,1,1.9,0,0,0,162.8
35.0,9.95,5,5.0,1,0,0,107.6
60.38,22.37,3,8.5,0,0,0,173.9
58.57,3.69,2,4.8,1,0,1,101.3
6.29,12.77,7,3.7,0,0,0,40.0
84.42,8.36,4,2.6,0,0,0,141.0
28.12,3.09,6,8.4,1,0,1,55.9
2.93,5.36,6,9.8,0,1,0,60.9
42.12,15.82,9,3.3,0,0,0,78.8
118.84,2.47,8,8.4,0,0,0,213.5
71.22,24.85,5,7.4,1,1,0,183.7
6.4,31.74,5,8.5,0,0,0,109.0
80.41,4.2,7,3.3,0,0,0,128.5
2.33,10.11,6,9.5,1,0,0,41.9
42.8,13.4,5,8.8,0,0,0,127.1
6.11,1.37,8,6.0,0,1,0,74.7
46.1,10.26,5,3.2,1,0,0,98.3
8.3,0.43,4,7.1,0,0,0,55.6
112.1,12.17,10,9.1,1,0,1,160.8
52.79,2.01,6,5.6,0,0,0,114.9
28.94,21.8,5,7.2,0,0,0,73.9
118.89,4.08,5,3.7,0,0,1,193.3
9.49,4.08,7,8.7,1,0,0,96.5
105.25,8.35,2,7.7,1,0,0,211.3
6.01,3.65,4,8.3,0,0,0,72.6
73.96,3.31,6,6.7,0,0,1,137.1
7.7,23.67,4,5.8,0,0,0,65.7
8.34,11.86,5,3.0,0,0,0,10.0
98.89,21.71,3,2.4,1,0,1,132.4
29.69,9.6,2,5.2,1,0,0,109.0
14.69,3.65,5,4.7,1,0,0,66.1
53.74,9.16,4,7.7,0,0,0,146.1
98.89,6.99,5,2.6,1,0,1,138.5
26.86,4.67,5,6.8,0,1,1,70.7
16.84,19.93,7,3.5,1,0,0,57.4
16.19,11.11,7,2.6,1,0,0,65.2
57.36,9.7,6,5.0,0,0,0,98.7
61.37,4.86,4,8.4,0,0,0,125.0
122.31,18.71,2,4.9,0,0,1,197.6
1.07,5.0,6,2.0,0,0,0,14.0
7.37,12.0,0,8.7,1,0,1,35.9
44.53,21.04,5,2.8,0,0,0,91.9
17.38,8.05,6,3.6,0,1,0,59.9
29.89,17.18,9,6.6,1,0,0,100.8
130.94,15.29,3,8.7,0,0,1,207.7
5.08,2.16,9,9.5,0,1,0,60.5
52.25,13.39,5,3.0,1,1,1,85.3
81.52,3.67,7,2.4,0,0,0,153.0
6.42,10.46,6,8.8,0,1,0,86.5
52.01,16.38,5,2.1,1,0,0,103.7
89.08,13.93,2,3.9,1,1,1,170.6
11.58,7.29,6,3.3,0,0,0,29.4
7.25,6.06,7,7.3,0,0,0,50.4
3.37,31.5,6,8.8,1,0,0,51.9
65.25,42.61,4,3.1,0,0,0,143.2
26.72,11.03,4,2.7,1,0,0,73.5
34.6,0.93,4,7.1,0,0,0,82.3
5.21,2.06,3,7.5,0,1,0,104.7
6.16,5.22,3,1.4,1,1,0,60.8
56.04,18.51,5,5.8,0,0,0,121.7
26.59,7.83,2,4.8,1,1,0,116.0
91.74,38.87,4,8.7,0,0,0,213.4
77.34,12.41,4,2.9,0,0,0,158.0
77.0,14.9,4,3.7,1,0,0,175.6
98.55,1.28,1,3.9,0,0,0,184.0
94.0,7.65,5,3.7,1,1,0,200.7
39.16,12.6,5,9.1,0,1,0,113.8
16.94,6.28,4,9.4,1,0,0,72.9
41.38,3.97,5,8.5,0,1,0,118.9
13.5,10.64,3,8.6,1,0,0,74.8
10.65,4.62,7,6.2,0,0,0,51.2
35.28,5.5,5,6.6,0,0,0,90.8
48.76,5.19,5,1.9,0,0,0,53.7
29.98,19.14,7,3.8,1,0,1,48.4
82.08,26.45,9,6.5,0,0,0,172.2
43.88,21.75,3,8.1,0,0,0,92.8
190.67,0.51,8,1.4,0,0,0,280.5
9.32,6.01,6,9.0,0,0,0,56.9
18.71,14.53,3,4.1,0,1,0,58.9
3.66,6.13,3,8.6,1,0,0,59.8
34.58,11.5,7,4.5,0,0,0,100.6
2.56,6.71,4,2.7,1,0,0,43.8
52.66,3.73,2,7.0,0,0,0,151.9
14.36,15.22,3,6.7,0,0,0,61.4
70.37,2.92,4,8.5,1,0,1,121.3
2.03,4.87,5,8.3,0,0,0,55.9
20.53,8.93,8,5.9,1,0,0,69.6
133.72,2.25,2,3.1,0,1,1,221.2
3.57,8.18,4,2.4,0,0,0,40.2
104.14,7.02,9,3.1,0,0,1,149.9
20.07,4.69,4,8.9,0,0,0,59.0
1.93,6.46,3,8.4,0,0,0,38.4
115.29,5.46,2,1.4,0,0,1,164.5
28.02,3.08,5,8.2,0,0,0,61.6
28.5,4.67,6,1.3,0,0,0,43.3
58.38,7.58,4,2.3,0,0,0,92.8
31.61,26.01,2,3.0,0,1,0,83.9
75.01,3.28,12,2.0,0,0,0,91.5
41.9,3.84,4,2.2,1,0,0,83.4
19.13,5.45,5,1.7,0,0,0,53.5
50.92,32.06,6,7.1,0,0,0,121.2
4.58,3.36,5,1.4,1,0,0,24.4
33.88,1.75,4,6.8,0,0,1,67.8
20.83,11.14,9,6.7,0,0,0,52.3
25.74,8.6,2,4.1,0,0,0,72.2
56.11,7.26,2,4.0,0,0,1,96.0
8.84,7.4,4,1.9,0,0,0,16.7
1.75,2.07,5,4.3,0,0,0,10.0
104.03,9.6,5,1.3,0,0,1,145.0
95.66,24.4,5,4.9,0,1,0,204.6
125.7,18.92,6,9.8,1,1,0,268.3
61.79,15.71,2,1.9,0,0,0,149.5
107.72,53.37,9,9.0,0,0,0,222.6
19.51,4.4,5,1.5,0,0,0,33.7
8.12,5.52,5,7.5,1,0,0,86.6
59.35,2.9,5,9.2,0,0,0,134.5
21.73,43.43,2,9.3,1,0,0,143.3
15.95,7.98,5,3.0,1,0,1,20.8
44.85,13.18,0,5.0,0,0,0,108.6
7.82,7.06,2,2.6,0,0,0,51.8
44.92,3.19,8,2.5,0,0,1,50.5
103.41,4.21,7,3.7,0,0,1,136.3
58.31,4.43,6,6.9,0,0,0,153.3
35.7,2.24,5,9.5,0,0,0,116.9
33.33,1.06,5,9.1,0,0,0,101.5
19.17,10.19,9,9.7,0,0,0,83.6
71.19,11.07,4,9.1,0,0,1,172.5
136.63,15.45,6,2.6,0,0,0,234.1
32.16,17.84,6,8.0,1,0,0,111.3
107.38,3.37,4,2.3,1,0,1,147.1
1.13,43.29,5,2.3,1,0,0,36.1
10.52,15.28,8,7.3,0,0,0,54.9
2.67,9.3,6,5.7,0,0,0,43.6
38.27,11.87,6,6.1,0,0,0,105.4
20.02,1.81,10,8.2,1,0,1,33.6
92.36,5.55,7,2.8,1,0,1,143.3
57.3,18.44,7,4.4,0,1,0,141.8
48.27,2.9,3,2.2,0,0,0,107.1
6.7,5.34,1,9.0,0,0,0,51.9
16.28,3.04,7,7.9,0,0,0,63.9
64.64,35.2,2,5.1,0,0,0,134.3
11.27,47.41,5,5.6,0,1,0,78.8
60.09,3.77,2,9.1,0,0,0,156.6
115.47,53.44,2,2.0,0,0,0,211.2
101.98,4.51,6,7.2,0,0,0,182.0
1.54,7.24,1,3.3,1,0,1,31.3
106.36,5.88,9,9.2,1,1,0,217.6
17.22,15.0,5,4.5,0,1,0,120.6
28.56,1.01,2,1.1,0,0,0,57.0
37.82,37.43,7,6.8,0,0,0,92.7
26.43,6.23,4,2.5,0,1,0,78.2
49.56,2.71,5,8.8,0,0,0,121.5
90.05,3.38,4,2.7,0,0,0,138.0
59.53,3.1,4,3.1,0,0,0,122.9
13.65,3.45,3,6.8,1,0,0,75.3
125.6,24.95,6,8.5,0,1,1,241.8
59.29,2.39,2,1.2,1,0,1,95.3
7.34,3.51,8,5.0,0,0,0,24.5
65.44,11.64,5,2.3,1,0,1,91.7
1.73,34.29,5,5.1,0,0,1,37.7
49.02,4.57,5,7.6,0,1,0,144.2
129.29,11.2,5,3.4,1,0,1,187.8
42.77,26.73,4,4.7,0,0,0,94.1
18.33,18.24,9,1.6,0,0,0,51.4
222.41,11.53,5,8.8,0,0,1,337.7
82.65,49.72,4,8.0,0,1,0,217.7
14.24,10.09,5,4.3,0,1,0,68.9
3.75,17.91,1,3.4,0,1,0,76.2
169.2,2.62,5,8.8,1,0,1,272.3
1.8,0.93,5,6.2,0,1,0,70.2
56.42,8.05,4,7.0,0,0,1,90.1
204.24,34.19,9,4.8,0,0,1,317.8
14.03,10.1,4,2.9,0,0,0,56.9
130.16,8.42,5,2.7,0,0,1,176.1
27.33,3.53,6,2.8,0,1,0,87.9
13.44,4.55,6,3.3,0,0,0,39.2
4.28,11.7,9,9.6,0,0,0,64.8
45.96,16.79,4,8.3,0,0,0,147.9
59.44,100.0,5,1.4,0,1,0,170.1
51.84,3.81,4,8.5,0,0,0,145.1
46.46,6.17,4,9.3,1,0,0,132.1
48.53,6.34,10,3.6,0,0,0,104.3
35.97,30.69,4,6.5,1,1,1,118.4
12.04,5.04,7,7.3,0,0,0,63.4
46.52,0.78,3,1.8,1,0,0,103.0
109.3,16.7,4,3.0,0,1,0,206.8
1.0,1.12,3,4.1,0,0,0,35.9
202.08,18.68,3,6.4,0,0,1,293.6
180.1,0.29,3,3.8,1,1,0,336.0
15.51,17.37,3,4.9,0,0,0,62.7
27.59,7.91,4,1.7,0,1,0,75.3
41.63,17.25,4,3.5,1,0,0,120.3
93.42,2.05,6,9.7,0,0,0,185.4
3.15,20.09,4,9.0,0,0,0,58.2
12.86,8.72,4,7.7,0,0,0,93.3
53.96,7.04,3,2.1,1,0,1,102.6
3.18,1.56,4,8.9,0,0,0,44.5
111.59,17.27,3,1.9,1,0,0,222.6
108.72,8.76,7,3.4,0,0,0,191.7
5.19,3.75,6,2.7,0,0,0,13.8
26.85,13.47,3,2.6,0,0,1,50.3
35.69,2.21,4,7.2,0,0,0,87.9
52.34,34.26,4,2.2,1,0,0,128.2
39.06,3.88,4,8.9,0,1,0,116.3
1.0,10.67,6,4.7,0,1,0,50.6
6.93,5.66,4,1.4,1,1,0,45.9
89.33,2.6,5,8.6,0,0,0,177.3
77.63,6.46,7,7.3,0,0,0,144.9
1.0,11.47,4,8.1,0,1,0,53.6
1.0,6.89,3,5.2,0,1,0,66.1
95.24,6.16,7,8.4,0,0,0,194.8
22.42,30.02,5,1.3,0,1,0,76.3
26.11,4.35,5,6.6,0,0,0,67.7
144.3,37.6,5,1.4,0,1,0,252.9
113.66,9.0,5,3.1,0,0,1,160.7
24.76,8.36,8,7.1,0,0,0,56.9
80.12,8.28,7,4.5,0,0,0,139.5
30.21,6.43,3,7.7,0,0,0,105.7
28.08,4.46,5,2.5,1,1,0,86.5
1.0,23.19,3,6.8,0,0,0,48.2
78.87,1.68,3,5.1,0,0,1,138.0
82.43,1.2,12,2.3,0,0,1,59.7
72.27,20.58,3,7.1,0,0,1,142.3
167.7,1.19,7,7.6,1,0,1,259.4
2.45,100.0,5,9.6,0,0,1,116.9
170.43,12.35,6,9.8,0,1,1,294.7
97.76,37.2,4,6.9,0,0,0,212.8
6.26,17.09,4,5.8,0,0,0,69.6
2.16,2.98,9,7.0,1,1,0,51.1
1.04,4.05,7,5.1,0,0,0,52.3
6.2,0.58,5,4.6,0,0,0,53.8
85.61,21.93,8,1.9,1,0,0,142.3
23.13,12.85,4,9.0,1,0,1,82.4
48.58,40.67,8,8.2,0,0,0,115.5
25.03,2.82,4,9.6,1,0,0,117.8
42.4,13.55,5,7.3,0,0,0,110.5
16.3,34.61,5,3.2,1,1,1,74.1
114.32,3.6,2,6.6,0,0,0,235.4
48.18,19.72,6,4.1,0,0,1,86.4
31.3,9.06,10,6.0,0,0,0,61.1
16.22,4.69,2,8.0,1,0,0,127.4
17.59,7.7,4,9.8,1,0,1,74.6
59.53,19.33,5,2.4,1,0,1,100.0
26.38,7.27,3,4.3,0,0,0,83.6
41.59,3.15,8,9.4,0,0,0,127.8
218.87,2.36,7,2.4,0,0,1,298.2
18.99,6.91,5,1.6,0,0,0,52.2
26.34,7.95,6,4.3,1,0,0,77.2
19.4,8.79,8,8.9,1,0,1,82.3
4.71,1.69,6,4.7,0,0,0,43.6
140.92,3.84,5,6.2,0,0,1,193.7
69.38,3.87,5,2.9,0,0,0,138.0
47.52,28.14,5,1.2,1,0,1,77.4
1.21,1.0,3,1.9,0,0,1,10.0
89.56,4.72,5,5.9,0,0,0,178.8
3.73,9.42,5,5.7,0,0,0,18.6
6.89,2.59,7,2.5,1,0,1,10.0
4.56,9.16,7,3.0,0,0,0,43.9
7.91,2.73,4,4.3,0,0,0,46.3
50.75,13.47,7,4.6,0,0,0,108.4
4.24,13.43,2,8.1,0,0,0,68.7
50.38,4.66,6,6.4,1,0,0,119.6
74.94,18.03,6,3.5,1,0,1,110.2
30.64,4.47,8,7.7,0,0,1,75.6
50.87,3.4,8,7.1,0,0,1,79.5
21.84,22.52,5,6.7,0,0,0,64.6
68.8,25.25,7,7.3,0,0,0,175.4
216.87,9.73,3,5.0,0,1,1,318.9
20.8,10.68,8,9.5,0,1,0,120.9
46.98,21.39,3,7.4,0,0,0,109.7
178.04,9.02,4,3.7,1,0,0,321.6
1.62,6.94,4,1.2,0,0,0,17.8
16.39,9.23,6,3.8,0,0,0,49.1
8.76,4.03,6,5.2,1,1,0,72.0
46.89,7.06,4,3.6,1,0,1,48.3
9.77,3.52,4,1.5,1,1,0,53.8
18.83,8.34,3,2.0,0,0,0,56.8
28.43,2.56,2,9.9,0,0,0,111.6
2.77,19.48,2,2.4,0,1,0,39.7
17.6,5.0,5,4.7,0,0,0,46.0
12.79,8.11,5,3.1,0,1,0,47.9
28.09,4.53,6,8.3,0,0,0,82.4
311.44,15.99,6,4.6,0,1,1,448.4
308.52,8.56,6,3.1,1,1,1,454.5
10.12,10.98,3,8.2,1,0,0,70.0
62.97,4.22,6,5.1,0,0,0,139.7
111.11,8.36,3,3.7,1,0,1,173.7
36.72,32.17,3,4.1,1,1,1,105.3
67.32,3.76,3,4.7,0,0,0,139.8
26.79,2.28,7,4.8,1,1,1,57.9
45.68,3.4,3,3.6,0,0,0,105.7
30.93,100.0,7,10.0,1,0,1,70.2
17.99,2.59,5,6.0,1,1,0,94.9
7.95,17.48,3,5.7,0,0,0,60.8
17.24,12.94,4,4.8,0,0,0,48.8
106.38,5.58,6,8.0,0,0,0,219.2
115.9,3.39,5,2.0,0,0,1,163.7
98.77,27.12,4,8.4,0,0,0,206.8
17.28,2.88,8,2.8,0,0,0,18.5
112.11,5.03,4,9.6,0,0,0,218.5
8.69,12.62,2,8.2,0,0,0,74.3
97.63,1.3,0,7.5,0,1,0,214.3
16.06,10.15,2,8.7,0,0,0,103.2
52.98,8.16,1,5.5,0,0,0,102.5
69.72,1.57,7,7.7,0,1,0,168.5
4.03,16.83,9,9.7,0,0,0,38.2
17.07,4.42,7,6.7,0,0,0,65.5
49.5,27.37,3,4.6,0,0,1,108.6
45.88,9.62,6,9.0,0,0,0,136.7
108.98,2.89,3,3.8,0,0,0,186.4
52.39,4.63,8,9.1,1,0,0,143.8
11.42,7.73,4,1.5,0,1,1,48.8
76.13,5.12,7,3.2,0,1,0,153.8
158.79,5.39,1,2.2,1,0,1,238.5
52.57,7.99,3,9.9,0,0,1,138.7
31.36,7.31,7,2.9,0,0,0,72.8
82.72,3.31,6,9.0,0,1,0,183.0
30.5,21.75,6,9.0,1,0,0,107.5
8.21,7.72,4,6.7,0,1,0,79.3
4.27,13.94,6,2.5,0,1,0,38.3
25.33,11.8,3,9.5,0,0,0,129.4
61.95,11.49,3,3.7,1,1,1,107.3
59.41,5.59,0,8.0,0,0,0,173.5
37.94,9.95,2,3.1,0,1,0,95.4
28.78,2.86,4,8.3,1,1,0,121.1
54.14,8.45,6,3.3,0,0,0,98.6
160.89,3.0,5,9.0,0,0,1,252.5
17.05,4.85,2,5.7,1,0,0,58.8
41.14,10.74,4,2.6,0,0,0,121.9
93.22,22.86,2,4.9,0,0,0,155.3
15.03,11.05,2,3.9,0,0,1,19.3
15.01,5.24,5,1.6,1,0,0,44.2
106.91,3.9,5,3.2,0,0,1,152.0
163.12,9.16,5,5.2,1,0,1,221.9
57.71,3.35,7,3.5,0,0,0,130.9
51.72,4.98,4,5.2,0,0,0,111.2
37.38,9.7,4,1.8,1,0,0,100.4
76.0,3.99,3,6.8,0,0,0,171.3
168.28,3.14,8,1.6,1,0,0,250.1
24.16,1.85,5,8.9,1,0,0,95.9
17.28,26.42,5,7.8,0,0,1,56.5
181.26,16.4,3,1.7,0,0,1,226.8
35.29,2.85,7,8.2,0,0,0,91.5
9.57,6.39,1,7.3,1,0,1,36.0
106.46,21.25,6,9.0,0,0,0,244.8
5.53,10.91,2,9.9,0,0,0,94.4
36.5,12.5,5,3.2,0,0,0,63.9
71.09,16.52,4,2.9,0,0,0,140.3
105.7,4.34,5,2.3,0,0,0,191.8
4.28,10.68,5,3.6,0,0,0,40.9
56.7,9.14,5,1.1,1,0,1,56.6
82.49,2.67,3,5.4,0,0,0,173.1
48.85,11.46,6,1.2,0,0,0,77.9
14.79,4.44,5,2.3,0,0,0,34.6
57.07,6.53,6,6.5,0,0,0,128.1
118.01,9.13,3,6.1,0,0,0,223.3
132.26,20.56,8,4.5,0,1,0,242.5
62.19,7.56,7,1.6,1,0,0,124.7
12.87,10.89,4,9.8,0,1,0,116.4
12.47,10.33,5,4.0,0,1,0,77.9
22.64,2.27,7,4.5,0,0,0,73.7
10.49,2.69,2,10.0,0,0,0,99.1
13.41,8.7,5,7.2,0,0,0,54.2
12.52,44.02,5,3.6,1,0,0,78.3
5.33,10.86,1,6.8,1,0,0,64.0
37.65,13.25,3,5.4,1,0,1,69.7
16.28,21.03,4,1.1,0,0,0,36.1
259.87,4.56,3,5.6,0,0,1,376.5
27.18,80.72,8,7.1,0,0,0,107.1
50.51,26.66,4,6.3,1,0,0,121.3
149.72,11.03,4,9.7,0,0,1,249.8
79.33,5.04,6,5.4,0,1,0,150.9
83.98,2.47,5,3.3,0,1,0,157.3
138.37,11.97,10,3.2,0,0,1,184.0
93.77,36.8,2,8.0,0,0,1,179.2
111.66,28.39,3,2.3,0,0,0,179.0
121.42,51.03,4,4.7,0,0,1,196.1
34.05,0.61,3,6.4,0,0,0,116.3
8.72,13.7,7,8.2,0,1,0,75.4
89.05,9.93,9,4.5,0,0,0,151.6
92.29,11.46,4,6.6,1,0,0,198.0
43.48,15.66,8,7.0,0,0,1,85.4
75.66,10.55,8,2.5,0,1,0,138.6
122.3,19.99,5,1.9,0,0,0,231.2
38.07,12.14,5,9.3,1,0,0,116.9
37.61,10.22,2,5.4,1,0,1,88.6
117.74,8.8,9,6.8,0,0,0,181.6
39.29,9.14,3,2.4,0,0,1,45.8
85.34,1.92,3,5.1,0,1,1,174.8
88.86,9.11,3,2.7,0,0,0,170.4
19.2,11.93,4,1.5,1,1,0,76.4
300.08,13.88,4,9.2,0,0,1,452.3
91.56,4.71,4,6.3,0,0,0,156.9
66.19,10.25,7,5.0,0,0,1,95.2
24.4,10.46,6,8.6,1,0,0,114.3
9.11,11.19,1,5.5,1,1,0,90.2
20.84,4.5,3,1.9,1,0,0,70.1
4.69,0.64,8,8.3,0,0,0,51.2
100.59,9.27,3,5.5,1,0,0,193.6
72.4,5.68,7,4.8,0,0,0,138.2
13.72,4.22,5,7.6,0,1,0,86.4
11.34,8.51,6,6.3,1,0,1,35.9
14.36,3.1,5,6.5,1,0,0,73.5
27.01,34.61,6,8.9,0,0,0,119.5
33.54,1.62,2,5.2,1,0,0,114.0
4.33,5.85,6,3.6,0,0,0,15.5
3.97,5.59,7,3.8,0,1,0,46.5
21.47,2.12,3,9.6,0,0,0,78.6
49.8,1.85,4,1.3,0,0,0,73.1
57.52,11.14,4,5.6,0,0,0,138.7
56.74,70.72,4,8.0,1,0,0,155.8
36.88,2.26,4,8.0,0,0,0,102.6
157.83,0.42,2,9.2,0,0,1,261.7
70.73,1.63,5,9.1,0,1,0,183.3
33.38,3.98,6,9.9,0,0,0,117.3
31.35,5.27,3,3.6,1,0,0,105.7
38.84,8.02,8,4.1,0,1,0,95.9
20.92,15.74,10,7.3,0,0,0,60.8
114.5,3.17,7,3.3,1,1,1,192.7
36.48,2.25,6,7.1,1,1,1,88.7
51.97,35.25,3,6.4,0,0,0,123.2
12.29,15.38,4,5.2,1,0,1,42.3
15.51,2.53,3,3.1,0,0,1,41.8
133.98,11.93,3,3.6,0,1,0,241.6
2.73,9.54,4,8.5,0,0,0,58.0
20.85,17.69,8,8.2,0,0,1,56.4
34.23,10.16,1,1.9,0,0,0,87.5
20.3,19.76,4,2.8,0,0,0,21.1
22.9,3.38,4,3.2,0,0,1,48.6
317.94,6.17,2,2.9,1,0,1,416.8
43.57,2.89,8,6.8,0,1,0,125.5
36.57,4.06,5,2.3,0,1,0,103.9
27.5,6.69,5,2.5,1,1,0,93.9
75.07,11.74,3,8.2,1,0,1,148.5
64.13,5.59,7,7.2,1,0,0,144.8
51.68,14.39,4,2.0,0,0,0,120.5
9.61,9.05,6,5.5,0,0,0,29.7
6.32,5.77,5,1.5,0,0,0,15.6
33.79,24.05,6,8.1,0,0,1,71.6
80.28,6.66,6,6.9,1,0,0,172.7
3.62,3.0,10,2.9,0,0,0,11.2
113.93,8.58,4,1.0,1,0,0,217.9
94.76,3.12,8,8.1,0,1,1,188.2
11.53,1.35,6,1.2,1,0,0,19.1
26.52,57.09,5,9.2,0,0,0,143.0
3.19,4.18,5,3.4,0,0,0,15.8
2.36,25.1,2,3.9,1,0,1,35.6
26.92,1.94,7,5.6,0,0,0,53.6
19.79,34.25,10,4.1,0,0,0,31.4
81.95,10.0,5,3.4,1,0,1,132.3
15.92,7.23,4,4.3,0,0,0,86.5
75.95,8.69,2,9.2,0,0,0,157.0
18.21,4.09,4,6.4,0,0,0,67.9
40.25,5.47,4,2.3,0,0,0,81.9
96.29,3.84,7,5.6,0,0,1,134.6
8.94,20.38,9,4.2,0,1,0,73.9
21.49,13.1,3,4.0,0,0,0,54.9
64.54,6.89,6,6.9,0,0,0,143.8
11.76,8.4,4,6.9,0,0,0,41.8
3.62,9.91,2,8.5,1,0,0,76.2
193.2,6.54,4,3.3,0,0,1,265.5
21.25,2.89,4,5.4,1,0,1,45.1
105.44,7.45,1,7.8,1,0,1,192.2
12.46,18.16,3,8.1,0,0,1,65.6
37.75,2.12,6,1.9,0,0,0,37.0
101.24,10.94,4,5.7,0,0,0,199.6
3.2,6.6,5,9.8,0,0,0,90.9
70.09,3.75,3,1.4,0,0,0,117.8
7.12,23.35,5,3.2,1,0,1,16.3
12.95,1.19,8,3.1,0,0,0,37.0
21.95,3.07,5,8.1,0,0,0,90.8
17.53,3.54,7,8.4,0,1,0,99.1
23.38,57.2,8,5.2,1,0,0,88.8
59.42,73.33,2,2.7,1,0,1,152.5
13.97,3.66,13,5.5,1,0,0,26.2
47.49,6.06,1,6.9,1,1,0,152.7
45.19,7.32,7,3.6,1,0,0,113.4
13.88,3.7,12,2.0,0,0,0,27.0
4.15,12.89,4,5.3,1,1,0,72.4
14.45,20.68,4,4.6,1,0,1,31.0
52.47,11.44,7,9.3,0,1,0,158.4
14.69,2.88,6,5.4,0,0,0,71.3
11.97,3.77,9,6.0,1,0,1,27.5
138.14,5.8,5,4.7,0,0,1,205.8
159.19,19.07,4,9.1,0,1,1,301.4
25.5,5.27,4,2.8,1,0,0,92.1
75.08,7.09,2,1.5,0,0,0,155.2
3.72,1.74,2,5.3,1,0,0,35.3
117.52,22.93,4,9.5,1,0,1,221.0
21.22,4.2,3,4.9,0,0,0,67.1
72.62,1.57,5,5.0,0,0,0,152.6
53.33,40.27,5,8.9,1,1,1,180.5
25.79,17.94,1,9.1,0,0,0,99.9
3.99,6.41,3,2.7,0,1,0,54.8
47.8,5.46,1,7.6,0,0,0,111.9
3.73,6.17,2,8.3,1,1,0,95.9
160.14,6.85,7,1.9,1,0,0,273.5
28.0,23.87,4,8.6,0,1,0,102.1
17.2,1.9,2,3.9,0,0,0,43.2
11.68,14.87,7,2.6,0,0,0,39.9
3.87,2.54,6,9.5,0,1,0,80.5
61.58,18.43,4,5.1,0,1,0,132.1
233.33,1.48,3,8.2,0,0,1,345.5
30.72,2.23,5,3.3,0,0,0,78.4
60.98,4.65,4,7.4,1,0,0,152.3
33.13,9.87,1,2.9,1,0,1,60.2
25.93,12.54,2,8.5,1,0,1,74.2
22.52,5.54,5,1.2,0,1,0,76.7
112.66,4.98,6,7.0,0,0,0,232.7
71.43,23.01,7,4.2,0,0,0,150.9
97.88,2.16,4,1.9,1,0,0,170.0
5.08,48.67,5,2.0,0,0,0,47.1
22.48,22.05,9,6.3,1,0,1,30.7
11.7,3.14,2,3.0,1,0,0,75.0
9.39,7.12,4,2.3,0,0,0,29.1
106.76,10.66,7,3.3,0,0,0,177.9
109.95,0.91,5,7.4,0,0,1,193.4
42.42,39.05,8,8.4,1,1,0,139.6
15.01,37.06,6,9.8,0,0,1,71.9
184.14,7.51,3,5.3,0,0,0,286.5
5.82,51.75,7,4.8,0,0,0,52.6
74.96,8.19,2,6.1,0,0,0,155.7
19.94,5.52,3,5.4,0,0,0,71.1
25.77,4.54,4,4.7,1,0,1,82.4
80.67,5.0,7,9.0,1,0,1,135.2
1.84,2.52,5,3.4,1,0,0,43.0
31.62,4.33,1,7.2,0,0,0,86.6
26.38,4.52,3,9.6,1,1,0,144.2
15.21,12.28,5,6.4,0,0,0,56.2
165.39,11.53,8,2.1,0,0,0,293.9
34.4,13.9,5,6.7,0,0,1,98.2
28.51,10.54,7,8.9,0,0,0,90.1
58.46,8.02,5,9.2,0,0,0,148.6
68.03,8.27,10,5.9,1,0,0,129.3
15.23,25.0,2,2.1,0,0,0,29.2
18.06,14.36,3,2.6,0,0,0,41.2
1.93,3.26,3,5.9,0,0,0,51.5
240.55,25.62,5,9.3,0,0,1,352.2
1.0,12.96,6,8.4,0,1,0,92.7
32.69,7.22,10,5.1,0,0,0,71.9
29.43,6.67,3,5.3,1,0,1,58.4
81.65,3.01,3,1.7,0,0,0,143.5
3.59,14.18,5,9.5,0,0,0,54.4
18.66,12.04,8,7.7,0,0,0,68.6
64.05,23.02,7,4.3,0,1,0,160.1
194.09,13.67,3,2.3,0,1,0,334.1
278.35,1.3,7,3.8,0,0,0,463.7
9.92,19.7,4,9.4,0,0,0,63.8
3.71,18.34,7,4.3,1,0,0,30.9
33.87,12.53,4,7.0,1,0,0,111.5
1.8,2.6,4,9.4,0,0,0,47.4
31.71,21.61,8,7.2,0,0,0,102.4
144.79,9.74,3,8.2,1,1,1,257.7
92.28,5.02,8,6.0,0,0,1,136.1
2.35,6.49,1,3.8,0,0,0,33.5
1.12,16.17,3,6.6,0,1,0,33.8
27.17,1.08,11,6.7,0,0,0,61.7
5.87,29.63,6,8.3,0,0,0,74.5
23.11,12.74,4,2.0,0,0,0,74.8
59.9,10.98,6,7.0,0,1,0,137.5
20.45,5.55,4,3.6,0,0,0,89.4
22.71,83.99,4,1.6,0,0,0,98.1
4.15,4.0,6,3.0,0,0,0,68.3
117.19,40.54,7,2.9,0,0,0,185.4
87.52,9.87,5,9.8,0,0,0,192.6
23.65,80.32,3,5.9,1,0,0,132.1
40.72,5.05,5,9.8,0,0,0,124.6
33.98,2.25,7,2.6,0,0,0,52.6
12.16,3.05,9,5.5,0,0,0,41.5
13.1,2.84,2,7.1,0,0,1,32.4
34.6,5.97,4,5.5,1,0,0,82.5
27.54,8.75,1,6.8,0,1,0,105.4
26.03,4.33,7,3.2,0,0,0,61.3
90.82,23.25,3,1.7,0,0,0,170.2
1.19,7.52,5,4.7,0,0,0,49.1
162.42,17.6,5,2.8,0,1,1,230.5
78.42,7.81,5,9.2,1,0,1,166.6
112.63,4.53,6,5.4,1,0,0,221.1
52.18,5.47,7,6.5,0,1,0,134.5
16.7,1.3,7,3.9,0,1,0,68.3
36.86,60.57,9,1.4,0,1,0,98.4
29.55,8.05,5,1.8,0,0,0,73.2
9.74,5.64,6,4.9,0,0,0,25.4
191.02,2.46,3,7.6,0,0,1,294.4
17.99,6.94,5,4.7,0,0,0,75.1
2.13,1.19,5,4.8,1,1,0,64.6
33.52,14.51,4,6.2,0,0,0,96.3
5.68,2.95,8,4.0,0,1,0,14.3
87.91,35.05,3,7.8,1,0,0,215.1
1.68,28.72,8,9.5,0,0,1,24.5
2.62,2.99,4,8.2,0,0,0,65.8
78.09,14.68,6,9.0,0,0,1,151.1
6.79,41.67,2,7.0,1,0,0,94.9
41.43,53.77,3,3.3,1,0,1,98.6
49.01,23.55,3,1.2,0,0,0,109.6
265.77,14.1,4,7.8,0,0,1,394.1
14.68,5.45,4,8.9,1,0,0,71.3
17.54,15.92,3,1.1,0,1,0,75.6
3.41,2.34,5,4.2,1,1,0,71.3
2.58,30.99,6,1.7,0,0,0,44.4
26.33,74.83,2,6.7,1,0,0,124.8
53.75,4.67,6,8.7,0,0,0,132.9
54.25,3.19,7,2.2,0,0,0,90.6
74.97,6.3,7,3.3,0,0,0,146.7
38.8,19.35,3,7.7,0,0,0,101.4
78.83,8.96,4,5.9,1,0,1,124.4
9.95,18.15,7,4.4,1,0,0,59.7
50.28,7.62,7,8.4,0,0,0,135.6
75.32,44.24,7,6.8,0,1,0,222.5
42.31,16.99,5,4.7,1,0,1,98.0
64.33,3.41,1,7.6,1,0,0,146.6
7.64,1.3,5,7.3,0,0,1,40.7
29.26,26.61,2,4.1,1,0,0,108.6
95.3,11.79,3,9.6,0,0,1,177.4
19.13,18.52,4,4.9,0,1,0,102.4
114.61,26.75,7,9.9,0,0,1,203.4
221.19,6.22,5,9.7,1,0,1,336.9
7.51,18.87,4,6.4,0,0,0,81.2
7.99,7.53,8,5.7,0,0,0,59.7
23.49,8.11,5,9.3,1,1,1,102.8
41.39,57.82,2,4.5,1,1,0,149.3
71.97,7.88,6,1.4,0,0,0,105.8
3.49,2.17,2,1.6,0,1,0,54.4
76.07,2.44,6,5.4,0,1,1,155.3
8.93,21.53,5,3.1,0,0,0,40.1
4.44,8.74,7,3.3,0,0,0,39.4
46.16,6.67,5,5.8,0,0,0,126.1
4.02,10.0,3,6.7,1,0,1,20.4
3.8,7.12,6,8.2,0,0,0,38.0
48.07,17.7,6,9.0,1,0,0,114.6
59.99,4.46,4,4.7,0,0,0,134.9
125.82,16.77,7,6.4,0,0,1,181.8
157.88,14.53,2,8.6,0,0,1,244.0
32.41,10.66,5,8.1,0,0,0,96.0
51.62,4.22,5,4.1,0,1,1,126.6
75.28,23.27,4,10.0,0,0,0,160.6
128.28,27.52,10,6.9,0,0,0,234.7
1.12,1.37,4,4.0,0,0,0,18.4
12.3,10.73,2,9.8,0,0,0,71.4
37.16,2.96,11,10.0,0,0,1,78.4
13.18,6.71,3,1.7,0,1,0,77.7
36.37,7.97,7,7.6,0,0,0,113.6
56.83,12.31,7,4.5,0,0,0,114.0
73.4,7.99,8,2.4,1,1,0,170.0
90.37,5.75,3,9.2,0,1,1,201.5
260.65,11.62,5,7.2,0,1,1,400.5
105.86,2.22,4,7.6,0,0,0,203.5
21.34,6.31,7,4.8,0,0,0,64.5
17.16,6.79,4,7.9,0,1,0,107.7
17.97,3.56,4,7.9,0,0,0,79.7
4.83,1.38,6,2.5,0,0,0,23.5
54.39,9.6,2,7.6,1,1,1,164.0
1.0,3.37,6,5.6,1,0,0,28.4
17.3,2.5,4,4.3,0,0,0,49.1
72.85,37.7,3,6.5,0,1,0,182.6
31.67,3.94,3,2.4,0,0,0,67.4
26.63,3.95,3,4.3,0,0,0,81.5
77.12,24.06,1,6.0,0,0,0,198.8
25.74,3.16,3,9.9,1,0,0,90.6
32.09,4.86,7,2.5,1,0,1,58.9
34.01,2.46,6,9.3,0,0,0,110.4
35.27,14.49,9,5.8,1,0,0,94.2
5.35,5.95,7,5.8,0,1,0,73.4
37.55,8.05,8,7.3,0,0,0,60.5
24.47,6.75,2,1.5,1,0,0,47.0
114.97,1.72,2,1.6,0,0,0,162.8
1.0,4.22,4,9.3,1,1,0,66.6
36.33,11.63,9,2.8,1,0,1,72.9
183.47,12.18,10,3.8,0,1,0,312.8
1.0,2.0,9,8.5,1,0,0,15.5
58.7,9.52,11,5.3,0,0,0,125.4
1.52,27.15,2,6.3,0,1,1,70.2
99.2,9.13,6,5.7,0,0,0,195.9
10.93,7.77,7,4.8,0,0,0,56.9
87.2,6.05,5,7.5,1,0,1,141.1
124.23,30.89,3,5.3,1,0,1,202.5
7.32,5.44,6,4.3,0,0,0,34.3
5.17,27.32,5,2.9,0,0,0,21.1
90.58,14.0,4,1.4,0,0,0,157.4
9.63,17.21,4,9.9,1,1,0,108.9
2.74,4.42,4,8.9,0,1,0,55.9
12.47,4.59,9,6.9,0,0,0,68.2
11.49,10.08,5,5.5,0,0,0,55.3
56.14,31.58,2,9.7,0,0,0,147.7
31.93,0.92,8,2.7,0,0,0,75.1
72.55,3.12,6,6.3,1,0,0,165.8
13.45,3.69,2,4.8,1,0,1,34.9
33.75,35.54,2,5.3,1,0,0,118.5
5.57,5.78,4,2.1,1,1,0,33.6
31.95,15.83,8,7.0,0,0,0,93.2
34.6,6.19,10,5.0,1,1,0,88.3
121.24,6.75,5,5.3,1,1,1,205.2
148.52,4.91,4,2.6,0,0,0,245.6
104.09,4.66,3,5.8,0,0,0,208.2
127.83,3.7,7,4.9,1,0,1,162.4
2.38,10.34,6,3.8,0,0,0,26.1
87.66,2.64,8,7.2,0,0,0,146.0
3.45,23.44,5,6.0,0,0,0,53.6
42.41,28.53,3,9.8,1,1,0,155.6
4.46,7.8,5,5.7,0,0,0,36.0
78.26,2.29,6,7.9,1,1,1,156.7
1.0,6.07,4,8.7,1,0,0,44.5
24.22,5.39,3,8.6,0,0,0,92.4
37.7,2.74,7,8.3,1,0,0,90.0
15.8,10.9,4,3.4,0,0,0,47.9
35.18,2.64,8,6.4,1,0,0,72.8
104.45,36.37,5,9.9,0,0,0,239.2
47.08,15.25,5,9.5,0,0,0,140.5
40.27,1.42,5,8.9,0,0,0,106.0
197.97,24.93,6,7.9,0,0,1,307.5
24.71,20.6,7,1.8,0,0,1,56.1
106.83,9.7,3,4.8,0,0,0,210.3
52.03,8.7,3,3.7,0,0,0,91.9
74.62,11.07,6,4.5,1,0,1,124.1
18.7,5.85,5,6.2,0,0,0,49.6
47.16,13.73,0,4.5,0,1,0,139.3
94.35,2.07,6,4.8,0,0,0,191.1
49.12,0.92,7,6.4,0,0,0,107.3
56.35,16.98,7,8.9,0,0,0,144.7
35.78,8.98,4,2.4,0,1,0,105.1
6.79,5.85,5,3.4,1,1,0,78.2
69.19,22.22,4,1.1,0,0,0,124.9
59.35,3.0,2,9.0,1,0,0,157.6
34.25,13.19,4,1.4,0,0,0,89.5
25.81,11.5,8,8.5,0,0,0,99.7
54.96,3.1,4,8.6,1,0,1,109.0
60.22,44.23,3,1.2,0,0,0,112.0
24.12,4.13,7,8.9,1,0,0,105.2
18.31,5.1,4,5.3,0,0,0,48.2
175.15,28.67,3,9.7,0,0,1,298.6
186.55,8.04,5,6.1,1,1,1,309.8
23.43,2.46,7,8.1,0,1,0,105.7
161.97,20.49,6,6.3,1,1,1,266.8
43.94,6.82,4,8.4,1,0,0,122.5
1.0,3.6,0,7.9,0,1,0,93.5
5.87,0.86,4,2.7,0,0,0,38.6
12.44,8.5,5,6.1,0,0,0,100.2
84.08,20.52,6,4.5,1,0,1,126.2
66.11,2.9,10,1.1,0,0,0,95.0
87.41,9.46,5,6.6,0,0,0,161.9
36.71,7.49,3,3.0,0,0,0,84.3
41.25,1.15,5,8.9,0,0,0,125.0
2.32,5.46,4,7.2,0,0,0,41.5
12.02,22.37,8,2.2,0,1,0,31.0
30.86,9.02,5,1.5,0,0,0,51.8
80.19,12.07,6,9.1,0,0,0,170.6
51.89,9.11,4,9.7,1,0,0,171.2
48.55,2.14,8,8.6,0,0,0,119.4
112.01,1.1,5,3.3,0,0,0,176.7
46.04,2.79,11,3.6,0,0,0,69.3
16.01,3.45,5,4.2,0,0,0,54.0
33.38,10.68,5,3.2,1,0,0,96.7
62.67,1.48,4,7.5,1,0,1,98.8
89.03,1.76,2,5.5,0,0,0,166.6
37.86,10.0,4,5.6,1,1,0,111.4
83.04,6.55,3,5.5,1,0,1,134.5
228.36,2.36,10,3.2,0,0,1,279.4
3.2,38.0,4,8.3,0,1,0,122.9
65.58,3.05,8,7.7,0,0,0,119.9
130.94,12.58,9,8.8,0,0,0,239.5
34.68,9.33,5,4.5,0,1,0,130.5
23.98,8.12,5,1.9,0,0,0,86.0
40.11,5.46,9,5.8,0,0,0,119.4
119.18,38.71,5,8.6,0,0,0,239.4
95.51,2.95,6,7.5,0,0,0,206.4
45.84,10.98,12,1.7,0,0,0,65.9
134.26,16.11,5,2.1,1,0,0,230.7
64.45,0.71,2,2.3,0,0,0,119.5
23.59,15.33,3,2.6,0,1,0,109.9
13.59,1.12,6,9.7,0,0,0,61.5
49.86,11.7,6,4.7,0,0,0,90.5
71.74,4.34,5,7.0,0,0,0,142.6
54.75,2.09,3,2.5,0,0,0,96.8
47.66,4.07,2,6.4,0,0,0,143.8
4.72,90.85,3,3.2,0,0,0,86.3
45.54,6.5,6,9.8,1,1,1,119.2
1.0,3.49,3,6.0,0,1,0,94.3
2.06,7.46,4,4.0,0,0,0,30.3
14.47,2.45,4,6.7,0,0,0,100.8
6.59,3.88,4,6.2,1,1,0,100.9
12.97,12.79,3,5.2,0,0,0,80.3
175.34,9.17,7,9.2,0,0,0,315.0
135.86,12.45,3,9.3,0,0,0,279.2
3.73,17.0,4,2.3,1,0,0,28.6
4.4,3.28,6,2.4,1,0,0,48.6
43.57,2.37,3,9.9,0,0,0,110.3
145.28,14.21,5,6.7,1,0,1,200.8
71.73,3.65,6,2.7,0,0,1,76.4
58.32,17.04,8,1.7,0,0,0,105.4
25.82,14.85,5,7.8,0,0,0,84.5
61.0,4.24,7,9.2,0,0,0,153.6
46.16,7.37,5,8.3,0,1,0,122.4
78.4,5.93,4,3.4,0,1,0,156.6
125.97,2.57,2,9.4,0,0,1,216.1
67.06,16.32,5,1.0,0,0,0,111.7
13.59,12.59,4,8.9,0,1,0,75.0
32.53,14.31,4,9.8,0,0,0,136.0
64.08,19.8,3,9.2,0,0,1,165.8
84.78,9.64,4,2.0,0,1,1,170.0
12.52,25.66,7,9.6,0,0,1,40.0
40.93,7.44,7,4.2,1,0,0,94.4
140.16,22.81,4,7.3,0,0,1,227.8
55.64,18.82,6,2.6,0,0,0,110.9
38.94,10.04,9,9.4,0,0,1,79.3
59.98,10.06,3,4.3,0,1,0,157.9
41.29,12.32,5,8.0,0,0,0,116.9
17.16,4.94,3,9.5,0,0,0,64.0
26.14,5.84,1,9.4,0,0,0,85.1
89.09,30.11,5,5.9,1,0,1,160.9
44.4,7.57,6,7.2,1,0,0,118.3
27.86,14.12,4,5.3,1,0,1,77.9
5.99,4.73,4,6.6,0,0,0,70.1
6.11,19.43,8,9.1,0,0,0,74.3
8.2,8.94,3,3.3,0,1,0,76.5
130.3,35.36,4,6.0,1,0,1,208.9
157.6,2.4,6,5.9,1,0,1,216.1
66.09,52.34,5,9.1,1,0,0,190.2
2.45,11.73,5,3.7,1,0,1,10.0
46.11,1.47,9,2.4,0,0,1,71.7
48.95,4.71,3,5.8,0,0,0,108.5
208.9,13.32,3,1.1,0,0,1,305.0
13.68,1.48,7,1.5,1,0,0,37.6
64.21,13.19,3,6.0,0,1,0,184.2
252.85,10.68,6,9.7,0,1,1,382.4
139.91,11.0,4,5.3,0,0,0,228.6
21.88,11.22,6,6.6,0,1,0,101.5
7.62,1.06,9,7.8,0,1,0,81.6
3.99,9.25,5,7.3,0,0,0,66.9
3.09,2.4,3,9.3,0,1,0,72.7
4.61,7.18,1,3.1,1,0,0,54.5
194.46,2.89,8,1.9,0,1,1,260.1
216.88,6.49,7,1.6,0,0,0,349.1
6.15,9.77,6,9.0,0,0,0,55.5
4.27,1.89,7,5.7,1,1,0,79.0
54.62,19.06,5,2.6,0,0,0,128.2
85.43,17.92,7,7.4,1,1,1,155.5
70.99,4.65,3,7.4,1,0,0,192.5
1.0,5.94,2,1.7,1,0,0,44.2
28.52,22.3,5,5.4,0,0,0,86.6
63.65,8.41,4,8.1,0,0,0,145.9
83.79,1.38,1,7.1,1,0,1,152.1
59.26,9.84,1,4.5,0,0,0,127.3
20.0,16.48,10,6.6,0,0,0,64.2
15.79,49.96,6,7.9,1,1,0,104.1
88.31,2.1,3,6.8,0,0,0,165.3
39.19,5.85,6,5.3,1,1,1,89.3
14.67,3.77,4,4.2,1,0,0,18.3
100.99,15.24,6,8.2,0,0,0,179.6
84.84,43.52,6,3.8,0,1,0,178.7
34.01,17.74,15,7.4,0,0,0,74.2
83.13,4.99,9,7.3,0,0,0,142.4
5.46,11.8,6,5.7,0,1,0,51.8
119.02,7.7,7,7.8,0,0,0,233.1
190.42,26.15,6,8.5,0,0,1,274.9
1.0,15.36,3,1.7,0,0,0,10.0
100.8,7.78,7,5.9,0,1,0,186.1
69.71,5.28,5,3.1,1,0,0,154.2
96.58,6.79,5,8.2,0,0,0,189.2
17.61,17.78,4,4.9,1,0,0,56.8
155.09,3.41,2,8.9,0,0,1,220.8
89.46,7.47,2,6.8,0,0,0,179.4
26.57,24.39,10,2.0,0,1,0,57.7
77.66,0.87,8,3.3,1,0,0,141.6
27.76,4.57,4,4.6,0,0,0,53.6
20.0,5.42,6,4.5,0,1,0,58.4
7.89,24.66,6,4.6,0,0,0,33.2
131.32,16.98,3,9.1,0,1,0,274.2
13.17,2.9,7,5.1,0,1,1,79.2
35.79,3.24,6,1.8,0,0,0,87.8
37.59,7.64,7,3.8,0,0,0,78.8
1.72,3.16,8,5.0,1,0,0,10.0
79.64,41.03,5,4.1,1,0,0,175.7
59.12,5.11,4,3.1,1,0,1,90.2
17.1,19.63,6,4.8,0,0,0,107.4
135.03,3.33,4,9.0,0,0,1,235.7
238.72,3.85,6,4.8,0,0,1,315.1
56.02,16.1,5,4.2,0,1,0,105.0
69.05,27.77,4,4.8,0,0,0,163.8
3.07,1.19,5,7.0,0,0,0,36.2
28.58,36.05,8,1.1,0,0,0,47.0
1.25,4.52,5,4.6,1,0,0,40.9
63.49,30.27,4,5.0,0,0,0,145.3
88.84,1.03,7,7.3,0,0,0,196.8
6.34,3.98,6,9.6,0,0,0,86.2
4.92,2.58,4,3.6,1,0,0,34.4
86.68,6.77,6,1.7,0,1,0,150.0
35.37,8.69,2,8.2,0,0,0,119.6
93.66,9.68,8,5.1,0,0,0,165.7
25.19,21.7,1,3.9,1,0,0,68.9
9.58,8.88,2,4.8,0,1,0,86.8
23.17,4.12,2,7.2,1,0,0,101.2
16.37,27.69,5,1.4,0,0,0,49.3
35.58,14.27,5,6.7,0,0,0,98.6
110.73,13.76,9,5.4,1,0,1,174.1
22.12,5.74,4,6.4,0,0,0,67.9
66.44,13.12,11,6.0,0,0,0,107.1
50.94,7.21,5,2.3,0,0,0,78.2
12.6,3.82,5,6.2,0,0,0,71.7
19.08,7.63,4,9.8,1,1,0,118.5
11.56,3.17,2,2.1,0,0,0,45.0
71.0,8.21,4,7.6,0,0,0,151.0
6.86,21.89,6,8.5,0,0,0,47.0
43.2,4.21,4,3.3,1,0,1,58.6
9.39,3.88,5,3.0,1,0,1,40.1
11.0,35.84,7,3.9,1,1,1,62.5
1.0,5.92,9,9.8,0,0,0,44.7
29.06,4.0,10,5.0,1,0,0,105.3
82.87,3.64,2,8.1,0,0,0,165.5
4.61,1.05,8,2.6,0,1,0,32.1
93.63,69.44,11,1.7,1,0,1,121.9
92.74,11.41,5,4.6,1,0,1,144.7
13.21,3.4,4,6.2,0,0,0,39.0
103.27,17.28,4,7.4,0,0,1,203.3
87.59,8.68,3,8.5,0,0,1,142.1
53.12,6.7,4,2.4,0,0,0,100.5
88.98,11.22,3,8.3,0,0,1,160.6
3.83,20.7,9,7.8,0,0,0,54.9
19.22,5.26,5,1.5,0,0,0,76.0
17.03,54.59,3,9.4,0,0,0,102.3
76.08,3.17,1,3.8,1,1,1,125.1
69.66,10.23,3,9.8,1,1,0,187.2
110.82,12.49,7,5.8,0,0,0,207.7
17.02,5.96,7,8.9,0,0,0,71.5
32.11,37.04,7,6.8,1,0,0,122.1
1.0,30.74,2,3.7,1,0,0,90.5
231.03,32.2,6,3.9,1,0,1,323.1
26.47,7.25,5,6.6,0,1,0,120.3
40.81,9.87,4,7.7,1,1,0,149.4
38.01,34.97,8,3.4,0,0,0,92.0
24.65,3.39,3,6.0,0,0,0,91.2
13.26,17.74,3,6.2,0,0,0,55.4
68.55,37.92,2,7.7,0,0,0,177.1
23.59,2.51,2,6.1,0,0,1,103.7
55.82,0.89,8,5.6,1,1,0,105.6
65.54,3.3,4,5.6,0,0,0,156.8
64.73,3.43,4,6.0,0,0,0,117.2
4.25,5.15,6,5.3,0,0,0,36.3
183.63,11.73,3,4.2,0,0,0,310.4
71.27,5.34,4,4.1,0,0,1,88.1
45.48,10.48,5,1.4,1,0,0,84.9
17.01,1.68,6,7.0,1,1,0,79.0
8.22,100.0,5,8.8,0,0,0,101.4
79.06,11.23,8,7.9,0,1,0,190.7
25.07,9.83,5,7.4,0,0,0,89.5
121.4,5.47,3,7.9,0,0,0,238.9
141.05,1.44,5,6.8,1,0,0,262.0
2.87,4.4,6,5.0,1,0,0,70.6
43.42,2.59,7,7.2,0,1,0,119.7
24.2,1.41,2,1.6,0,0,0,53.6
26.25,4.68,5,6.1,0,0,0,66.6
47.88,5.52,4,8.6,0,0,0,121.6
75.11,3.45,6,8.5,0,0,1,115.3
39.89,9.9,4,9.2,0,0,0,77.5
70.68,12.92,3,9.5,0,0,0,183.9
167.92,11.97,8,2.0,1,1,1,237.7
26.47,8.25,7,2.5,0,0,0,67.9
29.4,3.26,7,4.5,1,1,1,71.3
55.94,1.71,1,9.9,0,0,0,160.3
2.01,4.73,2,2.8,0,0,0,35.5
6.24,23.33,1,5.4,0,0,0,56.3
8.16,4.43,6,5.0,1,0,0,76.5
43.16,7.7,7,1.8,0,0,0,80.3
39.27,3.65,4,9.4,0,1,0,156.2
18.26,5.92,9,8.4,0,0,0,71.3
42.77,7.84,10,2.8,0,0,0,53.8
166.61,5.38,10,3.9,0,0,1,238.2
99.02,1.37,8,6.4,1,1,0,189.6
22.27,1.48,2,5.4,0,1,0,84.2
151.1,17.19,4,2.2,0,0,0,285.5
21.91,2.18,5,5.5,0,0,0,90.9
42.61,6.26,7,4.1,1,0,0,125.0
57.95,5.27,9,6.4,0,0,0,124.7
46.95,3.89,2,2.6,1,0,1,71.2
93.24,10.15,2,7.6,0,0,0,182.4
41.65,19.57,5,8.2,0,0,0,94.8
23.47,14.67,3,9.5,0,0,0,113.4
39.43,21.02,8,2.8,0,0,0,89.8
136.35,16.34,4,9.8,0,0,0,266.8
61.93,6.56,7,6.3,1,0,1,93.7
16.44,26.81,1,6.5,0,1,0,92.6
1.0,31.1,5,8.5,0,1,0,72.9
46.37,2.26,9,6.7,0,0,1,67.3
7.97,39.31,6,7.2,0,0,0,117.7
35.02,14.05,4,5.1,1,0,1,54.3
14.1,35.19,8,7.5,0,0,1,33.0
113.88,41.71,4,1.1,0,1,1,191.7
6.96,11.13,3,2.5,0,0,0,32.5
207.57,9.52,8,9.6,1,0,1,304.1
5.86,10.34,4,5.4,0,0,0,56.0
46.48,5.87,4,7.5,1,0,0,156.1
36.62,3.27,4,4.3,0,0,0,100.9
64.59,16.56,11,5.0,0,0,0,166.2
12.74,26.44,7,2.6,0,0,0,44.7
27.98,23.91,11,7.1,0,0,0,101.7
1.0,2.53,7,6.9,0,0,0,21.1
55.48,1.63,9,8.7,0,0,1,133.2
19.24,7.81,8,6.2,0,1,0,109.2
159.12,3.1,6,4.1,1,1,1,229.3
30.7,5.82,6,5.2,0,0,0,82.1
59.15,7.8,9,2.0,0,1,0,96.3
9.58,8.17,4,6.7,0,0,0,40.7
82.03,4.29,5,6.1,0,1,0,192.8
1.0,17.33,6,1.1,1,0,0,29.2
2.76,34.57,8,6.3,1,0,0,46.3
75.06,35.59,2,6.5,0,0,0,171.0
25.92,7.47,0,8.4,0,0,0,85.9
2.76,18.96,3,9.7,0,0,0,62.5
24.85,15.3,3,8.4,0,0,0,105.3
8.77,8.1,4,7.7,0,1,0,88.6
31.53,4.14,6,2.4,0,1,0,66.4
228.03,24.37,6,3.8,0,0,1,321.0
1.0,7.59,3,8.3,0,1,0,102.4
75.46,3.91,2,3.4,1,0,0,170.6
22.89,21.41,9,3.3,0,0,0,65.9
76.72,4.77,6,9.4,0,1,0,189.4
29.56,3.75,6,3.5,1,0,1,46.3
69.52,5.81,6,1.2,1,0,0,130.0
39.91,16.99,6,6.8,0,0,0,125.9
68.32,6.2,7,9.6,0,1,1,157.8
35.99,14.38,3,3.7,0,0,0,83.8
55.53,1.29,0,4.7,0,0,0,131.8
30.79,3.44,4,2.7,0,0,1,81.1
13.43,7.19,6,1.2,0,0,0,31.3
70.79,8.83,1,5.5,1,0,0,147.4
34.55,4.87,7,2.4,1,0,1,42.3
24.84,10.78,5,5.4,0,0,0,88.3
236.9,34.73,5,4.4,0,0,1,323.2
2.74,3.55,6,5.1,0,1,0,61.1
64.58,26.77,6,7.9,0,1,0,174.6
26.74,5.36,3,3.5,1,0,0,60.6
20.24,32.49,3,8.3,0,0,0,81.1
112.78,15.57,4,2.8,0,0,0,188.9
74.78,3.83,3,8.7,1,0,0,176.9
1.04,12.54,3,9.6,0,0,0,82.4
66.56,1.89,5,6.5,0,1,0,144.1
1.0,2.51,5,5.2,0,0,0,19.5
2.43,4.34,6,1.1,0,0,0,34.6
14.7,8.47,3,7.6,0,0,0,62.5
197.66,2.38,4,6.2,1,0,1,285.3
24.82,0.95,7,5.6,0,0,0,85.7
42.11,4.86,5,2.2,0,0,0,102.1
76.0,4.91,5,1.9,1,1,1,90.5
15.19,1.57,6,9.5,0,0,0,83.8
139.73,4.74,3,7.2,0,0,0,233.9
30.95,14.27,6,3.0,1,1,0,108.1
104.97,2.89,7,6.2,0,0,0,183.0
30.12,7.58,5,7.2,0,0,0,69.9
118.84,5.31,7,7.4,0,0,0,208.1
98.47,4.16,3,1.2,0,0,1,137.7
21.06,0.63,5,9.6,0,0,1,66.8
4.57,21.97,1,5.3,0,0,0,47.4
3.26,10.97,9,7.7,1,0,0,52.0
31.49,2.94,4,7.3,0,0,0,85.0
2.08,30.67,7,9.6,0,0,0,76.5
48.63,13.28,6,3.8,0,0,0,83.4
82.55,3.12,4,7.0,0,0,0,144.3
100.87,23.87,7,1.4,1,0,1,137.2
145.52,4.31,7,1.4,1,0,0,216.4
4.39,2.64,6,7.2,1,0,0,47.8
104.47,7.23,3,4.1,0,0,1,147.3
5.29,6.97,5,3.0,1,0,0,37.5
232.82,8.32,7,5.6,0,1,1,340.7
5.76,5.07,4,6.3,1,0,0,44.2
271.71,13.85,8,1.2,1,1,1,371.9
26.49,1.93,6,10.0,0,0,0,70.1
67.35,4.84,6,4.8,0,1,0,158.0
9.64,8.32,3,3.0,1,0,0,68.3
4.31,4.24,5,1.8,0,0,0,30.2
55.8,13.77,6,2.9,0,0,0,100.2
40.28,16.9,8,7.7,0,0,0,117.0
119.28,10.4,5,9.7,0,0,0,252.6
57.09,2.77,3,2.9,0,0,0,110.3
50.63,1.9,7,9.9,1,0,0,154.1
52.87,6.61,8,3.7,1,0,0,103.8
25.61,6.63,6,6.2,0,1,0,96.8
63.96,38.45,6,9.5,0,0,1,129.0
112.33,5.2,3,4.4,0,0,0,220.8
58.82,8.66,5,3.2,0,0,0,89.9
5.99,6.39,4,3.9,0,0,0,23.2
30.09,2.77,5,9.2,0,1,0,110.5
25.85,6.63,3,9.6,0,0,0,130.5
33.13,25.6,7,3.8,1,0,1,67.8
17.23,3.33,9,8.2,0,1,0,64.9
40.86,12.31,5,5.8,0,1,0,132.8
81.57,23.73,3,2.0,0,0,0,151.2
20.42,4.81,5,9.0,0,0,0,90.6
126.75,6.76,7,4.2,0,0,1,183.4
16.16,5.93,7,6.8,0,0,0,83.0
34.8,78.42,3,9.0,0,0,0,152.2
53.18,9.14,4,9.6,0,0,0,139.5
85.6,6.39,5,8.1,0,0,0,176.2
55.08,8.0,4,8.5,0,0,0,130.1
106.52,19.51,10,2.5,1,0,1,145.7
88.94,6.45,3,4.8,0,0,0,179.3
11.4,7.4,3,1.7,0,0,0,50.0
23.16,2.6,4,6.5,0,0,0,78.4
1.48,0.77,6,5.6,0,0,0,23.3
16.94,1.99,5,5.4,0,0,0,66.2
1.0,20.1,5,3.7,0,0,0,46.8
58.05,5.28,5,5.2,0,0,0,131.5
61.9,4.14,2,7.1,1,0,0,152.2
76.25,12.7,4,2.3,0,0,0,125.6
7.67,14.54,7,8.4,0,0,0,75.2
19.61,21.54,6,3.8,1,1,0,89.1
49.49,7.72,2,5.9,1,0,0,148.2
95.95,14.16,4,6.1,0,0,0,210.3
94.57,3.55,9,3.8,1,0,0,168.8
25.83,22.34,4,7.3,0,0,0,85.2
20.06,15.97,3,7.4,0,0,0,84.3
31.2,11.86,9,7.5,0,0,0,56.8
8.7,12.81,4,2.8,1,0,0,46.3
13.09,44.04,4,5.7,0,0,0,84.7
1.0,40.33,3,6.4,0,0,0,81.8
68.83,17.26,4,2.6,0,0,1,96.6
264.46,51.01,2,3.6,0,0,1,387.8
4.03,4.73,6,2.4,1,0,1,10.0
8.15,2.36,8,2.5,1,0,0,30.3
11.43,10.12,1,2.5,0,0,0,59.5
39.33,5.79,4,5.6,0,1,0,114.6
24.51,5.27,2,9.6,1,0,1,79.6
4.11,3.55,8,2.0,1,0,0,58.8
1.0,17.0,2,4.1,0,0,0,43.6
20.64,4.79,4,5.2,0,1,0,77.3
29.15,15.33,3,2.0,0,0,0,48.0
58.5,19.51,8,6.7,1,0,1,126.4
194.28,10.12,8,2.0,0,0,1,237.6
26.68,9.59,9,7.5,0,0,0,77.5
36.77,9.68,10,2.6,0,0,0,75.1
66.0,12.77,2,2.6,0,0,0,107.1
27.01,18.88,6,2.6,0,0,0,62.8
45.49,4.55,11,3.1,1,0,1,59.0
22.97,10.82,3,3.3,0,0,0,78.2
232.33,3.6,7,8.9,0,0,0,376.7
12.57,2.3,7,6.0,0,1,0,64.8
69.08,1.46,7,5.6,0,0,1,100.8
4.77,1.14,3,7.0,0,0,0,18.6
15.82,3.63,8,1.0,1,0,1,30.3
59.98,0.62,4,6.5,0,0,0,124.5
18.31,13.94,7,1.3,1,0,0,54.0
18.34,3.21,2,6.0,0,0,0,38.5
11.56,10.58,4,7.4,0,0,0,42.2
4.42,13.69,3,1.1,0,0,0,32.6
21.92,11.18,4,1.7,0,1,0,54.9
5.0,3.16,7,2.8,0,0,0,25.1
212.6,6.93,10,8.1,0,0,1,312.2
17.97,36.89,3,8.4,0,0,1,88.8
37.81,7.28,4,7.5,1,0,0,112.8
15.96,4.64,5,2.2,0,0,0,33.4
13.07,4.52,5,6.6,1,0,0,75.8
63.39,8.88,6,3.7,0,1,0,143.2
22.49,17.63,2,1.7,0,0,0,75.7
9.04,4.98,3,5.6,0,0,0,39.1
11.18,6.87,6,9.2,1,0,0,101.8
104.9,45.27,1,3.0,0,0,0,226.8
41.65,6.96,9,6.4,0,1,0,106.1
54.08,2.13,5,6.5,0,0,0,125.7
4.57,9.23,4,9.0,1,0,0,68.8
43.19,3.36,2,5.8,0,0,0,137.5
10.3,13.23,5,2.6,1,1,0,69.7
6.48,26.3,2,1.3,1,1,0,80.0
33.21,0.48,7,5.7,0,0,0,74.0
45.2,4.33,8,4.6,0,0,0,89.3
22.53,3.98,3,3.8,1,0,0,62.8
58.47,5.21,5,9.6,0,0,1,126.2
87.93,25.24,6,9.8,0,0,0,192.4
48.04,9.22,4,7.1,0,0,0,110.2
76.35,3.38,2,6.8,0,0,0,146.7
94.31,1.34,5,3.8,0,0,0,173.3
229.53,6.13,7,1.7,1,0,1,298.5
43.66,43.72,4,3.4,0,0,0,111.2
5.9,2.37,4,2.7,1,0,1,12.4
26.65,7.93,7,9.4,0,0,0,105.5
68.36,11.81,5,5.3,1,0,0,173.5
102.48,7.66,1,1.3,0,1,0,194.4
11.77,2.76,5,2.8,0,0,0,45.1
46.11,4.55,3,8.0,1,1,0,142.9
65.49,53.6,5,4.7,0,0,0,149.3
221.91,0.52,9,9.7,0,0,0,378.8
24.11,0.84,5,7.7,0,0,0,65.0
2.23,15.48,6,6.7,1,0,0,53.2
162.6,13.03,4,9.0,0,0,1,257.3
2.36,10.78,9,5.3,0,0,0,45.1
13.48,3.66,3,6.6,0,0,0,79.9
40.11,13.34,4,7.2,0,0,0,113.2
4.6,2.19,2,2.6,0,0,0,37.2
143.27,14.65,5,2.1,0,0,1,198.7
42.19,7.68,6,3.4,0,0,0,85.2
22.45,10.14,4,5.4,0,0,1,58.7
22.21,50.32,5,1.5,0,0,0,45.2
1.0,2.97,8,4.1,1,0,0,27.6
83.1,15.83,5,2.4,0,0,0,165.4
26.28,8.86,4,3.3,0,1,0,75.3
1.0,37.8,7,3.2,1,0,0,25.5
80.04,8.01,4,5.9,0,0,0,179.6
123.74,3.88,8,2.8,0,1,0,251.9
51.42,7.63,5,2.7,0,0,0,97.2
200.39,0.85,7,8.8,1,0,1,302.6
38.36,6.16,3,6.0,0,0,0,105.8
4.41,33.2,5,5.3,0,0,0,45.1
170.23,8.32,5,7.7,1,0,0,309.8
17.66,3.0,5,2.4,0,0,0,42.7
62.86,9.73,9,3.7,1,1,0,136.8
34.94,6.47,4,5.1,0,0,1,53.9
9.67,4.51,7,8.3,1,0,0,37.5
24.69,8.6,7,2.4,0,0,0,58.3
25.84,16.34,3,9.6,1,0,0,111.0
70.33,20.45,8,4.3,0,1,0,150.8
16.36,15.0,6,9.9,0,0,0,67.1
245.8,1.11,3,6.0,0,0,1,342.5
87.51,26.83,6,4.6,0,0,0,163.2
48.49,34.27,2,6.2,0,0,0,136.1
36.9,2.71,6,4.5,1,0,1,79.0
67.83,12.66,5,3.4,0,0,0,147.0
153.46,2.24,3,5.5,0,0,0,298.1
306.23,3.12,0,3.7,0,1,1,447.2
101.33,5.42,3,9.3,0,0,0,216.7
1.57,6.82,6,4.8,1,0,0,62.9
169.14,7.99,6,4.0,0,1,1,233.1
66.06,1.22,3,4.8,0,1,0,140.5
47.5,7.75,9,4.9,1,0,0,116.8
9.81,8.38,5,6.8,0,0,0,49.1
6.74,12.23,8,4.2,0,0,0,14.1
30.63,14.4,2,5.2,1,0,1,59.7
63.89,62.3,5,5.6,1,1,0,201.4
68.57,5.42,4,5.1,0,0,0,158.5
39.74,13.79,8,3.1,0,0,0,73.5
81.94,1.71,5,1.3,1,0,0,131.5
43.19,10.62,3,4.9,0,0,1,76.9
28.16,6.78,7,8.1,0,1,0,125.7
22.8,1.81,7,4.1,0,0,0,83.6
17.04,18.79,7,5.4,0,0,0,37.9
86.06,3.16,6,4.0,0,1,1,186.3
12.36,3.74,4,6.9,0,0,0,41.4
114.89,8.96,6,3.7,1,0,1,167.3
18.43,20.68,5,2.9,0,1,0,108.0
27.8,1.68,8,4.1,0,0,0,52.7
8.05,14.48,4,9.5,1,1,0,109.2
5.92,3.72,5,2.1,1,0,0,19.7
7.58,9.43,4,5.9,0,0,0,77.3
65.78,4.68,3,6.9,1,0,0,123.3
58.12,3.73,3,4.0,1,0,0,95.2
60.56,12.73,9,8.7,0,0,0,136.9
94.81,21.76,9,7.2,0,0,1,154.3
11.42,7.32,2,2.6,0,0,0,55.2
14.96,2.82,7,3.5,0,1,0,67.2
162.88,4.55,5,5.5,0,0,0,275.4
5.64,1.44,8,4.0,0,0,0,28.7
16.39,28.77,4,8.7,0,0,0,48.0
163.17,7.55,5,5.6,0,0,1,231.6
39.64,10.7,0,1.8,1,1,1,79.4
131.46,14.58,3,5.1,0,1,1,224.7
81.99,4.9,4,9.7,0,0,0,173.4
149.37,11.75,9,5.3,0,0,1,233.0
67.11,99.18,3,7.7,1,0,0,211.0
15.17,5.46,2,8.2,0,0,0,81.1
71.23,2.0,8,1.2,0,0,0,130.1
24.86,18.14,7,5.3,0,0,0,63.3
8.72,12.58,5,2.5,0,0,0,43.8
14.22,8.45,8,6.3,1,1,1,63.8
17.34,20.17,5,3.8,0,1,1,78.3
5.43,15.29,6,5.7,0,0,0,73.6
25.74,11.07,8,2.2,0,0,1,28.1
142.68,6.39,3,2.4,1,0,1,197.8
10.82,11.57,7,5.4,0,0,0,60.9
190.94,11.25,4,8.5,0,1,1,300.1
33.32,23.9,6,9.0,0,0,0,99.7
71.03,5.07,5,9.2,1,0,1,123.1
5.94,9.64,9,2.0,0,0,0,12.5
99.07,9.58,4,3.0,0,0,1,141.3
43.14,11.95,3,1.5,0,0,0,81.2
6.95,16.72,1,3.3,0,1,0,53.6
34.54,2.37,2,7.2,0,0,0,135.7
56.81,14.27,7,4.1,0,0,0,115.6
26.61,54.01,3,8.6,0,1,0,142.6
19.62,8.05,8,2.3,0,0,0,30.3
18.08,1.98,4,7.4,0,0,0,54.8
38.2,16.11,4,5.3,0,0,0,105.1
28.92,59.07,10,1.4,0,0,0,56.5
67.62,25.59,4,5.3,0,0,0,145.8
148.61,2.67,10,1.3,0,0,1,177.6
9.91,2.09,5,5.4,0,1,0,75.9
35.53,14.26,2,7.0,0,1,0,108.9
33.64,4.33,3,1.0,0,0,0,79.2
25.6,0.74,4,4.2,0,0,0,75.3
68.8,3.24,11,6.1,0,1,0,171.3
30.55,6.05,5,9.6,0,0,0,102.9
4.94,3.02,8,4.5,0,0,0,34.5
34.87,40.64,4,5.1,1,1,0,125.9
70.2,16.41,2,6.8,0,0,0,129.4
159.2,4.57,4,8.4,1,0,0,268.7
6.05,4.82,6,2.3,0,0,0,38.8
50.25,3.47,6,4.3,0,1,1,113.7
21.79,2.49,7,8.1,1,0,0,86.5
12.91,5.72,3,4.1,1,0,0,50.5
45.57,17.92,3,5.1,1,0,0,115.2
25.08,6.28,5,5.6,0,1,0,58.4
3.77,3.01,2,4.0,1,0,0,44.2
113.03,2.98,5,8.1,0,0,0,244.3
28.37,41.48,6,3.9,0,0,1,63.0
165.81,18.6,5,7.2,0,1,1,277.6
12.59,3.52,0,4.4,0,0,0,42.6
2.87,8.73,3,8.8,0,0,0,70.5
1.51,10.53,6,3.9,0,1,0,40.6
47.79,13.14,5,2.4,0,1,0,130.7
90.81,1.56,7,4.8,0,0,0,193.9
51.04,60.64,5,9.9,0,0,0,154.5
86.78,15.37,1,8.8,0,1,1,152.7
36.46,1.85,9,3.1,0,0,0,87.7
6.02,11.0,4,5.1,0,0,1,32.2
81.87,1.66,3,9.5,1,0,0,193.1
22.55,5.73,2,6.8,0,0,0,82.9
59.0,41.3,4,6.5,0,0,1,142.5
6.06,2.64,4,5.7,1,0,0,39.3
16.55,2.05,3,1.5,0,0,0,35.2
26.77,5.95,3,2.8,1,0,0,63.1
172.55,10.68,2,2.6,0,1,0,306.4
50.75,7.71,3,9.1,0,0,0,164.4
59.08,83.09,0,8.4,1,0,0,184.6
75.18,14.1,5,4.8,1,0,0,165.2
33.94,5.47,4,9.6,0,0,0,117.9
8.45,9.02,5,9.8,0,0,1,64.0
18.32,26.17,2,3.1,0,0,0,69.3
14.17,40.4,4,2.9,0,0,0,62.1
113.55,3.02,5,2.2,0,0,0,194.5
65.17,7.6,8,3.0,0,0,0,128.6
40.21,20.08,5,6.9,1,0,0,105.4
13.96,4.98,1,7.2,1,0,0,109.0
8.48,4.0,0,1.8,1,0,0,34.0
44.74,13.9,6,4.6,1,0,0,134.3
6.89,2.44,4,9.2,0,1,1,97.4
30.14,33.21,3,6.4,0,0,0,122.0
43.53,20.8,1,5.4,1,0,0,137.6
22.0,6.78,4,2.1,0,0,0,78.8
130.89,5.82,2,1.5,0,0,1,165.9
4.81,18.12,6,2.2,0,1,0,33.5
27.44,6.88,2,5.2,0,0,0,126.5
113.57,18.51,5,3.8,1,0,0,229.1
9.72,31.58,5,9.4,0,0,0,68.9
49.45,4.98,3,4.6,0,0,0,121.0
43.52,3.68,5,3.6,1,0,1,73.3
117.41,1.23,6,6.6,0,0,0,226.2
108.18,4.27,4,7.3,0,1,0,224.6
123.04,16.43,4,8.8,0,0,0,228.5
43.47,6.56,9,8.1,0,0,1,82.4
9.85,11.34,3,7.8,0,0,0,71.3
7.35,85.39,2,2.7,0,0,0,78.2
73.58,34.04,2,3.4,0,1,0,175.4
27.17,9.12,7,2.8,0,0,0,53.4
14.24,2.23,8,3.9,0,0,0,42.2
55.13,31.44,5,8.6,0,1,0,157.6
74.56,3.7,4,5.4,0,0,0,136.5
119.91,8.54,4,6.4,0,0,0,241.8
2.23,3.2,4,7.4,0,0,0,76.2
5.63,16.63,3,5.2,0,1,0,66.3
56.92,3.82,4,2.3,0,0,0,106.8
8.05,6.47,4,3.9,0,0,0,42.0
6.85,4.89,5,6.0,0,0,0,71.2
10.19,15.76,8,6.3,1,0,0,70.9
17.77,10.02,2,3.1,0,0,0,63.5
108.55,7.61,11,7.7,0,1,1,144.6
81.17,8.1,5,2.6,0,0,0,136.9
20.38,6.84,7,1.4,1,0,0,88.9
49.13,4.38,4,1.7,1,0,1,57.6
58.32,5.33,3,3.5,0,0,0,112.0
216.95,11.96,6,9.1,1,1,1,327.6
4.23,4.53,4,7.5,1,0,0,28.7
22.27,1.71,3,2.6,0,0,0,49.5
145.96,3.42,9,3.6,0,0,0,234.9
37.98,7.08,5,1.9,0,0,0,75.3
76.48,5.63,4,8.5,0,1,0,174.7
13.08,55.39,7,4.2,1,0,1,50.6
16.79,6.26,5,2.7,0,0,0,35.5
112.44,13.76,4,9.0,0,1,0,240.2
55.88,4.67,3,5.0,1,0,0,144.4
90.13,57.52,8,9.9,0,0,0,237.4
12.05,5.78,3,4.6,0,0,1,47.1
13.8,3.21,2,6.8,0,0,0,66.2
17.32,6.93,8,2.0,1,0,0,50.0
87.23,49.08,4,8.3,0,0,1,165.3
12.25,4.84,4,8.2,1,1,0,94.8
55.45,11.5,4,6.3,0,1,0,161.0
19.57,20.73,7,1.8,0,1,0,86.9
47.14,2.38,3,2.5,1,1,0,113.9
27.97,13.05,7,7.8,0,0,0,70.5
14.97,10.12,6,3.1,0,0,0,47.8
54.33,4.37,4,5.9,0,0,0,130.9
59.24,38.16,3,2.3,0,0,0,142.6
70.72,11.75,2,4.1,0,0,0,151.4
86.4,5.99,7,7.7,0,0,1,140.3
15.7,7.66,8,3.0,0,1,0,87.1
24.56,16.78,8,4.9,0,1,0,84.8
52.75,33.3,5,7.6,1,0,0,165.4
56.36,14.74,5,9.2,0,1,0,135.5
241.93,4.34,7,9.7,1,0,1,346.0
11.62,5.85,5,3.6,0,0,0,47.8
43.4,6.49,11,3.0,0,0,1,41.3
6.27,2.5,8,8.4,1,0,1,10.0
6.71,24.58,3,1.6,0,1,0,65.8
28.0,5.15,5,7.2,1,0,1,52.5
40.74,5.08,3,8.3,1,0,0,129.6
11.62,6.39,6,5.2,0,0,0,27.8
2.86,1.24,6,9.0,0,0,0,73.8
20.85,54.9,4,3.2,1,0,1,91.8
12.37,5.87,6,8.0,0,0,0,33.3
4.64,28.88,9,7.5,0,0,0,29.8
87.24,7.79,3,8.1,1,1,0,228.3
43.95,8.54,5,3.8,0,0,1,57.0
64.07,21.06,5,2.5,0,0,0,139.4
71.69,2.55,4,9.2,0,0,0,147.5
8.15,12.89,4,3.8,1,0,1,27.8
15.68,3.63,3,1.4,0,1,0,51.5
2.86,7.8,5,3.9,1,0,0,44.7
109.72,15.96,8,6.6,0,0,0,192.0
78.18,7.16,4,2.8,0,0,0,131.8
16.19,1.58,5,1.9,0,0,0,33.2
18.57,2.6,8,3.7,0,1,0,66.6
43.99,1.15,5,6.3,1,0,1,53.8
45.38,14.72,7,1.8,0,0,0,67.1
102.2,45.97,4,4.0,1,0,0,179.2
1.5,11.09,3,6.5,0,0,0,54.2
128.79,4.5,4,2.9,0,0,0,229.7
101.48,9.32,6,2.9,1,0,1,122.2
35.37,7.81,6,5.9,1,1,1,80.5
6.15,11.57,8,7.7,0,0,0,70.7
48.44,2.61,8,1.6,0,0,0,73.3
48.42,7.71,8,7.6,0,0,0,114.5
4.68,5.08,2,1.7,1,0,1,22.0
134.8,7.74,7,8.1,0,0,0,230.4
49.4,8.14,6,4.1,0,0,1,56.4
39.11,32.04,2,6.0,1,0,1,77.5
43.17,6.1,3,4.4,1,0,0,94.7
37.59,45.26,4,3.7,1,0,0,114.9
4.81,10.52,9,8.4,1,0,0,76.5
72.91,38.51,3,6.9,0,0,0,144.8
1.0,0.8,5,3.0,0,0,0,10.0
86.98,13.18,5,5.8,0,1,0,181.5
7.82,19.34,2,1.6,0,0,0,41.1
18.47,3.4,3,6.1,0,0,0,94.3
22.94,12.88,5,8.1,0,0,0,82.3
28.97,9.89,3,7.3,1,1,0,126.5
31.48,26.33,4,6.2,1,0,0,114.0
50.31,1.91,7,8.5,0,1,0,129.1
30.21,4.35,6,3.8,0,0,0,75.4
70.06,10.85,4,5.3,0,0,0,146.4
5.97,8.07,8,3.6,0,0,0,37.1
18.77,9.71,7,4.6,0,1,0,44.7
14.14,7.7,4,5.6,0,0,0,57.1
18.76,5.11,12,4.4,0,0,1,36.8
11.17,3.99,1,1.7,1,0,0,40.1
102.31,3.47,4,2.5,0,1,1,178.9
33.8,6.45,7,8.6,1,0,0,83.0
48.85,3.64,10,3.2,0,0,0,102.9
70.01,15.29,5,2.7,0,1,1,118.1
18.22,4.44,3,5.5,0,1,0,74.4
103.32,2.89,8,5.6,1,0,1,145.0
29.83,6.52,4,9.3,0,1,0,124.0
50.83,13.09,3,6.1,0,1,0,143.5
1.35,7.97,6,8.8,0,1,0,91.4
27.42,13.36,3,2.2,1,0,1,52.1
17.37,4.62,9,1.6,0,0,0,27.3
1.78,14.76,5,2.8,1,0,0,38.4
21.61,15.72,8,8.8,0,0,0,57.9
91.14,15.38,5,6.6,1,0,1,152.2
111.48,1.77,11,4.8,0,0,1,166.0
42.21,7.14,7,3.2,0,0,0,55.5
204.64,3.12,4,6.6,0,0,1,312.2
128.52,7.56,5,2.3,1,0,1,172.7
55.4,17.02,5,6.3,0,0,1,115.3
11.21,5.73,4,5.0,0,1,0,56.8
6.45,10.1,6,2.8,1,0,1,24.2
53.95,9.58,7,1.6,0,0,0,74.5
26.15,8.72,9,4.9,1,0,0,83.1
2.51,1.22,6,9.7,0,1,0,78.7
115.98,6.75,11,2.2,1,1,1,193.3
2.62,17.6,2,1.1,0,0,0,22.8
78.36,6.27,4,6.3,0,1,0,171.5
39.19,7.2,6,3.6,1,0,1,16.4
27.7,13.96,2,2.7,0,1,0,77.7
56.83,26.96,4,5.8,1,1,1,156.2
33.05,14.55,4,3.6,0,0,0,115.6
44.77,21.69,5,4.4,0,1,0,137.2
43.29,4.88,5,9.3,1,0,0,137.1
45.97,7.95,3,1.9,1,0,0,72.9
236.6,8.32,6,9.8,0,1,0,438.8
17.34,20.36,5,5.7,1,1,0,118.4
18.37,3.54,5,4.1,0,0,1,25.3
22.48,5.65,4,4.8,1,0,0,101.5
116.34,21.47,7,2.7,1,0,0,201.8
40.32,10.54,6,1.5,0,0,0,89.7
131.67,4.3,3,3.6,0,0,0,229.0
70.84,48.53,3,7.2,0,0,0,157.9
14.47,2.73,5,2.3,0,1,0,56.4
42.28,7.46,5,1.3,0,0,0,68.4
4.21,24.58,2,2.6,0,0,0,43.2
40.9,38.33,4,9.6,0,1,0,167.6
10.59,15.73,8,8.3,0,0,0,62.2
26.49,8.42,5,2.6,1,1,0,100.1
42.94,18.8,7,4.8,0,0,0,90.6
10.68,5.12,4,3.5,1,1,0,74.7
69.78,1.78,7,4.5,0,0,1,120.7
32.63,10.83,4,3.0,0,0,0,71.9
103.43,6.41,3,5.6,1,0,0,216.6
18.55,6.81,2,10.0,0,0,0,97.7
72.62,2.88,9,6.5,0,0,1,103.2
1.23,7.41,2,4.3,0,1,0,41.1
40.2,10.1,4,5.8,0,1,0,113.9
93.57,49.63,1,2.1,0,0,0,173.3
88.88,3.5,7,3.5,0,1,0,194.1
41.72,12.78,4,9.6,1,0,0,114.5
48.51,4.78,6,5.2,0,0,0,109.2
72.75,0.59,8,3.2,0,0,0,114.7
39.12,3.68,6,4.9,1,0,1,48.1
80.84,43.83,5,9.6,0,0,0,196.5
46.04,3.55,3,5.8,0,1,0,113.4
8.19,8.7,6,2.5,1,0,0,45.9
72.84,62.94,5,6.6,0,1,1,161.4
22.16,20.48,1,8.9,0,0,0,115.3
107.77,9.66,3,7.1,0,0,1,178.1
24.31,8.15,5,8.7,1,0,0,90.2
13.92,29.59,5,6.5,0,1,0,102.9
18.04,6.9,4,5.0,0,1,1,77.8
10.07,15.66,4,6.0,0,0,0,48.2
29.75,3.12,4,6.9,0,1,0,117.3
68.95,4.56,5,9.2,0,0,0,143.6
53.97,14.93,6,6.6,1,0,1,96.7
102.59,2.47,6,4.6,0,0,0,156.7
1.04,2.61,6,6.4,0,0,0,42.5
71.32,9.17,7,5.6,0,0,0,135.1
46.89,2.21,5,3.7,0,0,0,102.0
167.25,6.85,2,1.5,1,0,1,241.1
88.92,1.73,3,3.3,1,0,1,122.9
16.47,4.31,4,9.4,0,0,0,64.7
99.82,22.85,7,4.9,0,0,1,155.7
104.14,7.13,5,6.1,0,0,0,190.8
87.06,2.0,0,5.5,0,1,0,190.7
37.29,7.36,3,7.0,0,0,0,99.8
94.67,17.21,9,4.8,0,1,0,200.6
18.94,10.86,4,5.8,0,0,0,80.8
21.44,19.84,4,6.0,1,0,0,92.1
52.23,7.01,6,2.6,1,0,1,81.5
1.38,5.0,3,6.3,0,0,0,44.1
52.64,9.74,13,2.7,0,0,0,70.7
19.32,14.19,4,4.3,0,0,0,70.9
113.08,6.21,4,4.3,1,1,1,178.5
26.64,14.27,7,9.8,0,0,1,73.7
69.03,6.63,9,6.6,1,1,0,159.3
15.92,2.92,5,1.1,1,0,0,37.6
19.97,6.18,3,9.5,0,0,1,47.2
10.26,9.29,3,5.1,0,0,0,41.0
13.79,7.12,4,1.4,0,0,0,27.2
5.72,3.09,7,3.6,0,0,0,33.7
47.98,4.94,10,5.9,0,1,0,107.1
91.7,2.65,8,8.0,0,0,0,187.0
16.7,8.72,2,5.6,1,0,0,80.1
17.98,15.72,5,6.5,0,0,0,75.4
119.87,10.42,6,7.1,0,0,0,234.3
4.76,1.54,3,4.0,1,0,0,52.6
4.81,8.46,12,3.6,0,0,0,10.0
73.62,2.79,6,4.1,0,0,0,115.3
14.43,1.6,6,9.8,0,0,0,75.4
37.86,50.11,5,4.6,0,1,0,143.0
30.61,11.91,6,1.4,0,0,0,69.4
40.49,2.58,4,9.0,1,0,1,74.7
4.46,8.52,7,5.3,1,0,0,33.8
23.87,9.83,6,2.6,0,1,1,72.8
51.13,4.62,5,2.7,0,0,0,86.7
12.67,10.29,9,5.3,0,0,0,35.4
8.14,10.69,7,6.2,0,1,0,67.0
28.9,1.64,2,5.3,1,0,0,119.5
143.81,0.86,8,4.1,0,0,0,228.9
148.27,2.66,6,2.1,0,0,1,193.8
94.85,3.68,5,8.6,0,0,0,191.4
14.9,13.01,5,7.9,0,0,0,91.5
59.16,24.45,6,4.7,1,0,1,105.2
163.52,11.35,3,8.2,1,0,1,255.2
56.9,3.43,4,6.1,1,0,0,137.2
47.24,5.12,5,3.9,1,0,0,134.8
6.24,2.03,5,1.9,0,0,0,11.8
68.96,5.94,4,1.3,0,1,1,117.5
72.96,6.97,7,3.7,0,0,0,136.7
9.39,49.81,5,7.6,0,0,0,91.4
25.42,4.14,2,7.8,1,0,0,104.5
41.95,15.05,5,4.7,0,0,0,70.1
14.23,9.58,6,3.0,0,0,0,42.3
203.36,2.23,2,3.0,0,0,1,293.4
9.11,6.03,6,6.4,0,0,0,60.6
167.54,2.78,8,1.5,0,0,1,215.4
9.03,34.98,7,9.8,1,0,0,75.3
34.16,11.4,2,4.4,1,0,0,108.3
217.64,2.44,12,5.6,0,0,1,276.6
10.85,18.14,3,6.6,1,0,0,78.2
66.89,22.4,4,3.1,1,0,0,145.0
35.7,28.13,3,2.7,0,0,0,102.1
27.41,11.73,4,2.7,0,0,0,82.8
26.94,7.45,6,9.8,0,0,0,100.0
40.77,9.44,8,5.7,0,0,0,107.3
72.81,8.02,3,8.1,0,0,0,155.9
19.73,11.16,6,4.6,0,1,0,100.6
273.52,2.67,8,2.0,0,0,1,351.3
118.7,21.09,6,6.1,0,0,0,194.5
33.82,5.46,3,10.0,0,0,0,129.9
38.26,19.66,4,8.6,0,0,1,130.2
64.38,5.12,6,7.0,0,0,0,119.9
17.45,14.11,6,3.4,1,0,0,83.6
34.54,29.21,9,7.6,0,0,1,73.5
21.07,11.53,5,5.3,0,0,0,52.0
27.67,14.2,4,5.1,0,0,0,47.4
80.99,14.05,3,1.0,0,0,0,163.4
35.33,4.36,6,1.4,0,0,0,54.2
90.0,2.22,5,3.4,0,0,0,210.4
10.7,43.31,7,6.7,0,1,0,106.9
54.45,8.38,3,5.2,0,0,0,135.9
98.98,23.93,8,3.8,0,1,0,180.5
10.34,24.33,10,9.3,1,1,0,95.6
32.66,2.9,4,5.4,0,0,0,66.8
117.98,2.11,6,1.2,0,0,0,196.2
151.43,10.09,6,7.3,0,0,0,265.8
72.29,5.8,3,6.8,0,0,0,124.9
53.68,2.8,8,10.0,0,0,0,132.0
9.54,0.63,5,9.1,0,0,0,56.0
187.08,13.27,8,7.8,1,0,1,287.8
1.0,5.3,8,3.5,1,1,1,24.7
38.8,56.18,3,5.4,0,0,1,103.2
10.32,13.93,6,6.8,1,1,0,75.9
145.85,9.86,10,5.2,0,0,1,220.1
54.13,7.08,3,7.4,1,0,1,99.8
105.3,2.49,4,2.3,0,1,0,192.7
28.35,28.26,3,2.6,1,0,1,68.6
66.97,21.19,4,10.0,0,0,1,138.9
60.93,9.04,3,6.6,1,0,0,151.4
98.96,0.87,1,2.2,1,0,1,135.8
2.24,16.68,4,4.9,0,0,0,56.6
38.57,0.23,6,10.0,0,0,0,101.0
70.22,2.02,8,1.8,0,1,0,113.0
205.16,11.88,7,6.5,0,0,0,362.3
61.38,4.67,4,8.0,1,0,1,120.6
45.55,19.75,5,9.7,1,0,0,135.3
36.15,4.68,5,4.1,0,1,0,110.9
19.08,4.22,5,3.5,0,0,0,32.8
7.31,2.48,3,4.2,0,0,0,48.8
127.87,1.85,7,4.6,1,0,1,182.5
10.21,23.94,4,5.2,0,0,0,43.7
63.4,16.89,7,2.3,0,0,0,108.2
77.87,6.71,3,4.0,0,0,0,151.9
97.75,2.36,4,4.2,0,0,1,142.7
19.23,4.05,4,9.8,0,0,0,104.2
108.46,1.65,5,8.2,0,0,1,176.7
35.32,7.83,1,5.1,0,0,0,71.6
9.7,16.7,8,9.8,0,0,0,71.5
5.44,3.31,2,5.8,0,0,1,18.4
4.82,1.76,5,4.3,1,1,0,68.7
52.66,5.39,7,1.5,0,1,0,110.0
64.12,2.92,7,7.7,1,0,1,66.8
30.83,4.01,9,8.7,1,0,1,73.9
9.88,16.38,4,5.0,0,1,0,77.2
148.77,3.21,6,9.9,1,0,1,245.7
26.95,7.28,5,7.0,0,0,0,91.5
4.0,7.97,6,6.9,0,0,0,29.8
13.89,8.65,5,2.4,0,0,1,17.4
46.25,3.81,2,1.5,1,0,0,115.6
32.23,8.97,4,4.3,0,0,0,97.1
35.03,4.84,4,7.0,0,0,0,108.8
15.9,3.36,4,2.9,0,1,0,63.2
1.0,11.65,1,9.5,1,0,0,75.4
7.62,3.35,6,1.1,0,0,0,23.3
139.94,17.64,3,4.5,0,0,0,252.9
44.35,4.07,7,3.5,0,0,0,68.5
9.02,6.28,4,6.4,1,0,1,64.6
10.37,1.26,5,9.3,0,0,0,56.3
124.05,3.97,3,3.8,1,0,1,166.2
12.09,1.91,7,4.5,0,0,0,77.0
4.51,16.59,5,9.1,1,0,0,66.1
140.88,1.64,7,8.8,1,1,1,261.0
13.94,18.15,2,2.1,0,0,0,38.8
101.93,16.1,9,7.4,0,0,0,209.5
75.97,3.16,2,5.6,0,1,0,150.7
19.98,2.69,2,9.4,1,0,0,90.8
189.02,3.78,5,3.9,0,0,1,276.6
136.15,3.32,4,6.9,0,0,0,254.9
18.22,7.11,6,9.5,0,0,0,66.1
12.57,4.35,2,5.1,0,0,0,59.0
2.63,7.66,9,7.2,0,1,0,50.3
126.64,5.59,8,8.4,1,0,1,179.3
106.6,24.8,3,6.0,0,0,0,242.6
57.66,14.58,7,4.5,0,0,0,111.9
123.63,3.55,4,5.3,0,0,0,227.6
17.01,12.29,8,5.9,0,1,0,67.5
5.55,3.1,9,3.2,1,0,0,51.8
75.84,2.63,4,3.3,0,0,0,142.8
187.75,11.3,6,9.7,0,0,0,342.7
14.68,22.83,5,8.4,1,0,0,101.1
12.53,14.25,1,5.3,1,0,0,96.8
140.35,12.25,4,7.1,0,0,0,272.4
63.57,28.68,2,6.4,1,0,1,138.8
16.63,10.47,5,4.8,1,0,0,27.4
41.13,6.29,4,3.3,1,0,0,113.9
32.47,8.25,2,5.4,0,0,0,89.9
66.22,3.01,4,2.2,0,0,1,84.6
27.59,6.36,5,7.9,0,0,1,37.3
26.09,19.06,6,6.0,0,0,0,92.3
95.14,5.2,8,2.2,0,0,0,194.2
61.4,15.74,6,9.3,1,0,1,80.2
63.55,60.16,9,4.4,0,0,0,134.0
15.86,2.09,6,6.6,0,1,1,83.7
30.4,2.33,2,8.0,0,0,0,93.6
45.14,37.5,3,5.0,0,0,0,97.5
15.0,70.44,3,8.5,0,0,0,113.2
248.39,3.31,3,10.0,1,0,1,389.3
29.75,4.97,3,8.7,0,0,0,110.2
23.03,19.53,1,9.7,1,0,0,124.9
95.32,34.84,4,3.5,0,0,1,147.7
14.23,10.56,7,5.6,1,0,1,45.8
81.07,8.59,6,7.3,0,1,0,196.3
143.16,1.69,5,9.9,1,0,1,230.3
63.72,4.4,4,5.8,0,0,0,153.6
34.43,3.75,2,7.7,0,0,0,113.1
6.62,6.64,4,8.2,0,0,0,31.5
60.29,21.56,4,3.0,0,0,0,115.4
90.05,12.96,6,1.5,1,1,0,171.2
26.78,5.88,3,4.7,0,0,0,46.4
72.48,2.55,7,5.8,0,0,0,136.9
38.84,11.14,5,1.8,1,0,0,90.7
74.83,4.1,6,1.6,0,1,0,130.6
15.61,19.38,3,9.5,1,0,0,112.3
1.0,8.25,6,6.0,1,0,1,12.8
277.15,22.71,9,1.9,0,0,1,381.3
9.17,22.27,11,4.6,0,0,0,34.0
105.56,20.21,4,4.5,0,0,1,172.9
4.65,15.6,6,3.7,1,1,0,72.1
52.83,3.45,6,7.2,0,0,0,119.4
2.89,4.09,3,3.6,0,1,0,60.3
55.52,5.59,7,8.7,0,0,0,140.3
5.62,5.56,4,9.2,0,1,0,65.6
46.39,5.77,2,8.7,1,0,1,95.5
22.44,14.68,4,6.6,0,0,0,97.6
37.26,33.63,8,7.4,1,0,0,124.9
2.56,3.51,6,7.0,1,0,1,44.7
21.8,14.53,0,2.2,0,0,0,40.5
75.75,15.52,7,1.4,0,1,1,146.4
74.67,4.03,5,9.8,0,0,0,166.9
54.09,3.91,4,7.5,0,0,0,119.7
150.04,12.86,5,1.5,0,1,0,269.8
54.38,3.55,7,7.7,1,0,0,156.5
21.17,21.39,8,5.4,0,0,0,46.3
56.2,6.75,4,7.7,1,1,1,137.3
22.01,21.19,6,2.2,0,0,0,39.0
46.39,52.71,6,1.6,1,0,0,105.0
55.33,10.28,5,8.4,0,0,1,103.5
30.4,9.14,4,5.9,1,0,0,92.0
205.23,2.14,4,1.3,0,0,1,273.1
5.2,13.34,3,3.7,0,0,0,36.7
35.35,4.53,1,8.4,0,0,0,106.9
113.11,2.35,8,9.1,0,0,0,217.1
28.96,5.47,7,8.7,0,1,0,98.6
47.47,20.86,9,6.9,0,0,0,98.5
26.43,2.78,6,9.4,0,1,0,106.9
156.89,28.82,4,9.8,0,0,0,325.8
187.68,39.5,4,6.3,0,1,1,314.8
10.41,34.68,7,4.5,0,0,0,90.4
135.6,3.95,4,6.4,0,0,0,255.7
36.01,16.84,4,6.5,0,1,0,128.1
42.67,18.77,3,6.6,0,0,0,111.7
143.78,3.86,3,3.0,0,1,0,247.9
66.68,17.59,5,1.8,0,0,1,97.6
49.69,5.72,7,2.6,1,0,1,74.9
105.29,14.28,5,3.2,0,0,0,166.1
53.67,18.19,3,6.5,1,0,1,107.2
3.97,2.09,5,5.9,0,0,0,43.9
59.53,18.38,7,9.0,1,0,0,150.3
142.81,6.9,9,1.2,1,0,1,170.7
37.99,9.04,3,1.6,0,0,1,76.6
38.69,9.95,2,5.3,1,1,1,98.7
16.28,6.81,4,4.4,1,0,0,75.4
41.34,1.39,7,5.8,0,0,0,94.0
138.87,8.99,3,8.1,1,0,1,226.0
16.65,2.81,8,5.1,0,0,1,13.6
172.29,51.9,3,6.4,0,0,1,269.1
61.69,3.55,4,4.4,0,0,0,97.2
12.34,47.31,7,6.9,1,0,0,88.6
60.95,17.9,6,1.8,1,0,1,86.4
27.54,8.71,3,2.1,1,0,1,63.3
44.17,4.28,7,6.7,0,0,0,136.2
98.72,9.2,4,6.6,0,0,0,192.8
12.11,7.62,2,6.8,0,0,1,44.1
29.71,6.1,5,1.4,0,0,0,47.2
28.83,3.92,5,6.7,0,0,0,52.0
58.52,5.51,7,9.8,1,0,1,93.1
3.54,22.43,5,4.0,0,0,0,36.3
10.32,4.52,7,1.1,0,1,0,68.4
29.04,46.19,6,3.2,0,1,0,104.6
39.33,48.13,3,6.9,0,0,0,126.6
2.22,7.59,7,5.1,0,0,0,55.4
29.29,8.3,4,8.6,0,0,0,103.9
48.48,1.59,3,9.1,0,0,0,145.4
7.29,2.81,6,4.3,0,1,1,68.5
29.14,12.4,5,9.9,0,0,1,84.3
67.22,4.04,2,8.9,1,0,0,130.6
4.7,0.69,2,1.4,0,0,0,79.9
48.38,5.17,7,1.7,1,1,0,112.2
24.17,8.44,3,8.5,0,1,0,131.6
29.96,96.22,6,7.6,0,1,0,152.8
22.35,3.82,5,9.5,1,1,1,75.8
4.39,5.5,4,9.2,0,1,0,64.0
45.6,11.2,6,2.2,1,1,0,128.9
27.67,19.1,2,9.1,1,1,1,141.0
91.65,6.05,4,2.6,1,0,1,103.6
65.91,13.61,4,5.5,1,0,1,94.6
43.34,6.03,3,9.0,0,0,0,92.8
13.52,22.72,7,5.8,1,1,0,96.7
33.22,17.46,4,3.8,0,1,0,118.0
75.19,25.24,5,3.8,0,0,0,145.0
6.25,15.68,3,3.5,0,1,0,47.0
6.32,8.02,6,1.1,1,1,0,70.5
12.37,27.96,9,6.0,0,0,0,66.4
108.73,1.5,6,3.6,1,0,1,151.2
35.56,1.21,5,6.4,1,0,0,91.1
186.61,35.62,4,5.8,0,0,0,336.7
108.46,16.73,7,6.6,0,0,0,193.9
13.11,2.54,4,6.7,1,0,0,68.2
213.07,15.49,5,6.1,1,0,1,281.0
33.7,35.81,6,8.3,0,1,0,152.1
102.13,78.88,8,9.4,0,0,0,238.4
32.29,4.76,2,3.6,0,0,0,89.8
146.09,2.03,6,9.2,1,0,1,251.7
68.05,17.62,10,2.4,0,0,1,88.4
37.52,9.06,5,9.6,1,0,0,132.2
60.17,2.12,5,5.4,0,0,0,149.5
12.86,3.38,2,1.8,0,0,0,59.0
96.53,9.14,3,9.6,0,0,0,219.3
15.95,3.29,8,1.7,0,0,0,38.7
45.02,3.36,3,8.1,1,0,0,120.0
236.95,13.95,4,9.2,1,0,1,396.3
2.72,10.7,5,2.7,0,0,0,10.0
9.48,8.11,3,1.9,0,1,0,51.5
58.06,17.56,6,3.4,0,0,0,116.3
50.64,37.66,4,9.8,0,0,0,171.8
64.41,8.88,5,7.6,1,0,1,118.3
1.0,0.27,5,8.7,0,1,0,60.0
57.37,6.22,1,3.6,0,1,0,123.6
141.77,30.75,7,1.6,0,1,0,282.4
25.62,27.79,5,6.5,1,0,0,132.6
33.68,7.56,3,1.0,0,0,0,79.0
60.27,4.01,9,9.5,1,1,1,124.6
106.21,4.16,6,7.8,0,1,1,212.4
70.02,11.14,7,8.9,0,1,1,166.2
163.28,1.14,4,9.6,1,0,1,240.0
67.21,24.15,2,4.4,1,0,0,169.8
16.88,12.24,5,7.9,0,0,0,86.7
112.98,2.28,3,7.0,0,1,1,231.7
35.48,4.05,4,7.4,1,1,1,82.4
125.27,2.2,9,7.5,0,0,1,182.0
3.4,5.35,6,4.5,1,1,1,34.7
52.1,5.71,8,5.6,0,0,0,109.1
1.0,6.45,5,8.4,1,0,0,61.1
8.11,11.37,6,8.4,1,0,0,49.5
18.05,6.28,5,1.4,1,0,0,77.3
67.24,2.52,2,4.9,1,0,1,101.4
27.19,7.09,6,6.3,0,1,0,102.7
29.27,4.11,7,2.0,0,0,0,35.4
17.51,3.43,3,6.8,0,0,0,88.9
92.69,5.74,2,8.6,0,1,1,180.2
165.6,15.69,3,1.4,0,0,1,232.6
204.37,6.46,1,9.6,0,1,1,333.1
36.89,22.43,8,9.7,0,0,0,119.3
2.26,9.86,2,6.4,1,0,0,65.6
5.17,11.77,5,2.8,0,0,0,25.3
102.99,3.76,6,4.6,0,0,0,158.7
45.43,1.72,7,3.0,0,0,0,92.3
9.96,2.81,4,9.2,1,0,0,69.1
38.48,15.96,6,4.3,0,0,0,112.2
47.77,14.71,6,2.5,0,0,0,72.9
97.35,45.79,4,1.7,0,0,0,206.1
53.97,26.58,5,4.5,0,0,0,144.2
33.05,2.5,7,4.3,0,1,0,112.7
46.19,42.4,5,6.8,0,1,0,159.4
7.19,9.81,8,7.1,0,0,0,26.0
14.01,1.86,2,5.6,0,0,0,65.8
37.69,4.23,6,3.0,0,0,1,52.7
12.03,2.02,8,9.0,0,1,0,72.5
211.28,18.22,5,2.2,1,0,1,274.1
39.78,19.36,4,6.0,1,1,1,112.3
7.72,2.94,6,6.9,0,0,0,63.1
128.06,7.66,5,4.2,0,0,1,184.3
61.8,21.08,10,9.4,0,0,0,136.8
1.98,66.28,1,8.5,1,0,0,96.3
22.58,29.28,7,9.5,0,0,0,88.0
27.74,7.77,5,7.7,0,0,0,87.1
37.68,46.54,7,8.9,0,0,0,117.1
18.99,13.05,3,8.9,0,0,0,67.6
63.96,4.34,3,3.2,0,0,0,99.1
39.5,1.83,7,9.4,0,0,0,111.7
2.41,17.5,4,3.5,0,0,0,44.2
4.1,2.68,5,3.4,1,0,0,35.1
19.95,4.28,5,1.4,0,0,0,57.0
52.67,5.45,8,7.9,1,1,1,109.9
52.23,15.27,5,7.2,0,1,0,160.5
10.34,5.17,6,9.1,0,0,0,88.7
111.6,1.32,7,8.9,0,0,0,204.3
36.09,7.45,6,4.1,1,0,0,107.3
43.43,8.98,6,8.5,1,0,1,101.3
77.88,8.04,5,4.1,0,0,0,128.1
6.11,5.42,3,5.3,0,0,0,49.9
37.11,3.32,4,7.5,1,1,0,123.4
59.44,8.1,6,5.5,1,0,1,92.7
11.43,3.75,4,3.8,1,0,0,50.5
9.51,7.16,8,6.3,0,0,0,59.1
137.61,0.75,5,8.4,1,0,1,204.0
75.59,17.08,5,6.2,0,0,0,163.5
1.35,6.24,8,7.3,1,0,0,21.0
25.76,0.82,4,7.7,0,0,0,91.9
10.14,44.41,2,3.2,0,0,0,80.0
19.03,11.68,6,7.4,0,1,0,99.6
16.92,2.1,3,7.2,0,1,0,110.3
365.4,4.18,6,5.7,0,1,1,517.4
185.56,1.44,4,8.4,1,0,1,262.0
4.67,3.97,8,3.5,0,0,0,37.0
13.77,7.04,9,1.2,0,0,0,35.7
75.64,7.56,4,7.6,0,1,0,177.9
50.14,3.68,3,3.8,0,0,0,87.6
4.08,5.41,3,5.9,0,0,0,70.1
2.55,11.15,4,8.3,0,0,0,46.1
9.0,8.54,6,2.2,0,0,0,24.1
28.38,46.69,8,8.1,0,0,0,123.7
100.18,1.61,8,5.6,0,0,0,150.2
23.28,6.55,4,1.7,0,0,0,46.4
16.7,26.29,5,8.5,1,0,0,76.2
17.81,95.27,4,8.4,0,0,0,124.0
49.45,2.86,5,3.9,0,0,0,109.7
23.05,10.25,5,4.9,1,0,0,82.3
30.44,8.19,6,9.6,1,1,0,116.8
26.2,1.06,1,9.2,1,0,0,97.7
24.25,4.41,6,5.8,1,1,0,94.3
8.98,19.33,6,2.1,0,0,0,38.2
129.82,1.99,8,3.6,0,0,0,239.3
7.29,25.03,6,1.7,0,1,0,47.0
44.75,6.64,6,6.8,1,0,0,131.8
3.07,5.57,5,9.1,0,0,0,50.2
10.0,16.5,5,4.7,0,1,0,47.7
19.83,31.23,5,9.9,0,0,0,121.6
10.94,100.0,1,3.5,0,0,0,100.9
24.2,4.71,7,4.2,0,0,0,74.9
59.15,9.1,3,9.8,1,0,1,129.8
52.15,4.59,5,8.3,0,0,0,143.6
39.88,12.2,5,8.5,0,0,0,123.7
18.08,76.82,2,4.3,0,0,0,108.8
93.26,3.0,6,7.9,1,0,1,141.6
97.86,3.43,6,9.8,0,0,0,204.3
12.41,7.06,3,6.4,0,0,0,71.3
172.32,3.09,4,8.1,0,0,1,268.2
8.96,0.93,5,3.8,0,0,0,29.6
14.96,11.55,2,5.1,0,1,1,79.2
64.98,7.32,4,5.7,0,0,0,147.3
64.15,47.72,3,2.6,0,0,0,155.4
13.47,1.98,4,9.1,0,1,1,84.7
36.59,5.59,6,5.2,0,1,0,106.1
1.36,5.01,8,9.3,0,0,0,61.2
42.8,7.09,5,6.8,0,0,0,96.1
129.37,3.56,3,5.2,0,0,0,226.9
9.72,16.87,7,8.6,0,0,0,46.6
1.0,7.42,5,9.0,0,0,0,55.1
75.8,2.58,2,1.2,1,0,0,150.5
144.22,15.02,3,8.7,0,0,0,253.3
16.13,4.72,6,4.6,1,1,0,69.3
109.6,9.2,9,3.8,1,0,0,184.9
30.39,12.08,4,9.1,1,0,0,122.8
78.39,3.35,6,4.1,0,1,0,166.4
17.95,9.53,5,3.3,1,0,1,42.0
132.4,1.62,6,9.1,0,0,0,273.3
3.74,1.21,4,7.5,0,0,0,61.4
105.19,12.47,2,6.8,0,0,0,182.2
20.41,7.78,8,3.5,0,0,0,39.6
1.0,18.1,4,2.9,1,0,0,27.1
17.65,0.78,2,4.5,0,0,0,55.1
83.35,19.19,4,7.5,0,1,1,172.8
5.04,5.46,5,3.0,0,0,0,31.2
54.56,4.94,5,6.2,0,1,0,143.9
96.25,46.33,5,6.6,0,1,1,215.5
18.48,5.87,6,7.8,0,0,0,63.0
28.84,4.61,8,6.7,0,0,0,87.4
1.0,4.93,2,1.8,0,0,0,10.0
12.25,2.49,7,9.8,0,0,0,77.0
11.05,7.84,3,8.7,1,1,0,85.1
90.47,45.02,6,4.1,0,0,0,156.0
111.35,1.07,5,3.1,1,0,1,141.2
38.63,18.91,6,4.8,1,0,0,100.4
43.63,7.19,4,3.9,0,1,0,134.6
3.45,2.59,5,7.7,0,1,0,86.7
40.51,10.84,4,8.5,0,0,0,117.4
14.81,7.89,6,2.8,0,0,0,29.2
24.05,5.01,8,8.8,1,1,0,103.8
31.6,10.97,7,3.5,1,0,1,70.8
43.84,8.17,2,6.2,0,1,0,124.1
36.04,12.26,3,3.6,1,0,0,109.6
6.62,8.89,5,2.8,0,1,0,77.9
33.49,1.44,5,7.0,0,0,0,78.2
16.24,1.5,8,2.6,0,0,0,41.0
104.14,4.79,6,9.5,1,0,1,184.8
8.83,4.1,6,3.4,1,0,1,30.1
52.97,8.63,5,9.2,1,0,1,117.3
80.93,3.09,5,1.9,1,0,1,112.8
4.26,4.58,4,4.7,0,0,0,53.9
40.69,13.2,5,5.1,1,1,1,99.7
13.47,1.92,4,6.8,1,0,0,69.7
10.23,9.81,4,9.3,0,0,1,73.7
13.62,1.89,6,8.5,0,0,0,95.5
20.49,5.14,4,3.0,1,0,0,71.5
90.84,6.2,10,9.0,1,0,0,175.1
18.61,3.24,6,5.3,0,0,0,75.8
214.73,17.02,3,1.4,1,0,1,298.1
1.0,46.84,4,8.4,1,0,0,69.3
86.21,0.35,5,1.4,1,0,1,103.9
8.25,20.39,6,4.9,1,0,0,62.3
73.62,21.36,5,3.2,0,1,0,170.3
50.19,7.49,4,8.0,0,1,0,156.1
44.81,7.14,4,3.4,0,1,0,111.3
11.85,4.5,2,4.4,0,0,0,32.0
61.18,7.86,10,8.9,1,1,0,182.9
34.36,21.29,10,1.3,0,1,0,79.5
127.78,3.62,7,3.7,1,0,0,214.1
12.17,3.5,6,4.3,0,0,0,20.2
100.56,24.5,8,3.9,1,0,1,134.5
67.89,13.0,4,9.0,0,0,0,150.3
4.98,7.58,6,9.5,0,1,0,51.9
37.85,23.96,10,5.9,1,0,1,40.9
59.88,4.25,3,6.8,1,0,0,147.9
4.21,15.27,6,9.8,0,0,0,68.2
22.85,29.9,3,9.1,0,0,0,72.6
71.13,10.43,3,8.1,1,1,0,171.2
29.19,3.01,5,4.9,1,0,1,75.0
11.79,2.29,3,4.7,1,1,0,77.0
8.47,4.2,6,9.1,1,1,0,84.0
87.99,13.93,7,3.8,0,0,0,160.0
3.46,12.6,11,7.1,0,1,0,38.8
6.48,7.21,5,9.4,0,0,0,39.9
90.59,9.05,10,6.1,1,0,0,203.5
55.63,17.92,3,5.9,1,0,1,91.0
13.43,4.44,6,6.6,0,0,0,83.5
9.08,0.82,14,5.4,0,0,0,10.0
5.94,64.89,4,6.9,0,0,0,90.1
2.48,20.82,3,5.5,1,0,0,55.4
11.86,15.53,4,2.9,0,0,0,52.7
72.97,37.76,5,3.9,0,0,0,129.4
47.69,15.97,7,6.1,0,0,0,104.6
63.44,4.5,7,2.5,0,0,0,140.9
182.06,41.55,6,7.6,0,0,1,276.9
27.8,1.57,5,1.6,0,1,0,68.3
129.86,2.66,5,2.1,0,0,0,188.0
4.0,9.5,4,4.3,0,1,0,38.9
77.62,16.4,2,1.6,0,0,1,132.8
48.61,6.1,3,5.1,0,0,0,132.4
50.97,8.48,6,5.9,0,0,0,106.8
1.0,5.48,8,6.5,1,0,0,35.6
11.37,4.63,1,5.0,0,1,0,87.4
153.74,7.37,5,9.0,1,0,1,224.5
52.66,0.66,9,7.3,0,0,1,92.0
123.25,4.9,3,4.1,1,0,1,203.8
7.64,2.26,4,9.6,0,0,0,68.0
39.22,12.74,2,1.4,1,0,1,46.7
14.64,24.11,3,6.1,0,0,1,62.2
172.69,1.33,4,1.5,0,0,0,296.0
72.66,3.29,2,6.1,0,1,0,177.3
168.88,19.34,3,9.0,0,1,1,286.1
1.67,5.52,4,4.3,0,0,0,39.8
12.75,43.98,5,4.6,0,0,0,59.7
123.45,100.0,4,6.1,1,0,0,262.9
8.65,23.05,5,1.1,0,1,0,56.1
55.82,4.28,6,8.5,0,0,0,129.0
129.24,3.26,7,6.6,0,0,0,212.1
1.0,5.42,3,9.7,0,0,1,33.7
38.3,30.2,6,8.0,0,1,0,146.2
46.79,3.51,3,6.1,1,0,0,108.6
74.52,5.7,6,3.9,0,0,1,122.7
74.64,8.99,6,9.0,0,0,0,167.5
39.94,2.0,3,3.6,1,0,0,51.1
108.55,11.34,3,1.7,0,0,0,198.1
15.32,7.26,7,4.2,0,0,0,63.1
26.62,4.36,6,2.4,0,0,0,82.9
54.46,4.08,6,6.0,0,0,0,113.2
81.87,3.08,4,5.1,1,0,0,157.4
20.55,36.51,6,7.6,0,0,0,67.4
21.19,5.56,4,7.6,0,0,0,61.2
31.28,6.49,6,4.9,0,0,1,83.9
16.98,18.46,3,1.4,0,0,0,93.4
20.51,10.77,3,7.5,0,1,0,110.6
49.56,7.14,6,2.0,1,0,1,90.6
12.39,10.77,3,5.9,1,0,0,78.8
36.18,2.24,3,5.4,0,0,0,96.7
166.2,12.31,5,8.7,1,0,1,259.1
123.09,3.46,6,7.9,0,0,0,269.1
24.56,21.73,6,1.1,0,1,0,83.7
15.25,8.89,6,2.0,0,0,0,59.9
235.91,8.96,7,4.8,0,0,1,329.7
12.24,9.58,7,5.3,1,1,1,57.6
85.49,3.47,4,9.9,1,0,0,186.5
155.77,8.12,9,2.9,0,0,1,196.1
342.0,25.83,6,8.1,0,0,1,494.2
28.41,2.92,5,4.6,1,0,1,36.3
27.57,15.01,4,8.6,0,0,0,90.6
55.7,28.57,3,5.1,1,0,1,123.8
25.31,37.6,8,7.3,0,0,0,105.6
13.42,10.41,3,6.4,1,0,0,72.6
18.14,6.14,10,1.2,0,0,0,16.2
4.43,41.23,2,5.8,0,0,0,95.5
13.28,4.03,4,5.7,0,0,1,50.6
10.23,8.0,3,3.3,1,1,0,77.9
31.02,8.7,7,9.0,0,1,0,101.9
192.62,8.76,3,5.8,0,1,1,294.6
56.76,2.28,5,2.8,1,0,1,92.0
10.51,8.97,8,6.7,0,1,0,80.9
119.37,5.6,6,8.6,0,0,1,214.6
8.54,4.8,4,4.7,0,0,0,41.8
37.32,6.55,7,2.8,1,0,0,60.2
50.91,6.33,6,5.8,0,0,0,100.3
22.46,7.12,6,8.0,0,0,0,80.5
79.79,28.91,7,5.7,0,1,1,163.5
7.22,4.14,6,8.6,0,0,0,85.4
37.36,5.85,5,2.7,0,0,1,47.8
20.65,6.51,5,4.4,0,0,0,70.5
1.0,1.89,4,8.6,0,0,0,62.5
31.69,2.07,8,6.3,1,0,0,97.0
25.53,3.87,4,8.3,0,1,0,116.5
9.92,7.03,1,7.4,1,0,1,46.9
23.9,7.57,3,5.0,1,0,0,86.0
9.19,1.61,5,2.2,1,0,0,27.7
29.08,1.93,4,5.4,0,0,0,71.5
27.49,7.18,8,7.4,0,0,0,84.9
47.58,1.93,4,3.5,1,0,1,75.1
16.14,1.51,5,4.7,1,0,0,59.0
11.05,30.01,5,7.9,0,0,0,36.2
62.69,14.33,4,7.0,1,0,0,152.6
77.07,3.93,5,9.2,0,0,0,148.0
2.63,52.38,5,1.1,0,0,1,34.9
36.96,6.38,5,6.6,0,0,1,100.0
32.7,11.07,6,5.2,0,0,0,127.7
28.82,8.61,2,7.0,0,0,0,78.5
1.15,12.65,8,7.2,0,1,1,75.3
39.11,48.8,9,4.7,0,0,0,106.5
50.87,3.96,5,5.8,0,0,0,115.7
85.97,35.0,5,1.9,0,1,0,176.5
74.92,20.17,4,9.6,0,0,0,192.1
12.15,7.54,4,3.9,1,0,0,30.5
134.66,13.81,4,6.8,0,0,1,218.9
4.2,8.23,9,2.9,1,0,0,33.2
40.0,21.07,2,8.5,0,0,0,133.7
12.59,10.01,5,6.0,0,0,0,38.4
57.28,23.87,7,4.9,1,0,1,120.9
83.93,3.68,3,2.6,0,0,0,146.6
84.0,4.06,4,6.1,0,0,0,167.8
15.54,2.36,7,1.9,0,0,0,26.7
26.26,3.0,2,9.1,0,0,0,124.6
22.44,37.63,4,6.0,0,0,0,85.7
4.78,3.3,7,7.1,1,0,0,79.1
80.31,6.57,8,6.1,0,0,0,156.3
21.28,8.38,8,4.0,1,0,0,77.1
27.21,48.91,5,6.1,0,0,0,110.5
56.93,16.26,5,1.8,0,0,0,97.9
49.33,3.52,7,8.4,0,0,0,134.1
90.6,7.91,2,1.6,0,0,0,155.7
29.03,1.82,6,8.9,0,1,0,121.0
109.84,22.78,3,2.2,0,0,1,128.1
222.81,5.33,5,6.8,1,0,1,311.0
21.75,1.58,6,2.6,0,0,0,39.6
8.94,11.01,3,5.1,0,0,0,62.7
9.18,43.46,9,1.1,0,0,0,13.6
24.46,3.71,8,6.7,0,0,0,50.2
26.67,4.45,7,9.2,1,1,1,91.0
163.79,5.65,5,9.7,0,0,1,286.3
97.02,6.77,5,6.0,0,0,0,206.4
183.47,5.16,2,7.9,0,0,1,283.9
42.93,14.26,4,1.7,0,0,0,95.4
1.87,10.36,6,5.4,1,0,1,29.0
20.56,13.41,7,3.3,0,0,0,51.2
98.48,8.27,6,9.3,0,0,1,170.1
38.54,14.0,4,5.6,0,0,0,107.4
48.42,3.87,1,7.0,0,1,0,141.6
47.97,12.46,7,1.6,0,0,0,92.5
182.02,11.96,3,5.1,0,0,1,291.9
38.22,54.46,7,1.0,0,0,0,86.0
60.22,1.57,4,7.0,0,0,0,101.5
5.11,6.38,8,5.6,1,0,0,49.7
29.57,8.89,4,8.9,0,0,0,139.5
110.76,52.66,5,8.8,0,0,0,276.5
63.71,19.94,2,2.8,1,0,0,142.5
31.92,4.1,7,7.6,0,0,0,65.9
66.41,57.47,3,5.0,0,0,0,159.7
6.68,23.84,8,9.0,0,0,0,64.2
81.69,64.59,5,2.4,0,0,0,153.1
81.83,25.74,4,7.0,1,0,1,161.9
75.77,10.18,5,3.7,0,0,0,135.0
39.71,55.07,4,6.2,1,0,0,109.8
1.87,0.98,1,1.5,0,1,1,47.3
83.13,10.19,4,1.2,1,0,1,88.9
2.62,4.14,2,7.6,0,0,0,43.6
166.5,7.14,7,7.7,0,0,1,266.0
51.5,7.71,5,7.3,0,0,0,128.4
1.0,2.11,7,4.3,1,1,0,91.4
5.63,20.74,4,2.8,0,1,0,37.0
50.0,6.09,4,3.6,1,0,0,96.4
305.84,22.05,6,5.5,1,0,1,449.9
4.69,2.8,2,4.9,0,0,0,49.8
3.51,1.12,3,7.2,1,1,0,64.8
56.45,2.16,3,1.8,0,0,0,104.4
48.53,13.25,7,9.4,1,0,1,100.7
101.45,4.31,10,6.3,1,0,1,159.9
99.2,4.59,4,3.0,0,0,1,148.5
49.94,12.75,3,7.6,0,0,0,112.5
17.83,5.1,4,2.3,1,0,0,63.6
58.73,4.81,1,2.4,0,0,0,99.0
10.18,8.84,3,4.5,1,0,1,19.0
5.4,11.69,7,5.2,1,1,0,69.2
59.26,3.17,7,1.8,1,0,0,100.5
27.61,11.75,6,2.2,1,1,0,71.2
69.87,20.13,2,8.1,0,1,0,200.9
4.07,10.14,2,7.7,0,0,0,39.7
239.55,4.34,6,8.2,0,0,1,363.7
36.12,9.27,4,6.7,0,1,0,123.6
111.43,41.24,5,8.4,0,0,0,215.4
32.79,4.29,5,6.1,0,0,0,92.2
14.11,5.74,8,6.7,1,1,0,95.0
19.41,3.56,10,1.1,0,1,0,51.8
114.08,16.49,7,8.6,1,0,1,191.9
60.31,12.27,9,5.2,0,0,0,98.2
10.63,20.88,5,9.4,0,0,0,78.6
21.61,11.29,6,8.5,1,0,1,39.3
1.67,12.83,1,9.7,1,0,1,40.8
51.3,9.0,4,7.3,0,0,0,107.0
23.31,6.24,7,8.8,0,0,0,81.5
2.81,4.0,2,4.8,0,0,0,47.9
87.03,3.26,3,9.3,1,0,0,203.2
28.3,3.27,3,1.7,1,1,0,102.9
68.78,2.68,3,9.9,0,1,0,183.4
45.89,2.67,3,1.6,0,0,0,81.9
31.77,45.84,3,9.3,0,0,0,132.9
5.52,19.94,5,6.1,0,0,0,37.7
49.64,3.91,4,6.9,0,0,0,111.7
40.67,4.81,6,4.7,0,0,0,98.5
222.13,1.38,1,5.3,1,0,1,345.9
43.7,3.71,9,7.4,0,1,0,141.0
39.08,21.12,4,5.4,0,0,0,101.1
141.42,5.19,9,4.2,0,0,1,222.5
32.65,12.32,5,5.5,0,0,0,85.9
11.04,4.09,2,4.7,1,0,0,81.8
24.96,5.05,6,3.3,1,0,1,50.0
17.18,13.87,3,9.4,1,1,0,110.1
35.4,9.68,7,3.4,1,0,0,82.7
107.22,2.2,2,5.9,1,1,1,196.9
1.0,5.95,8,3.8,0,0,1,10.0
37.62,1.58,4,1.9,0,0,0,69.9
42.19,58.34,4,7.2,1,0,1,108.3
16.54,8.33,2,8.0,0,1,0,90.2
38.75,1.55,7,6.7,0,1,0,113.8
112.49,25.43,6,8.0,0,0,1,206.9
99.7,3.27,0,4.3,0,0,1,143.9
11.07,7.86,6,1.7,0,0,0,25.4
36.93,10.94,7,8.9,0,0,0,118.2
65.75,7.76,8,9.4,0,0,0,163.7
151.61,21.19,3,5.0,1,0,1,256.5
69.47,8.89,5,1.4,1,1,1,162.8
54.1,8.97,4,5.2,0,0,1,91.5
14.01,4.09,4,3.6,0,0,1,14.6
35.36,1.37,6,9.3,1,0,1,70.3
25.3,5.04,4,5.6,0,0,0,72.8
25.86,3.2,6,9.0,0,0,0,91.7
14.52,5.25,6,5.5,0,0,0,60.6
20.32,14.58,5,6.9,0,0,0,89.0
68.17,2.93,3,7.9,1,0,1,110.9
25.39,10.79,3,8.4,1,1,0,140.2
3.26,5.09,6,2.3,1,0,1,10.0
2.55,4.2,5,7.8,0,0,0,46.3
11.31,1.64,6,5.3,1,1,0,97.9
12.7,2.61,5,1.1,0,0,0,62.2
141.98,2.21,4,9.5,1,1,1,242.6
43.37,13.48,6,3.2,0,0,1,82.3
80.36,17.17,9,9.3,0,0,0,167.9
5.1,1.53,8,4.2,1,0,0,58.3
6.51,2.08,3,7.9,0,0,0,45.1
3.81,24.96,2,1.1,0,0,0,11.1
50.08,22.03,7,3.8,0,0,0,117.1
43.24,42.25,2,2.3,1,1,1,132.2
24.29,37.7,2,1.1,1,0,0,109.2
4.02,5.2,11,6.1,0,0,0,35.7
28.5,17.63,5,6.6,1,0,1,53.8
24.71,10.6,8,9.6,0,0,0,112.1
5.23,20.37,5,7.7,0,0,0,81.1
21.7,6.02,8,2.2,0,1,0,57.7
90.82,34.57,2,8.3,0,0,0,177.7
113.02,1.36,4,1.1,1,0,0,202.6
14.36,18.81,4,6.3,1,0,1,63.1
16.76,1.99,4,4.0,0,0,0,64.9
16.8,8.73,6,7.6,0,0,0,78.4
49.22,1.9,2,4.0,1,1,0,147.1
23.44,2.72,2,9.8,1,0,0,123.2
55.41,2.45,5,2.6,0,0,0,111.2
1.0,4.86,6,7.6,0,0,1,30.4
47.93,14.99,8,6.5,0,0,0,143.4
24.31,17.39,6,8.1,1,0,0,94.3
49.36,7.0,3,8.2,0,0,0,134.6
123.77,28.21,5,9.4,0,0,0,248.5
164.04,3.53,5,8.4,0,0,1,255.8
40.02,11.15,10,8.2,1,0,0,114.0
9.73,14.57,3,6.6,0,1,1,52.9
130.42,8.51,3,1.4,0,0,0,202.3
32.74,18.25,8,2.3,1,0,1,36.0
22.41,1.57,5,3.4,0,0,1,53.0
7.7,3.62,8,2.6,1,0,0,20.2
122.5,2.74,6,9.7,1,0,0,219.9
168.51,11.62,6,4.0,0,1,0,305.2
165.6,10.25,6,5.8,1,0,1,226.2
31.16,5.86,7,8.2,0,1,0,112.1
95.51,7.75,5,1.1,1,1,1,164.6
60.64,4.23,7,7.1,0,0,0,135.3
31.57,30.88,9,2.5,0,1,1,104.3
88.5,4.56,9,3.4,0,0,0,139.7
31.73,10.45,4,9.6,1,1,0,145.9
77.28,1.65,4,7.4,0,1,0,162.6
153.62,30.06,6,3.4,0,0,1,230.2
54.32,7.54,7,8.7,0,0,0,127.2
136.64,5.39,2,2.8,0,0,0,233.5
38.19,15.23,6,3.3,1,0,0,102.3
12.93,8.65,5,7.8,0,0,1,60.1
41.56,9.22,6,3.7,0,0,0,78.7
39.54,11.83,5,4.7,1,0,0,107.0
15.24,5.34,6,4.1,0,0,0,60.3
57.91,6.8,4,5.2,1,0,0,167.8
8.44,3.56,3,5.2,0,0,0,91.3
33.31,35.01,5,3.7,0,1,0,99.5
14.16,2.54,2,4.8,0,1,0,75.1
195.47,2.04,4,1.7,0,0,1,270.1
11.23,2.88,3,3.2,0,0,0,57.8
148.8,27.66,7,3.2,0,0,0,259.9
132.48,6.61,5,9.8,0,0,0,253.4
22.02,5.78,8,7.6,0,0,1,64.2
1.0,5.48,3,4.0,0,0,0,62.4
65.51,8.89,10,7.5,0,1,0,146.4
8.56,5.76,4,9.3,0,1,0,94.5
50.84,2.54,3,3.0,1,0,0,97.1
11.1,6.68,2,7.4,0,0,0,60.9
1.1,7.41,4,9.9,0,0,0,65.7
1.79,2.64,4,4.1,0,0,0,40.0
51.13,2.83,5,9.7,0,0,1,88.1
88.23,5.95,7,2.2,1,0,0,160.0
101.86,7.5,7,6.0,1,0,1,134.0
48.28,1.05,3,9.4,0,0,0,156.4
20.64,4.13,10,6.4,0,0,0,58.8
42.44,0.94,5,5.3,0,0,0,116.3
55.41,18.79,3,4.8,1,0,0,142.3
48.27,12.52,5,3.6,0,0,0,106.0
13.51,3.87,6,4.0,0,0,0,51.0
47.22,8.65,5,7.0,1,0,0,130.0
26.74,2.87,3,4.2,0,1,0,69.0
30.12,11.14,8,1.6,1,0,1,14.3
59.3,4.64,7,2.5,1,0,0,130.2
53.44,50.1,5,2.7,1,0,1,99.2
11.16,5.61,13,5.5,1,0,0,47.5
1.0,5.26,7,8.4,1,1,0,58.0
96.52,6.08,6,6.2,1,1,0,191.7
60.1,2.92,4,1.1,0,0,1,103.0
111.41,1.12,3,7.0,1,0,1,168.3
15.69,3.28,4,5.5,0,0,0,45.0
216.0,18.39,3,1.1,0,0,1,314.6
28.36,2.28,7,4.4,0,1,0,77.0
124.07,3.67,5,1.4,0,1,1,195.4
51.42,6.42,7,7.7,0,0,0,117.3
16.15,35.99,2,1.8,1,0,0,83.1
20.36,32.26,3,1.3,0,0,0,87.2
50.22,7.21,4,8.9,0,0,0,145.7
56.91,7.26,1,8.3,1,0,1,99.6
40.0,0.45,3,2.8,0,0,0,74.0
147.84,3.61,5,6.5,0,0,1,218.9
53.06,15.3,5,9.4,0,1,0,183.3
9.02,8.97,2,2.9,0,0,0,43.0
2.75,14.84,2,5.4,0,1,0,76.5
87.85,10.28,4,5.5,0,0,0,149.9
17.27,8.28,2,9.4,0,0,0,68.1
188.2,2.98,5,8.7,1,1,1,307.7
66.04,10.27,3,5.1,0,0,0,125.3
17.45,36.79,5,7.5,1,0,0,85.5
151.48,1.62,2,5.3,1,0,1,194.6
3.12,5.07,1,2.7,0,0,0,12.6
34.67,2.7,7,2.8,1,0,1,62.7
8.91,39.14,5,5.8,0,0,0,59.0
128.89,9.41,3,9.0,0,0,0,247.4
1.66,4.26,5,8.9,0,0,0,52.5
66.18,6.18,2,1.1,0,0,0,121.6
99.14,26.05,1,3.4,1,1,1,207.2
16.26,7.65,6,8.8,1,1,0,102.1
65.31,15.4,3,7.4,1,0,1,137.4
4.57,8.53,7,4.8,0,0,0,45.0
8.68,60.59,3,8.1,0,0,0,70.6
159.81,63.55,4,2.1,1,0,0,303.9
12.8,25.3,9,3.2,1,0,0,47.4
17.23,2.9,9,7.6,0,0,0,59.6
111.89,3.06,1,9.6,0,0,0,223.6
17.31,7.18,4,7.5,0,0,0,94.8
36.3,8.6,7,2.1,0,0,0,77.3
17.63,8.49,5,9.3,1,0,1,67.5
62.59,8.73,6,1.9,0,0,0,90.0
178.04,24.32,8,6.7,0,0,0,326.2
6.17,16.01,5,3.8,1,0,0,60.1
80.75,4.73,5,6.4,0,0,0,140.7
42.28,11.03,5,5.7,0,0,0,81.5
39.04,53.83,10,6.6,0,1,0,148.5
48.37,44.13,2,2.5,0,0,0,120.0
86.24,6.63,5,7.2,0,1,0,205.1
61.54,7.82,4,3.1,0,1,0,124.2
35.03,3.93,6,8.7,0,0,0,110.6
1.47,2.36,6,6.5,0,0,0,25.9
25.69,6.44,10,3.6,0,0,0,67.7
114.4,1.19,9,2.4,0,0,0,211.6
43.06,2.6,5,1.8,0,0,1,56.5
24.11,4.5,8,3.4,0,0,0,56.4
3.44,12.4,5,5.3,0,0,0,33.4
172.45,16.99,7,5.2,1,0,1,271.0
13.15,14.05,5,6.2,0,0,0,42.9
54.76,8.99,6,1.2,1,0,0,104.3
44.96,5.51,6,6.1,1,1,0,129.1
9.1,9.56,4,6.3,0,1,0,90.4
11.76,6.05,2,2.4,0,0,0,51.3
140.83,37.51,5,7.8,0,0,0,259.0
282.34,3.06,8,9.9,1,0,1,396.9
22.86,7.85,8,6.2,1,0,1,17.7
34.69,34.98,7,3.5,1,0,1,84.6
36.65,1.28,3,2.8,0,0,1,49.7
6.75,1.34,7,4.0,1,0,0,45.6
181.94,5.38,4,1.2,1,0,1,220.0
18.24,46.95,2,2.0,0,0,0,66.5
28.9,7.69,4,5.4,0,0,0,59.1
106.61,1.5,1,1.4,0,0,0,213.8
60.64,12.0,10,4.1,0,0,1,107.0
17.54,13.24,4,5.9,1,1,0,108.8
3.28,7.86,8,6.9,0,0,0,44.4
7.27,2.59,3,9.9,0,0,0,76.1
24.77,1.61,12,3.0,1,1,0,76.7
29.33,5.62,10,5.5,1,0,0,81.8
32.72,14.34,4,5.6,1,0,0,84.2
3.41,9.61,2,5.4,0,0,0,60.0
2.02,16.54,1,9.7,1,0,0,57.6
48.83,8.51,1,5.2,1,0,0,131.3
8.84,5.6,2,4.1,0,0,0,39.5
53.33,23.13,4,2.0,0,0,0,126.3
8.14,6.92,6,8.2,0,0,0,69.2
39.82,3.91,3,4.6,0,0,0,109.5
16.02,0.82,4,8.6,0,0,0,57.0
11.25,3.44,5,5.5,0,0,0,51.6
12.48,7.08,6,6.1,0,0,0,61.1
27.9,1.6,5,2.9,1,0,0,77.3
38.87,7.95,5,9.7,0,0,0,122.1
87.1,37.45,6,5.1,1,0,1,130.5
64.95,3.18,6,3.8,1,0,1,80.5
11.91,5.07,4,2.9,0,1,0,30.9
28.52,16.98,4,6.6,0,0,0,77.0
1.61,10.94,3,9.9,1,0,1,48.9
42.21,2.44,3,9.4,1,1,0,154.9
60.86,7.51,4,3.5,1,0,0,110.7
67.83,15.7,4,9.8,1,0,0,177.2
6.63,2.79,3,6.8,0,0,0,61.2
34.66,7.6,4,5.0,0,0,0,100.4
107.18,2.4,5,4.3,0,0,0,154.8
10.25,5.7,4,9.9,0,1,0,84.9
3.75,2.07,5,6.8,0,0,0,68.4
15.03,2.25,0,5.1,0,0,0,44.8
5.5,32.91,8,2.4,0,1,0,51.2
3.03,5.47,5,6.6,0,0,0,58.0
12.72,57.54,4,6.4,0,1,0,116.2
22.93,4.36,4,3.3,0,0,0,71.5
68.06,10.85,4,2.4,0,0,0,119.1
3.84,17.91,5,6.1,1,0,1,16.2
183.22,10.29,3,4.5,0,0,0,329.7
1.0,3.83,8,8.3,0,0,0,32.8
82.16,13.49,5,2.6,0,1,0,181.1
1.0,1.26,4,3.7,1,1,0,77.2
14.5,7.5,5,9.0,1,0,0,74.2
135.08,15.92,5,8.2,0,1,0,272.4
28.45,5.43,6,1.1,0,0,0,78.2
20.87,0.96,3,1.3,0,0,0,62.2
53.49,5.83,4,1.1,0,0,0,103.5
72.89,16.35,5,7.0,0,1,0,184.3
125.29,1.24,5,1.9,0,0,0,194.7
121.46,8.25,5,9.4,0,0,0,259.7
59.94,7.34,6,6.7,0,0,1,96.9
2.31,8.86,4,7.1,0,0,0,65.8
18.54,2.82,2,3.3,1,0,0,70.6
17.97,40.09,6,1.5,0,0,0,35.2
19.38,8.57,6,4.3,1,0,0,87.7
5.62,12.05,5,4.0,1,0,1,41.6
2.09,10.74,2,3.3,0,0,0,30.8
13.2,3.3,0,6.1,0,1,0,82.4
43.81,29.7,2,4.3,1,1,0,147.4
1.0,0.42,6,8.9,1,0,0,46.6
109.29,8.44,2,6.9,0,0,1,184.9
127.08,19.04,6,6.5,0,0,1,205.2
47.58,8.81,6,9.7,0,0,0,126.1
2.64,12.23,5,8.3,1,0,0,69.3
194.77,4.19,8,7.0,1,0,1,269.7
48.24,8.02,3,5.4,0,0,0,102.6
37.81,9.11,7,6.1,0,0,0,90.5
32.41,3.69,4,2.3,0,1,0,119.9
7.03,30.9,7,3.4,0,0,1,21.0
79.87,41.5,5,8.7,0,0,0,186.3
34.22,7.92,4,6.7,0,0,0,73.9
1.01,4.51,7,4.4,0,1,0,40.3
8.28,7.68,8,5.9,0,0,0,55.0
16.86,11.74,3,2.8,0,0,0,29.1
122.95,8.41,6,2.5,0,0,0,205.4
30.77,13.52,5,4.3,0,0,0,61.1
141.24,10.19,6,8.7,0,0,0,272.3
16.07,7.92,5,1.4,0,1,0,45.5
207.26,1.68,6,8.6,0,0,1,312.2
155.26,52.29,6,6.8,1,0,1,267.9
62.2,2.93,4,6.2,1,0,0,136.0
70.67,6.08,7,8.1,0,0,0,163.8
1.23,2.4,5,9.4,0,0,0,30.9
13.07,9.6,9,2.0,0,0,0,28.2
10.84,50.02,4,6.0,0,0,0,97.9
160.21,8.22,5,6.2,0,0,0,281.6
26.28,2.58,5,4.3,0,1,0,91.7
46.03,17.34,10,9.3,0,0,0,127.8
15.72,25.09,7,1.5,1,1,0,87.8
14.69,3.99,4,1.5,0,1,0,80.5
27.15,23.5,2,6.3,0,1,0,82.3
19.11,11.93,4,6.0,0,1,0,86.6
69.61,28.7,4,6.4,0,0,0,114.2
48.67,5.43,6,3.1,1,1,0,136.7
59.17,39.26,9,7.1,1,0,1,134.1
38.81,13.28,3,2.5,1,1,0,111.2
116.56,14.8,1,2.1,0,0,0,212.8
3.34,3.57,8,4.6,1,0,1,10.0
69.27,5.9,4,5.3,0,0,0,160.8
13.72,15.91,5,8.6,0,0,0,90.5
48.79,11.21,10,7.5,1,0,1,85.6
130.0,12.59,6,8.4,0,1,1,220.3
18.61,46.6,2,6.4,0,0,0,92.2
166.15,2.41,3,4.2,0,0,1,259.9
9.69,8.52,6,9.6,0,0,0,79.2
155.32,4.27,3,5.4,1,0,1,232.9
2.12,4.6,3,8.6,0,0,0,56.2
19.91,15.84,4,8.9,1,0,1,47.1
59.94,0.64,4,8.2,0,1,1,135.5
93.01,1.18,5,7.1,1,0,1,143.2
9.14,7.48,5,8.5,0,0,0,62.7
136.13,11.08,4,4.6,0,1,0,238.0
8.52,2.09,2,5.7,1,0,0,74.2
101.41,3.86,4,3.4,0,1,1,160.1
108.04,5.61,4,4.5,0,0,0,200.3
66.93,27.95,5,4.4,0,0,0,153.5
110.79,11.51,2,6.9,1,0,1,180.6
4.34,6.28,4,6.7,0,0,0,55.8
129.88,4.79,4,5.2,0,0,0,216.3
31.15,13.58,2,3.7,1,0,1,81.9
17.51,2.85,4,9.7,0,1,0,112.5
1.0,6.78,7,7.1,0,0,1,57.5
42.25,8.19,3,5.7,0,1,0,135.6
3.22,6.15,6,4.4,0,0,0,10.0
1.0,10.58,4,5.2,0,0,0,11.9
27.02,3.93,11,6.4,0,0,0,71.8
3.14,24.9,10,8.3,1,0,0,71.6
93.7,30.54,5,2.3,1,1,1,146.9
2.35,70.61,2,4.2,0,0,0,104.6
41.31,37.13,7,4.3,0,0,0,112.1
37.57,12.06,7,9.0,0,0,0,100.3
41.23,10.14,4,4.0,1,0,0,104.9
7.09,29.2,7,9.5,0,0,0,88.0
106.91,12.4,5,1.7,0,0,0,204.1
52.83,0.96,1,1.5,0,0,0,115.9
76.28,9.92,5,8.8,0,1,0,217.4
94.08,4.17,4,3.2,1,0,1,140.8
112.51,2.11,4,1.4,1,0,0,203.3
64.12,22.89,9,9.3,0,0,0,142.2
64.81,2.04,3,6.8,0,0,0,137.2
8.09,5.68,3,7.3,1,1,0,115.7
9.28,14.09,4,1.8,0,0,0,10.0
70.01,6.12,9,1.1,1,0,0,112.3
12.41,2.24,8,3.7,1,0,0,56.1
40.25,4.23,3,4.6,0,1,0,115.4
15.84,7.56,4,3.7,0,0,0,66.3
14.75,1.3,10,5.7,1,1,0,67.9
29.97,2.96,3,2.3,0,0,0,38.3
9.03,6.99,4,8.6,0,0,0,41.8
93.54,5.59,8,7.4,0,0,1,157.5
8.01,4.87,6,8.6,0,1,0,78.8
75.37,5.15,5,8.0,1,1,0,231.5
31.65,40.12,5,8.8,0,1,0,124.5
11.57,10.55,3,7.0,0,0,0,40.5
20.97,3.5,2,1.3,1,0,0,89.3
27.8,7.64,6,6.7,0,0,1,78.6
16.33,6.25,3,9.5,0,0,0,75.7
82.97,4.91,4,8.8,0,0,0,216.1
21.79,6.43,4,3.7,1,0,0,64.7
33.73,10.51,3,9.9,1,1,0,179.2
1.46,4.33,6,8.6,0,0,0,42.4
12.76,3.23,4,3.3,1,0,1,41.3
4.25,2.93,3,9.2,1,0,0,68.8
119.63,2.18,3,2.9,0,1,0,231.0
98.77,7.07,4,2.6,0,1,0,184.4
16.48,6.76,5,4.4,0,0,0,29.3
33.46,10.48,5,2.1,0,0,1,67.9
19.63,3.43,5,9.6,0,0,0,60.4
74.97,6.71,4,9.5,1,0,0,179.6
13.21,29.59,6,3.9,1,0,0,86.6
83.6,9.66,2,6.0,0,0,0,208.5
9.92,2.24,7,9.6,0,0,0,86.4
17.23,5.58,4,3.7,1,1,0,50.6
109.73,7.15,5,1.1,1,1,0,211.4
16.84,6.67,6,3.5,0,0,0,33.2
120.86,3.29,5,3.9,1,1,1,186.0
7.27,6.65,6,5.1,0,0,0,57.1
49.95,8.74,5,5.3,0,0,1,98.8
16.33,12.24,3,1.8,0,1,0,43.1
19.34,56.99,5,3.2,0,0,0,68.9
89.66,13.54,7,1.2,0,0,0,156.3
42.53,10.67,5,7.2,0,0,0,123.2
12.33,4.27,10,8.4,0,1,0,62.7
145.44,17.28,3,9.1,0,0,0,276.4
25.95,3.56,4,8.8,0,0,0,90.6
105.78,5.76,6,5.8,1,1,0,215.9
121.46,25.81,5,4.6,0,0,1,191.2
27.09,1.7,4,5.3,0,0,1,54.1
26.69,5.88,5,4.8,1,0,0,64.8
40.24,3.35,7,3.4,1,0,0,90.4
50.65,8.67,3,3.4,0,0,1,88.4
2.8,3.21,7,9.2,0,1,0,70.5
3.5,4.39,8,7.1,0,1,0,80.0
14.42,10.39,5,6.6,0,0,0,72.0
28.27,14.24,7,6.0,1,0,0,72.8
53.19,16.01,5,3.9,0,0,0,85.0
10.92,14.43,6,5.3,0,0,0,37.6
18.21,2.39,5,9.7,0,0,0,75.7
26.18,12.98,10,8.1,0,0,0,79.0
16.39,6.68,2,1.7,0,0,0,38.1
24.33,15.03,6,1.5,0,1,0,81.7
6.82,1.89,7,1.7,0,0,0,10.0
1.0,3.04,2,8.4,1,1,0,90.6
10.98,3.59,5,1.2,1,0,0,53.8
15.91,58.82,7,1.9,1,0,0,113.4
78.0,12.4,6,5.9,0,0,0,158.2
69.64,3.95,4,3.1,0,0,0,147.9
64.79,5.22,7,8.1,1,0,0,150.9
161.47,2.46,5,8.1,0,0,1,251.4
26.33,4.12,7,4.8,0,1,0,86.1
5.51,8.06,4,3.9,0,0,0,46.6
85.33,4.79,3,6.7,0,0,0,180.3
43.76,9.07,3,5.9,0,0,0,148.2
416.54,6.93,5,2.8,1,0,1,538.2
20.73,4.58,2,7.1,0,1,0,115.7
103.62,1.01,8,5.3,0,0,0,194.6
98.33,5.19,4,3.1,1,0,1,110.6
204.75,3.43,3,2.8,0,0,1,289.8
207.32,6.19,7,9.9,0,0,1,321.6
240.47,29.55,8,7.2,1,0,1,359.7
122.69,14.58,6,4.7,0,0,1,162.8
15.12,4.19,0,6.3,0,1,0,92.3
29.12,4.43,4,7.8,1,0,0,126.3
176.14,7.14,5,6.1,0,1,1,274.9
25.44,4.31,4,2.0,0,0,0,68.2
125.23,22.45,4,2.3,0,0,0,237.4
70.64,19.63,11,3.0,0,0,0,136.4
100.53,2.67,4,5.0,0,0,0,166.9
70.81,31.29,5,7.0,0,0,0,155.8
24.04,16.37,4,5.3,1,0,1,70.6
15.92,5.97,7,5.3,0,0,0,77.0
60.75,13.85,6,1.5,1,0,0,99.9
4.58,5.08,3,2.3,0,0,0,45.3
10.21,4.74,4,3.8,1,0,1,26.4
1.52,3.04,5,8.7,1,1,0,71.2
16.68,48.82,4,9.8,0,0,0,100.6
18.72,2.19,6,9.3,0,0,0,56.9
111.94,4.02,6,2.7,1,0,1,165.6
71.66,11.15,6,6.3,1,0,1,114.1
57.91,1.39,3,4.3,0,0,0,110.2
79.72,2.01,5,5.8,1,0,1,138.8
50.8,4.71,7,6.1,0,1,0,132.0
15.2,1.18,5,1.7,1,0,0,53.8
157.55,11.22,9,3.5,0,0,1,234.7
7.31,39.36,7,5.9,0,0,0,72.5
5.65,100.0,10,9.3,0,1,0,120.5
13.66,18.25,4,1.4,0,0,0,42.4
97.02,11.71,4,5.9,0,0,0,169.2
29.25,42.91,2,7.6,1,1,1,94.6
25.23,7.57,4,4.6,0,0,0,96.1
16.67,47.72,5,1.1,0,0,0,24.0
160.63,17.05,6,3.5,1,1,0,282.2
73.75,11.72,3,1.4,1,0,0,136.4
9.05,8.47,6,1.5,0,0,0,10.0
21.42,5.88,5,5.1,1,0,1,46.4
22.37,13.26,4,5.6,0,0,1,83.9
12.69,15.53,5,2.7,0,1,0,83.4
6.84,4.86,4,1.9,1,0,0,52.7
90.99,5.5,6,1.8,0,0,1,103.1
36.75,5.8,5,4.5,1,0,0,100.9
21.93,13.94,7,5.9,0,0,0,77.1
3.14,12.81,6,8.5,0,0,0,42.1
14.54,2.74,5,10.0,0,0,0,64.4
64.5,20.77,6,4.1,1,0,1,101.8
112.54,8.31,4,1.6,0,0,0,196.9
111.18,100.0,6,6.4,0,0,0,222.5
18.75,2.37,4,8.4,1,0,0,85.0
61.67,20.71,3,5.7,1,1,1,141.1
7.97,8.89,5,9.3,1,0,0,50.5
16.73,16.4,6,1.5,0,0,0,25.8
36.28,3.2,7,8.2,1,0,0,111.6
74.76,3.67,5,1.2,0,1,0,130.5
120.76,5.57,12,6.6,1,1,1,185.5
142.59,2.2,4,3.5,0,0,1,212.0
8.87,7.58,4,5.1,1,0,1,43.5
29.16,5.61,2,9.3,1,0,0,121.0
56.31,20.65,3,4.7,0,0,0,128.2
69.85,9.87,2,2.8,0,1,0,154.1
35.14,7.45,2,3.2,0,0,0,85.6
2.94,2.29,5,6.9,0,1,0,75.4
80.81,6.6,2,7.6,0,1,0,207.5
99.0,13.65,7,3.3,0,0,0,165.5
110.82,52.99,11,6.3,0,0,0,211.0
104.18,4.6,5,3.2,1,0,1,165.6
70.09,4.56,6,7.1,0,0,0,153.6
26.86,25.78,5,6.2,0,0,0,77.0
9.91,12.56,8,2.5,0,1,0,48.6
7.06,2.8,5,7.5,0,1,1,86.8
61.63,5.27,3,1.5,0,1,1,90.7
75.37,6.18,3,9.2,0,0,1,149.6
52.79,10.12,5,4.1,1,0,1,77.3
42.52,8.14,3,2.7,0,0,0,105.5
44.54,19.34,9,4.0,0,1,0,104.3
3.39,28.83,6,2.1,0,0,0,10.0
16.59,4.22,3,9.2,1,0,0,77.9
9.34,1.09,9,7.5,1,1,0,95.4
30.3,9.55,4,4.0,0,0,0,35.6
4.03,29.63,4,8.5,0,0,0,67.4
20.08,4.06,4,1.3,0,0,0,23.7
104.22,9.7,9,1.2,1,0,1,126.1
5.16,1.33,6,9.2,0,1,0,83.9
41.66,9.56,5,8.9,1,0,0,131.7
15.2,10.86,4,4.3,1,0,0,67.1
23.17,6.11,5,8.4,0,0,1,68.7
17.81,100.0,6,1.8,0,0,0,84.4
3.21,3.87,6,2.3,1,0,0,55.9
3.58,2.48,1,3.8,1,0,0,35.6
31.72,22.8,4,8.5,0,0,0,107.1
93.82,3.68,6,7.5,1,0,0,206.5
134.72,41.86,6,8.1,0,0,0,257.4
12.83,5.72,5,3.8,1,1,1,78.0
113.88,8.31,2,1.9,0,0,0,191.9
2.46,5.35,1,7.7,0,0,0,39.1
91.62,2.58,7,1.7,0,0,0,151.8
39.9,3.7,6,6.0,0,0,0,74.0
4.51,3.59,4,7.3,1,0,0,48.2
4.0,9.96,4,4.5,0,0,0,23.3
7.67,8.29,7,6.4,0,0,0,34.3
2.47,8.87,6,7.4,0,0,0,38.4
61.35,2.07,6,1.3,0,0,0,94.2
47.91,2.64,4,7.1,1,0,0,104.3
91.23,12.8,4,4.4,0,1,0,191.4
33.27,4.55,3,9.6,1,1,1,129.0
43.76,18.8,3,2.7,0,0,1,93.2
7.76,7.33,6,4.8,1,0,1,39.3
36.81,1.72,5,9.4,1,1,1,122.6
18.92,2.81,3,7.2,0,0,1,61.2
30.01,39.51,7,8.6,0,0,1,101.5
90.61,17.04,5,9.6,1,0,0,209.3
55.7,2.25,2,2.3,0,0,1,84.1
3.14,16.67,7,1.2,0,0,0,21.8
159.51,6.41,5,9.0,1,0,1,190.8
14.88,24.41,3,9.0,0,1,0,118.8
30.74,8.18,4,1.1,0,0,0,51.5
31.7,3.24,7,9.7,1,0,0,127.3
52.25,14.56,3,6.9,0,0,0,135.5
93.15,1.47,3,2.3,0,0,0,146.4
16.59,11.62,1,5.5,0,0,0,51.0
17.47,4.77,6,7.0,0,0,0,56.7
12.6,5.49,4,6.1,0,0,0,36.0
71.34,2.18,3,2.2,0,0,0,126.2
50.56,8.13,5,1.9,0,1,0,112.2
11.77,5.48,9,8.7,0,0,0,60.3
29.61,9.61,4,9.0,1,0,0,100.1
26.04,4.58,5,7.6,1,0,0,98.5
38.54,3.15,12,3.8,0,0,0,66.3
86.06,43.75,4,1.5,0,0,0,187.8
111.53,25.92,9,6.7,0,0,0,223.7
12.26,7.09,8,2.5,0,0,0,42.5
46.19,15.6,5,7.1,0,0,0,97.2
81.09,1.96,6,4.2,0,0,1,101.1
7.38,38.23,3,9.3,0,0,0,68.5
20.88,12.65,1,1.8,0,0,0,66.9
8.8,19.11,4,8.4,1,0,0,65.4
23.65,5.81,6,5.5,1,1,1,65.8
2.13,14.9,8,6.5,0,0,0,41.9
34.06,4.02,1,5.7,0,0,0,124.5
283.06,26.57,6,1.7,0,1,1,407.4
103.99,11.45,6,8.5,1,0,0,182.5
35.55,2.99,5,1.1,0,0,0,56.4
44.22,1.5,2,4.7,1,0,1,62.1
73.07,4.51,7,5.3,0,0,0,126.7
13.2,6.44,7,5.3,1,0,0,52.2
39.89,18.22,3,1.2,0,1,0,97.9
33.0,8.07,5,9.6,1,0,0,115.1
24.26,0.84,3,4.0,0,0,0,74.4
30.42,14.33,4,7.4,0,0,0,68.3
73.38,39.18,0,7.6,1,1,1,184.8
23.93,23.77,1,9.0,0,0,0,124.0
125.84,4.18,4,3.7,0,0,1,191.2
114.12,3.42,5,8.7,0,0,1,200.6
181.92,14.26,3,8.8,0,0,1,280.2
3.33,16.02,7,2.6,1,0,0,49.7
46.72,7.66,7,2.8,0,0,1,97.1
11.56,1.48,3,10.0,0,0,0,83.7
4.18,6.64,1,5.3,0,1,0,60.9
36.07,8.38,3,9.8,1,0,0,124.4
135.38,3.08,5,5.4,1,0,1,190.3
17.45,26.93,2,2.7,0,1,0,100.2
25.41,6.36,5,6.8,0,0,0,70.9
57.38,5.5,6,5.6,1,0,0,123.3
104.01,34.71,3,1.3,0,0,0,208.6
5.38,4.44,9,8.0,0,0,0,38.0
45.06,3.06,3,9.2,0,0,0,132.9
13.65,4.73,9,9.9,1,1,0,92.6
75.01,14.04,7,7.0,0,1,0,177.6
15.42,6.09,4,4.7,1,0,1,55.2
65.01,1.05,10,6.0,0,0,0,155.1
62.6,16.93,1,9.0,1,1,1,143.7
186.17,36.8,10,1.6,0,0,1,269.4
34.1,4.6,10,8.5,1,1,0,130.1
8.7,18.88,3,5.5,0,0,0,41.3
78.77,41.58,6,7.6,0,0,0,205.7
68.77,2.03,1,5.5,0,0,0,133.6
95.16,2.66,9,5.1,0,0,0,153.2
40.89,11.61,6,9.6,0,0,0,123.3
53.79,4.33,6,7.8,0,0,0,135.6
165.35,9.47,8,7.1,0,0,0,264.4
1.0,5.11,8,8.9,0,1,0,55.8
55.12,12.73,3,3.0,1,1,0,158.7
30.85,6.88,2,4.1,0,1,0,101.2
26.48,23.67,12,4.4,0,1,0,84.9
17.74,59.9,7,6.3,0,0,1,65.3
64.72,6.71,4,9.7,0,0,1,132.2
6.12,69.1,4,4.7,0,0,0,86.7
13.02,41.4,8,7.5,0,1,0,88.4
19.38,13.37,2,2.7,0,1,0,90.6
11.32,12.68,2,4.1,0,0,0,65.3
7.89,9.43,8,8.9,0,0,0,58.4
33.23,1.55,5,7.1,1,0,0,87.3
6.29,9.59,5,7.9,0,0,0,48.0
18.33,17.73,9,7.2,1,1,0,123.9
118.96,5.01,3,6.4,0,1,1,222.7
39.52,1.93,4,4.6,0,1,0,130.6
36.63,17.65,5,5.0,1,0,0,113.0
83.25,45.66,3,5.2,0,0,1,155.5
58.72,17.46,4,8.1,0,0,0,156.4
22.6,7.4,5,6.9,0,0,1,18.3
7.22,8.29,6,1.3,0,0,0,23.5
69.81,5.57,8,8.5,0,0,1,119.3
5.87,15.02,2,1.5,0,1,0,80.3
18.23,24.37,4,4.7,1,1,0,105.4
75.15,13.0,3,3.5,0,0,0,125.7
60.99,7.16,5,10.0,0,0,0,169.4
93.26,15.91,5,8.3,0,1,0,226.3
46.43,8.0,3,9.8,0,0,0,143.8
49.11,23.65,2,9.6,0,0,0,150.6
34.32,2.12,7,3.3,1,1,0,90.9
18.19,15.12,7,3.0,0,0,0,25.8
33.39,3.57,3,5.5,1,0,0,98.2
6.34,17.8,2,2.2,0,0,0,22.2
256.13,18.57,5,6.8,0,0,1,371.5
21.0,14.73,8,5.2,1,0,0,59.5
97.11,25.4,5,9.6,1,1,1,212.5
120.9,24.9,5,6.8,0,0,1,211.5
1.37,6.64,6,8.2,1,0,0,48.3
45.38,16.67,10,2.1,0,0,0,69.1
96.18,1.43,4,6.5,0,0,0,179.5
28.76,7.11,4,8.2,1,0,0,110.3
3.13,3.49,2,1.3,1,0,0,39.6
24.14,3.56,3,2.2,0,0,0,70.2
16.11,3.87,4,8.0,1,1,0,116.9
109.08,12.95,5,1.5,0,0,0,186.6
54.85,11.25,7,2.6,0,0,0,110.4
15.08,5.19,8,5.3,1,0,0,85.8
81.81,1.52,4,2.7,1,1,1,111.4
35.54,14.51,8,7.0,0,0,0,83.7
104.14,2.28,7,2.8,0,1,0,196.8
80.78,5.2,7,9.7,0,0,1,121.1
54.72,2.4,7,1.1,0,0,0,122.9
6.13,10.01,6,3.7,0,1,0,55.8
46.13,1.09,3,4.1,0,1,0,137.0
47.9,17.34,3,4.6,0,0,0,131.3
84.59,6.05,9,5.7,0,0,0,152.4
10.16,14.2,2,5.5,0,0,0,74.6
47.07,2.96,2,3.1,0,0,1,75.7
87.96,24.61,4,6.9,1,0,1,172.0
1.0,5.71,5,3.9,0,1,0,53.8
47.43,1.1,1,8.2,0,1,0,178.3
84.31,0.97,5,4.5,1,0,1,116.2
29.96,38.29,3,2.3,0,0,0,66.8
10.61,12.36,3,9.0,0,1,0,88.3
76.62,17.98,5,2.8,0,0,0,132.6
4.71,6.64,2,2.9,0,1,0,57.7
38.12,11.28,5,7.5,0,0,0,107.4
1.0,22.08,3,1.4,1,0,0,56.6
31.9,8.36,2,5.9,1,0,0,102.7
113.56,18.79,2,5.2,0,0,0,227.8
133.15,3.17,3,2.9,0,1,1,220.1
8.91,38.51,4,6.5,0,0,0,73.6
48.39,38.01,5,3.3,1,1,0,125.9
2.85,3.02,4,4.0,1,0,0,50.4
57.06,2.93,6,1.2,0,0,0,102.4
72.8,48.73,3,4.5,0,0,0,156.0
30.63,11.51,5,3.6,1,0,1,71.6
27.7,8.47,7,7.9,0,0,1,68.4
39.85,1.96,2,2.3,0,0,0,94.1
17.35,5.96,5,7.6,0,0,0,66.5
32.81,19.56,2,8.8,1,0,0,139.8
102.23,2.26,6,3.9,1,0,1,165.1
5.91,11.48,10,2.9,0,0,0,37.1
39.93,8.61,5,5.4,0,0,0,98.0
19.07,6.15,3,2.4,0,0,0,83.1
71.55,27.71,3,5.0,1,1,1,120.1
20.52,3.34,3,7.5,1,0,0,66.1
79.42,7.2,3,6.1,0,0,0,138.3
25.28,8.0,4,2.1,0,0,1,43.5
48.22,9.99,6,9.5,0,0,0,118.7
60.24,32.91,5,5.4,0,1,0,168.2
19.36,3.56,7,8.9,1,0,0,52.3
27.18,15.98,5,2.6,0,0,0,84.7
92.6,15.02,2,5.0,0,1,0,215.6
29.16,18.22,9,9.6,0,0,0,125.2
31.59,9.54,2,5.2,1,1,1,90.3
43.89,3.22,2,8.5,1,0,1,121.6
76.06,19.09,8,8.2,1,0,1,128.6
3.65,5.52,5,7.8,0,1,0,46.9
45.61,25.52,2,7.4,0,0,0,128.6
100.03,2.78,3,2.4,0,0,0,170.5
20.56,41.14,4,9.3,0,0,0,109.5
57.6,28.77,5,9.4,1,1,0,202.6
14.9,4.99,5,8.6,0,0,0,74.6
5.73,4.29,10,1.8,0,0,0,10.0
9.45,5.44,3,3.4,1,1,0,69.9
63.98,8.14,5,3.5,0,0,0,123.7
44.63,9.97,7,1.3,1,0,1,82.8
10.84,12.74,4,2.2,0,0,0,59.6
1.81,8.58,4,8.9,0,0,0,74.6
87.91,3.5,3,1.5,0,0,0,155.0
60.34,7.09,6,1.1,0,0,0,127.6
30.02,6.42,4,8.7,0,1,0,119.2
11.55,96.83,5,6.3,0,0,0,94.3
168.51,2.11,6,6.6,1,0,0,315.3
23.7,58.38,4,8.4,1,1,0,154.0
130.72,3.88,8,5.1,1,0,1,181.1
12.57,2.44,7,9.8,0,1,0,90.7
108.13,5.76,6,9.7,1,0,0,232.7
39.22,27.78,3,4.9,1,1,0,121.6
143.92,23.76,7,5.8,0,1,0,301.6
6.61,10.5,7,3.4,0,0,0,22.4
235.08,10.12,3,7.6,1,0,1,331.2
11.33,17.99,2,2.6,0,0,0,59.5
4.9,10.94,6,1.6,1,0,0,40.1
41.58,10.13,5,1.2,0,0,0,64.9
57.04,2.03,6,9.8,0,0,0,144.7
23.82,1.95,6,7.7,0,0,0,76.2
59.84,6.29,4,7.8,0,1,0,135.7
145.99,1.55,9,8.1,1,0,1,226.9
79.55,3.14,1,4.8,0,1,1,149.0
108.68,11.73,7,6.2,0,0,0,204.5
114.07,14.78,5,7.2,0,1,0,231.0
17.77,7.53,4,9.6,0,0,0,81.8
61.4,6.28,7,7.0,0,0,0,132.5
68.79,13.16,5,6.1,0,1,0,131.9
6.48,4.19,8,2.3,0,0,0,46.3
33.13,2.09,4,8.7,0,1,0,129.2
53.36,6.54,1,8.2,0,1,1,147.8
17.16,5.28,9,1.6,1,1,0,78.7
50.93,2.77,4,6.8,0,0,0,131.5
2.68,29.33,7,2.3,0,0,0,51.1
44.64,10.14,3,3.7,0,0,0,100.0
5.33,2.11,5,4.5,0,0,0,31.3
57.34,9.69,5,3.8,0,0,0,106.4
53.43,5.35,5,5.7,0,0,0,84.9
48.8,20.11,3,3.6,0,0,0,112.1
14.87,35.03,5,9.6,0,0,0,93.9
55.25,1.41,5,8.7,1,0,1,101.1
26.77,7.68,5,1.0,0,0,0,70.1
38.41,3.06,4,6.5,1,0,1,61.5
57.62,0.89,6,3.6,0,0,0,96.4
23.12,37.51,3,4.5,0,0,0,86.6
262.56,6.86,5,7.7,0,1,1,420.4
3.22,11.5,9,5.0,0,1,0,57.2
65.47,3.75,4,3.4,0,0,0,127.2
13.74,8.07,1,2.4,0,0,0,50.5
200.4,8.15,3,2.5,1,1,0,360.2
37.82,4.3,4,9.5,0,0,0,107.6
76.84,7.9,1,6.6,1,1,1,159.6
11.34,100.0,3,7.5,0,0,0,100.7
106.17,3.2,1,5.3,0,0,0,195.8
166.85,5.98,7,9.1,0,0,0,306.1
38.71,34.72,9,9.4,0,0,0,122.4
95.2,6.88,4,9.6,0,0,0,195.7
55.39,1.1,5,3.8,0,1,0,135.6
13.99,6.18,5,1.6,1,0,0,49.0
125.27,0.88,9,9.1,1,0,1,186.0
75.54,4.52,5,8.1,1,1,0,200.6
110.96,12.15,5,4.5,1,0,1,162.1
22.54,3.84,7,3.1,0,1,0,90.9
30.22,12.11,3,1.3,0,0,0,35.6
17.01,4.72,8,5.3,1,1,1,66.0
20.46,22.12,1,7.4,1,1,0,115.5
15.12,12.27,7,4.9,0,0,0,58.0
64.96,5.43,1,5.9,0,1,0,174.1
23.81,2.7,4,5.9,0,0,0,85.9
65.77,3.3,3,1.9,1,1,0,169.9
56.11,9.91,9,3.1,1,0,0,76.7
40.5,9.42,3,6.8,1,1,0,109.4
55.7,14.12,4,2.1,1,0,0,108.9
40.33,11.23,1,8.8,0,0,0,111.2
63.56,17.99,5,4.2,1,0,1,96.0
19.76,3.29,1,5.0,1,0,0,99.1
76.01,7.29,3,1.5,1,0,0,107.5
17.73,10.33,7,4.1,0,1,0,98.8
193.3,4.06,4,7.6,0,0,1,283.7
24.41,1.06,8,3.0,1,0,0,85.2
1.0,8.0,4,4.4,0,0,0,41.6
31.32,3.98,4,7.7,1,0,1,70.8
155.93,1.21,8,3.1,0,0,1,190.1
50.21,2.82,7,8.8,0,0,0,105.9
5.39,4.45,4,4.1,0,1,0,65.3
5.71,4.0,5,8.1,0,0,0,73.3
29.8,10.03,4,4.4,1,0,0,103.2
12.78,6.72,5,6.2,1,0,0,67.9
46.39,4.32,1,3.5,0,0,0,95.9
135.89,18.8,2,1.8,1,0,0,218.8
169.05,23.35,2,7.9,1,0,1,224.5
127.05,18.07,8,9.5,0,0,0,224.2
17.56,5.33,4,8.3,1,0,0,79.2
187.84,7.18,8,4.9,0,0,1,283.4
18.41,18.84,6,3.4,0,0,1,19.0
49.18,12.26,4,3.8,1,0,1,83.9
110.62,3.66,6,9.9,1,0,1,192.8
53.75,5.88,4,9.6,0,0,0,152.5
283.74,8.66,8,4.6,0,0,1,363.1
21.48,12.29,4,2.3,0,1,0,73.1
6.36,11.33,5,7.3,0,0,0,15.5
12.44,2.79,3,1.3,1,1,1,10.0
10.18,5.59,3,6.0,1,0,0,57.9
116.96,37.54,6,2.3,0,0,1,155.8
31.35,8.61,3,3.4,0,0,0,95.7
36.26,8.84,5,8.0,0,0,1,113.5
9.5,9.99,6,8.5,1,0,1,57.6
12.06,3.99,6,3.2,0,0,0,32.6
80.37,25.62,5,5.1,0,0,0,153.5
57.42,7.55,3,6.6,0,0,0,144.9
19.97,4.75,2,7.5,0,0,0,80.5
79.35,7.71,3,8.6,1,0,0,212.3
2.76,63.38,6,6.1,1,0,0,82.4
3.66,0.29,5,2.8,0,0,0,25.2
4.63,22.42,2,4.4,0,0,0,53.6
60.78,2.88,4,5.8,0,0,0,147.2
45.3,82.22,5,8.5,0,0,1,125.8
98.94,3.39,4,8.3,0,0,1,193.5
173.07,8.38,5,6.7,1,0,1,243.4
20.85,12.51,3,4.0,1,0,0,102.4
49.55,6.52,5,6.2,0,0,1,100.4
102.18,12.41,5,5.1,0,0,0,188.5
13.28,7.74,5,4.8,0,0,0,57.2
5.02,4.17,5,4.7,1,0,1,46.8
203.22,6.09,4,6.1,0,0,0,346.7
114.87,2.66,10,8.4,0,0,1,193.4
47.08,3.03,11,8.9,0,0,0,124.1
1.0,13.71,8,6.2,1,0,1,25.1
12.82,6.78,7,5.6,0,1,0,58.6
59.48,10.58,10,7.4,1,0,0,139.1
22.31,8.21,3,2.6,0,1,0,102.1
42.07,3.3,5,6.1,0,0,0,61.1
2.86,2.8,8,4.4,0,0,0,10.0
39.78,23.77,4,5.7,1,1,0,131.5
7.75,18.77,9,8.2,1,0,0,57.7
5.57,11.73,3,6.0,1,1,0,66.7
33.6,4.65,7,9.2,0,0,0,85.1
35.99,5.6,5,5.2,0,0,0,72.9
115.54,44.25,9,9.7,0,0,0,237.9
223.67,52.31,2,8.1,1,1,1,359.3
5.75,22.2,6,5.2,0,0,0,43.5
18.97,21.84,12,9.6,1,0,0,97.7
66.56,59.96,3,7.4,1,0,1,137.0
53.58,10.99,4,3.7,0,0,0,122.8
4.22,7.64,6,4.2,0,0,0,25.8
3.03,5.99,4,1.2,0,0,0,24.1
26.79,10.39,5,3.9,0,0,0,72.2
34.34,4.42,10,5.4,1,0,0,100.5
42.47,4.98,4,3.0,0,0,0,88.0
50.88,3.17,2,6.8,0,0,0,139.7
32.88,22.91,8,4.3,1,0,1,50.6
63.3,6.7,6,6.2,1,0,1,112.6
6.23,11.54,4,1.3,0,0,0,45.0
67.71,18.3,4,2.3,1,0,0,175.0
48.28,3.81,5,5.7,1,0,0,131.8
1.0,27.47,4,7.1,0,0,0,55.4
31.9,6.47,5,5.7,1,0,0,111.8
21.66,2.14,3,7.7,0,0,0,62.0
14.62,2.97,5,4.1,0,0,1,57.4
2.84,2.86,2,6.7,1,1,1,61.5
189.35,100.0,10,3.7,1,1,1,294.2
16.41,6.43,3,9.4,0,0,1,43.9
30.64,10.69,6,1.7,0,0,0,54.9
4.95,3.19,3,4.2,0,0,0,24.2
79.7,28.52,6,6.9,1,0,1,132.4
1.2,5.56,1,3.2,0,0,0,11.7
44.58,2.5,3,6.0,0,0,0,119.4
16.19,2.72,5,2.4,0,0,0,37.6
21.18,32.9,6,5.0,0,0,0,64.2
37.22,1.68,8,7.2,1,0,1,66.5
31.64,19.28,3,9.1,0,0,1,125.7
26.45,3.12,5,1.6,0,0,0,52.3
49.23,2.98,9,5.1,1,0,1,62.8
39.75,8.58,5,9.9,1,1,1,121.4
20.11,2.92,5,7.9,0,0,0,52.6
10.45,11.44,4,3.9,1,0,0,56.6
8.48,2.88,7,4.4,0,0,0,67.0
1.87,21.88,5,8.7,0,0,0,55.1
29.44,28.56,5,8.5,0,0,0,110.0
9.6,6.16,2,9.8,1,0,0,98.6
106.93,29.24,2,5.3,0,0,0,215.9
27.45,2.85,5,8.5,0,0,0,104.2
49.24,3.63,4,9.2,1,1,0,161.7
18.68,11.44,7,9.7,1,1,0,113.1
15.01,12.53,4,1.4,0,0,0,35.7
84.71,2.65,6,3.6,0,0,0,149.6
23.05,8.02,3,7.3,0,0,0,86.3
5.01,6.81,4,8.6,1,1,0,85.2
19.54,11.66,9,6.7,0,0,1,61.5
6.34,51.07,2,1.7,1,0,0,66.4
31.12,5.74,10,9.3,1,0,0,111.6
17.31,5.25,9,4.1,0,1,0,72.7
85.83,6.58,3,6.4,0,0,0,185.8
3.38,2.26,6,7.8,0,0,0,39.8
208.29,29.62,4,7.8,1,0,1,331.2
79.36,26.87,3,1.4,1,1,0,188.5
54.9,13.9,3,6.5,0,0,0,128.4
2.73,8.06,6,5.0,0,0,0,39.7
195.19,5.61,7,2.0,0,0,1,254.1
71.57,24.12,4,7.1,1,1,1,145.0
30.03,2.45,7,7.2,1,0,1,80.3
88.23,12.01,4,8.0,1,1,1,187.1
20.65,17.32,4,8.4,0,0,0,96.9
26.25,9.82,4,2.1,1,0,0,63.0
55.71,9.65,4,1.3,0,0,0,95.7
127.72,3.89,7,3.6,0,0,1,195.4
125.93,20.92,2,6.1,0,1,1,215.8
13.47,6.53,5,1.3,0,0,0,27.1
51.36,1.47,6,7.4,0,0,0,123.9
107.87,4.75,4,7.2,1,0,1,179.4
5.48,7.92,4,2.5,0,0,0,28.9
10.27,5.83,4,2.1,1,0,0,48.6
77.14,15.76,3,2.1,0,0,1,122.0
41.31,4.76,5,9.2,1,0,0,135.1
2.9,4.42,4,7.5,0,0,0,57.2
38.24,2.65,2,3.1,0,0,0,85.7
127.22,1.82,7,2.7,1,0,0,204.9
10.1,5.81,1,4.3,1,1,1,28.7
3.54,14.63,5,9.7,0,0,0,66.9
146.34,4.15,5,1.5,0,0,1,196.7
23.89,1.9,4,4.0,0,0,0,55.7
74.87,6.97,3,8.6,1,0,0,180.2
46.62,1.97,4,8.6,1,0,0,110.7
10.37,8.13,2,6.2,0,1,0,93.1
11.26,8.71,6,6.5,0,0,0,57.2
67.87,2.3,4,7.7,0,0,0,146.3
50.32,4.82,4,8.8,0,1,0,164.9
1.0,27.57,2,1.4,1,0,0,60.1
34.18,24.23,4,8.3,0,0,0,122.0
125.55,25.53,8,4.1,0,0,1,183.3
38.02,14.46,1,4.4,0,1,0,93.8
1.42,2.27,3,8.1,0,1,0,79.7
33.6,7.4,5,3.6,0,0,0,67.1
2.32,7.1,4,7.6,0,0,0,74.8
30.15,4.65,6,7.5,0,1,0,117.3
66.82,11.18,7,9.5,0,1,0,170.0
7.02,52.55,6,7.1,1,0,0,87.4
20.85,26.72,6,4.7,1,0,0,87.6
11.09,5.55,7,1.2,0,1,1,47.5
25.01,16.0,3,6.1,1,0,1,63.0
8.1,4.74,5,2.8,0,0,0,10.0
15.86,11.02,3,1.5,0,0,1,41.7
7.22,21.71,4,3.5,0,0,0,44.4
26.59,11.39,8,1.2,1,0,0,64.5
31.89,19.28,5,3.3,0,0,0,93.7
44.22,1.98,4,9.2,0,0,0,135.2
70.65,11.35,4,2.2,0,1,0,154.4
5.49,1.98,5,7.6,1,1,0,56.7
101.72,12.37,3,4.5,0,1,0,253.2
60.15,5.95,3,2.2,1,0,0,113.9
5.71,2.66,6,4.4,0,0,0,19.4
23.86,3.24,5,3.8,0,0,0,58.9
23.75,16.06,4,1.8,1,0,0,80.2
60.89,3.12,3,7.4,1,0,0,134.4
8.12,3.08,6,4.1,0,1,0,56.0
3.17,28.67,3,3.9,1,0,0,24.3
1.27,2.95,1,3.5,1,0,0,60.6
101.03,9.57,4,2.3,1,0,1,155.0
48.22,5.31,6,7.1,0,0,0,107.4
1.04,90.47,4,3.2,1,0,0,61.4
138.25,11.33,4,1.5,1,1,1,201.1
5.74,21.6,4,3.1,0,0,0,53.6
69.05,15.52,5,6.8,1,0,0,158.2
96.44,7.78,2,7.5,1,1,0,199.9
52.46,2.5,4,6.4,1,0,1,104.2
3.68,15.99,4,2.4,0,0,0,10.0
41.82,3.82,6,8.4,1,0,0,115.5
30.16,4.45,9,8.2,0,0,0,81.1
71.15,25.81,5,4.7,0,0,0,138.8
15.65,8.83,3,6.2,0,1,0,72.7
59.45,46.23,6,9.0,0,1,0,187.0
11.32,59.2,1,5.0,1,1,0,130.0
61.68,8.67,6,5.1,0,0,1,103.6
15.21,2.27,3,5.5,0,0,0,65.3
216.96,10.02,7,7.2,1,0,1,313.3
130.09,2.4,12,3.2,0,1,0,244.4
35.43,51.71,4,2.8,0,1,0,129.0
60.46,29.98,6,2.9,0,1,0,140.7
84.31,5.86,5,8.0,0,0,0,151.2
57.41,17.03,6,5.9,0,0,0,104.1
84.0,19.34,3,7.4,0,0,0,183.8
18.45,4.83,2,3.2,0,0,0,50.0
6.48,11.88,5,7.6,0,1,0,98.5
6.59,13.11,2,2.6,0,0,0,44.2
51.67,7.38,5,5.9,1,0,0,117.9
31.72,5.94,9,9.0,0,1,0,95.8
85.38,1.89,5,9.7,0,0,0,192.8
3.02,5.19,4,2.1,0,0,0,41.4
39.42,1.34,7,7.5,0,0,0,83.4
8.65,9.34,4,4.1,0,0,0,41.1
60.97,7.29,7,8.4,0,0,0,170.1
19.6,33.82,5,3.4,1,0,0,87.6
13.6,9.97,5,2.2,0,0,0,55.6
1.0,9.07,2,6.0,0,0,0,49.1
35.84,3.28,4,4.9,1,0,0,91.4
46.19,2.84,5,3.7,1,0,1,66.9
59.91,3.0,1,2.2,0,0,0,113.3
217.24,6.6,5,7.5,1,1,1,320.2
41.68,21.63,9,5.6,1,1,1,98.1
52.82,2.71,2,6.8,1,0,0,131.1
44.84,5.3,8,3.8,0,0,0,97.7
58.29,11.4,5,10.0,0,0,1,142.5
127.42,57.48,4,6.7,0,0,1,228.9
168.93,22.33,8,7.1,0,0,0,306.6
43.52,10.97,4,5.3,1,0,0,126.0
44.39,6.46,2,9.8,0,0,0,128.7
88.52,8.16,9,2.0,1,1,0,150.4
1.0,7.65,11,8.5,1,0,0,53.5
10.71,3.95,9,9.1,0,0,0,78.1
9.63,16.63,3,6.6,0,0,0,60.6
3.75,10.57,4,8.3,1,0,0,61.7
22.3,7.1,4,6.3,0,0,1,58.7
69.72,4.69,5,2.3,0,0,0,113.1
45.25,1.49,5,7.3,0,0,0,96.1
15.57,5.78,10,3.2,0,0,0,29.0
111.15,5.84,3,8.1,1,0,1,181.2
18.73,4.76,7,5.0,0,0,0,70.2
37.04,0.39,5,8.2,0,0,0,79.0
2.2,7.02,7,2.7,0,0,0,21.1
91.92,3.02,3,8.6,0,0,0,196.9
189.31,2.6,3,6.2,0,0,1,219.5
110.92,13.77,2,6.4,1,0,1,179.3
26.26,2.25,1,6.0,0,0,0,66.2
8.53,34.08,5,3.3,0,0,0,52.3
18.02,6.29,1,8.3,1,0,1,57.9
123.98,11.71,1,2.4,0,0,0,215.1
182.43,44.72,9,1.4,0,0,1,230.9
3.09,6.8,5,6.4,0,0,0,30.5
7.1,10.65,3,2.1,1,0,0,33.6
86.04,6.92,4,9.4,0,0,0,187.8
9.43,21.43,6,7.0,0,1,0,70.7
24.45,13.64,5,4.8,0,0,0,79.0
1.86,2.14,6,8.2,0,0,0,45.7
11.63,0.88,6,2.0,0,1,0,57.6
9.74,6.86,5,2.2,0,0,0,10.0
84.74,23.77,11,4.7,0,0,0,175.3
3.08,3.02,7,4.9,1,0,0,42.6
45.31,7.27,4,2.2,0,0,0,118.9
43.89,1.94,4,3.8,0,1,0,93.3
148.91,1.8,5,8.6,0,0,1,208.6
5.26,2.37,5,6.1,0,1,0,63.2
51.34,22.13,3,6.8,0,0,0,127.9
71.34,0.71,2,2.7,1,0,1,87.1
1.0,3.25,6,7.6,0,0,0,35.4
52.15,1.44,2,4.7,0,0,1,120.9
6.09,1.63,8,3.2,0,0,0,44.2
49.74,22.22,10,2.9,1,0,1,73.6
16.9,9.69,4,5.5,0,1,0,82.2
5.8,10.28,6,6.3,0,0,0,36.4
30.42,7.75,4,3.4,0,1,0,106.4
48.81,7.03,5,8.7,0,0,0,120.5
19.06,7.06,0,6.0,0,0,0,87.4
37.47,7.11,4,6.0,0,0,1,87.1
23.05,7.71,4,3.6,1,0,0,46.4
140.13,11.09,6,4.7,0,0,1,227.0
45.31,5.06,4,2.7,1,0,0,102.4
19.64,12.81,5,3.5,1,0,0,48.6
12.24,24.87,6,9.7,0,0,0,88.9
43.08,8.45,7,5.9,0,0,0,97.3
196.69,30.94,2,9.1,0,0,1,283.4
32.61,1.45,8,5.9,0,1,0,89.6
121.35,18.67,2,1.6,0,0,1,186.9
37.77,11.5,5,3.6,1,0,1,71.4
81.49,3.85,4,7.6,0,0,0,188.7
44.55,5.27,5,9.7,0,0,0,88.6
43.94,13.98,11,9.0,0,0,0,106.5
27.36,4.0,4,7.2,0,0,1,88.4
58.06,39.11,6,1.5,0,1,1,110.5
34.06,2.65,6,9.4,1,0,1,57.6
93.21,2.1,3,4.9,0,0,0,138.9
127.8,27.23,4,8.2,1,0,0,249.9
33.8,16.12,5,4.6,0,0,0,86.7
15.27,100.0,2,7.2,0,1,0,92.8
29.87,1.55,1,1.8,1,0,0,70.7
60.9,4.91,5,6.3,1,1,1,110.2
34.93,3.36,6,4.0,0,1,0,95.4
25.23,6.87,6,1.9,0,0,0,48.1
1.36,6.91,6,3.0,0,0,0,44.2
10.15,47.46,5,5.3,1,1,0,92.9
91.91,4.0,3,5.4,0,0,0,152.4
72.25,14.19,3,6.6,0,0,0,185.8
4.37,15.67,3,2.4,0,0,0,33.1
5.61,6.17,3,6.1,0,0,0,33.5
135.78,17.65,2,6.8,0,0,0,279.6
79.84,7.77,7,9.9,1,0,1,169.3
26.05,14.72,3,5.8,0,0,1,71.3
179.96,6.27,4,6.8,0,0,1,259.4
180.63,1.8,3,7.9,0,1,0,328.1
304.32,7.16,7,1.4,0,0,1,385.5
23.89,59.39,7,9.7,1,0,0,156.1
38.05,8.37,7,7.4,0,0,0,99.2
52.64,8.44,5,4.6,1,0,0,114.2
85.32,48.67,0,6.4,1,0,1,168.6
10.8,1.49,2,4.0,1,0,0,44.7
19.82,7.59,2,9.6,0,0,0,107.7
22.11,1.7,1,4.4,1,0,0,92.9
89.98,3.38,3,4.3,0,0,0,170.1
32.48,7.74,4,1.3,0,0,0,47.3
43.24,28.15,6,8.4,0,0,0,133.9
76.18,4.63,7,6.0,0,1,0,160.9
50.72,10.96,3,5.4,0,1,0,140.7
122.58,5.59,9,6.6,1,0,1,164.6
8.35,15.52,2,9.9,0,0,0,73.1
31.89,17.4,8,9.4,0,0,0,137.8
24.54,34.74,3,6.2,0,0,0,58.2
84.62,13.49,2,8.6,0,0,1,160.6
32.93,13.31,6,9.3,0,0,0,94.7
127.06,8.05,2,1.1,0,0,1,143.8
16.46,68.63,5,6.5,1,0,0,112.3
14.15,10.61,5,2.2,0,0,0,20.5
44.15,6.72,5,7.9,1,0,1,89.8
2.55,27.73,7,3.7,1,0,1,33.5
53.94,19.07,10,3.1,0,1,0,134.5
72.77,2.96,4,6.6,0,0,0,123.7
15.23,19.76,5,9.9,0,0,0,81.8
22.05,2.92,5,2.2,0,0,0,63.2
54.71,15.84,2,8.3,0,1,0,150.8
40.75,2.4,7,6.1,1,1,0,129.6
49.41,7.9,8,1.3,0,0,0,69.2
41.07,19.17,10,3.0,0,0,0,82.3
34.43,7.89,2,6.6,0,0,0,93.3
1.53,3.19,5,4.7,0,0,0,56.7
23.28,0.91,5,3.5,0,0,0,50.1
46.29,6.3,5,3.5,0,1,0,101.7
80.32,15.62,2,3.4,0,0,0,165.6
99.25,19.26,1,6.5,0,0,1,163.7
22.45,29.5,4,7.6,0,0,0,97.3
60.11,7.46,6,5.0,0,0,0,117.8
4.3,12.45,4,6.2,0,1,0,54.1
22.48,4.06,5,8.6,1,0,0,82.6
8.67,3.11,5,9.6,1,0,0,88.3
31.75,1.79,7,1.9,0,0,0,49.8
51.13,11.32,5,1.5,0,1,0,108.2
141.58,11.22,7,1.5,1,1,1,220.2
93.05,5.92,5,6.3,0,0,0,179.5
8.97,28.32,7,1.3,0,0,0,41.8
71.99,4.79,4,4.1,0,0,0,136.3
43.12,69.31,6,8.6,0,0,0,139.5
85.55,3.13,2,2.0,1,0,1,137.4
32.39,6.22,3,9.2,0,0,0,86.9
11.26,5.31,8,5.1,0,0,0,12.9
4.03,12.9,5,6.5,0,0,0,12.9
15.48,7.43,11,9.4,1,0,1,52.9
10.79,2.23,3,3.5,1,0,0,54.5
47.09,1.11,6,9.6,0,0,0,121.8
51.73,15.95,2,9.0,0,0,1,116.5
29.16,1.86,3,8.3,0,0,0,64.8
30.35,3.74,5,1.1,1,0,0,56.6
100.55,13.77,5,7.1,0,0,0,193.7
7.79,12.02,4,8.3,0,1,0,94.2
5.74,2.07,2,4.5,0,0,0,66.3
3.74,4.08,2,10.0,0,1,1,88.0
32.3,26.0,3,2.8,0,1,0,83.6
75.92,6.28,6,8.4,0,0,1,146.0
55.38,23.01,6,6.1,0,0,0,159.9
4.62,0.83,3,5.1,0,0,0,44.9
35.08,5.67,5,8.0,0,0,0,82.8
2.09,3.48,4,2.8,1,0,1,22.8
6.81,3.34,5,2.7,0,0,0,25.7
11.74,3.86,8,4.9,1,1,0,75.5
27.97,40.85,6,7.1,0,1,0,117.2
22.81,7.83,6,7.2,1,0,0,91.5
57.12,1.21,6,1.7,1,0,0,122.8
71.52,7.49,3,4.4,1,0,1,114.1
118.89,4.36,5,1.2,0,0,0,191.4
46.72,14.09,7,6.6,0,0,0,110.1
15.03,8.5,3,4.5,0,0,0,80.1
35.72,4.78,6,6.6,1,0,0,109.3
50.98,49.07,3,2.2,1,0,0,127.3
10.15,10.48,9,7.0,0,0,0,36.4
26.95,7.69,4,5.4,0,0,0,76.7
19.23,11.55,1,8.6,0,0,1,88.3
51.89,2.85,2,7.9,0,0,0,129.4
4.83,3.73,6,9.7,0,0,0,60.6
85.96,32.28,3,3.8,0,0,1,144.3
5.03,2.94,3,8.7,0,0,0,75.5
89.14,2.59,13,8.3,1,0,0,166.4
7.46,2.08,4,1.7,0,0,0,24.8
74.48,4.08,6,6.8,0,0,0,155.3
100.48,29.9,9,2.4,0,0,0,145.5
43.16,4.07,7,7.1,0,0,0,114.4
117.67,32.33,4,9.3,0,0,0,257.0
17.31,13.16,4,2.5,0,0,0,57.6
20.42,2.17,10,2.7,0,1,0,60.3
23.56,2.33,2,5.6,0,0,0,69.5
164.1,3.0,4,2.8,0,1,0,283.4
3.67,40.41,3,6.7,1,0,0,55.5
1.0,17.04,3,3.5,0,0,0,28.2
2.67,1.8,6,7.9,0,0,0,26.7
33.6,5.65,4,7.6,1,0,0,95.8
12.45,12.97,5,6.4,0,0,0,46.4
33.38,3.68,2,5.4,0,0,0,80.6
37.98,38.56,8,8.1,1,0,0,110.1
33.14,8.92,2,1.3,1,0,1,42.3
29.74,18.9,5,5.9,1,0,0,93.5
24.98,26.44,3,9.9,0,0,1,88.6
19.51,4.7,3,7.0,1,1,0,109.7
19.51,58.06,6,1.6,1,0,0,55.8
11.85,9.25,3,5.8,1,1,1,83.5
25.31,10.84,8,3.2,0,0,0,67.4
39.78,8.79,3,8.2,0,0,0,111.7
140.27,7.02,8,4.7,0,0,0,234.3
64.57,3.45,3,8.5,0,0,0,135.9
120.8,16.98,1,2.1,0,0,1,213.4
12.33,8.44,5,3.3,1,0,1,46.2
14.28,5.66,0,8.1,0,0,0,73.6
18.1,4.96,5,3.0,0,0,0,30.1
170.92,7.17,4,5.5,0,0,0,311.4
37.51,15.44,5,7.9,0,0,0,81.7
86.38,14.29,7,2.2,0,0,1,97.1
84.01,52.75,3,2.4,0,1,0,185.0
108.35,6.96,5,5.2,0,1,0,205.4
11.52,3.89,2,6.0,0,0,0,64.6
36.46,9.17,2,2.8,1,0,1,83.3
44.89,17.33,2,8.0,0,1,0,146.7
36.03,14.15,8,6.7,1,0,1,84.2
96.21,10.33,2,6.9,0,0,0,184.1
138.54,10.54,3,5.4,0,0,0,259.5
12.5,2.7,4,8.6,0,0,0,85.9
2.98,12.43,4,2.1,0,0,0,40.1
66.55,4.13,7,5.0,0,0,1,100.9
35.62,6.79,5,2.8,0,0,0,76.1
139.65,7.8,5,8.5,0,0,0,225.6
61.78,6.43,5,8.7,0,0,0,139.3
18.73,13.37,6,2.3,1,0,0,83.9
37.88,5.35,5,4.2,0,0,0,84.2
114.41,4.64,4,4.1,0,0,1,177.4
94.29,7.21,5,3.9,0,0,0,162.7
31.48,18.38,10,5.8,1,0,0,106.5
12.54,4.26,3,5.5,0,1,0,71.1
5.62,51.11,3,9.4,0,0,0,79.6
9.42,9.75,5,3.5,1,0,0,24.3
29.18,3.52,4,9.5,0,1,0,129.6
63.04,7.41,3,3.9,0,1,0,133.4
9.42,8.06,3,4.7,0,0,0,23.2
57.39,3.57,3,4.4,0,0,0,123.2
18.17,3.03,3,7.1,0,0,0,93.6
49.16,26.53,9,4.0,0,0,0,117.1
33.3,9.72,4,5.7,0,0,0,79.2
103.16,4.43,7,1.7,1,0,1,139.8
129.24,0.54,4,7.7,0,0,1,191.7
24.31,9.02,2,4.6,0,0,0,86.1
23.06,2.65,3,7.2,1,0,0,78.0
47.46,2.72,7,7.8,1,0,1,91.1
17.35,10.16,4,6.9,0,0,0,85.3
44.07,2.33,6,8.3,0,0,0,109.1
26.52,2.77,3,9.2,0,0,0,86.7
32.36,8.88,4,4.0,0,0,0,39.7
78.29,19.61,5,4.3,1,0,0,164.6
5.87,3.67,5,5.5,0,0,0,53.5
8.05,38.07,2,7.7,0,1,0,118.5
6.1,1.52,5,8.6,1,0,1,61.5
48.62,2.97,6,5.2,0,0,0,101.1
101.11,1.08,7,8.4,1,0,0,203.6
116.14,3.32,9,7.5,0,0,0,169.7
37.03,1.92,4,2.9,0,0,0,74.5
52.26,1.85,4,8.4,1,0,1,107.3
58.62,4.5,5,6.9,0,0,0,133.3
30.9,4.3,5,8.4,1,0,1,66.2
52.82,3.42,4,1.7,0,0,0,106.0
21.83,12.71,6,3.6,0,1,0,86.2
49.37,3.96,6,8.9,0,1,0,120.9
34.29,23.19,6,4.8,0,1,0,128.6
8.77,10.88,7,9.8,0,0,0,67.3
93.22,4.3,5,6.7,0,0,0,143.2
15.45,2.04,6,3.4,0,0,0,47.2
5.51,6.23,2,1.8,0,0,0,28.2
88.82,33.11,8,8.1,0,0,0,222.4
100.05,36.37,4,6.5,1,1,1,197.3
2.47,1.77,2,1.3,1,1,0,48.3
138.38,16.55,5,2.7,1,0,1,198.9
3.63,2.54,7,2.6,0,0,0,18.7
11.71,3.51,1,9.6,0,0,0,71.8
1.0,26.63,2,9.3,0,0,0,84.8
1.0,3.89,5,1.6,0,0,0,31.9
4.44,4.75,4,7.7,1,1,0,81.3
108.32,10.24,6,6.8,0,0,0,211.2
2.94,5.37,7,5.2,0,0,0,47.9
68.3,9.56,8,8.1,1,0,1,116.1
42.32,3.96,3,5.0,1,0,0,96.5
77.47,20.94,6,9.2,0,0,0,185.8
89.28,3.84,6,1.3,0,0,1,90.4
27.44,48.84,3,8.3,0,0,0,110.6
8.26,8.26,3,2.0,0,1,1,38.8
1.0,7.83,3,9.1,1,0,0,64.3
109.62,7.09,3,4.6,0,0,0,179.4
39.31,20.59,5,5.8,0,0,0,124.4
36.08,3.43,3,2.3,1,1,0,103.5
67.53,4.77,5,5.9,1,0,0,141.5
19.86,20.13,2,8.8,0,1,1,95.7
251.95,4.21,4,5.9,0,0,1,360.4
41.98,9.22,3,4.6,0,1,0,87.8
3.69,8.27,7,4.4,0,0,0,36.7
9.49,4.7,4,3.2,1,0,0,56.9
17.75,4.87,6,8.2,1,0,1,65.2
8.43,38.7,3,4.4,0,0,0,78.2
119.44,15.62,7,4.7,1,1,1,187.0
30.62,26.92,5,6.5,0,0,0,62.3
27.12,1.71,3,8.4,1,0,0,91.8
70.19,15.88,6,8.1,0,1,0,161.8
86.95,19.35,5,4.3,0,1,0,158.1
15.21,10.86,3,7.5,0,1,0,73.9
2.42,1.86,4,9.1,1,0,0,65.0
7.67,66.27,5,9.9,1,0,1,77.7
98.4,19.6,9,6.2,0,0,1,131.2
26.96,60.82,5,5.3,0,0,0,81.5
12.69,1.57,5,2.5,0,1,0,66.3
216.47,22.23,6,9.8,0,0,1,307.7
12.31,5.46,7,2.8,1,0,1,36.9
81.31,4.9,5,1.5,0,0,0,120.8
407.84,5.79,6,7.7,0,0,1,568.4
7.58,13.34,5,8.0,1,0,1,48.8
57.02,2.82,0,9.5,1,0,1,132.2
89.81,2.53,7,9.6,1,0,0,172.1
126.72,3.09,2,8.1,0,1,0,291.5
17.52,5.74,3,5.6,0,0,0,97.8
4.11,6.44,2,4.3,0,0,0,51.2
1.96,6.44,7,1.1,1,0,0,15.7
22.14,11.04,6,4.7,0,0,0,60.8
8.27,27.87,2,7.1,1,1,0,91.9
22.59,17.21,6,8.4,0,0,0,79.6
114.0,18.68,1,4.9,1,0,0,241.5
13.24,5.44,7,9.1,0,0,0,43.2
43.72,5.67,6,2.0,0,0,0,79.3
189.19,8.4,1,2.8,1,0,1,264.2
23.89,4.35,6,1.6,1,0,1,12.9
12.06,13.54,8,7.6,1,0,0,65.2
146.55,8.89,3,2.0,1,0,0,277.1
43.42,6.67,3,7.4,0,0,0,123.8
2.81,15.38,10,8.2,0,0,1,33.8
6.92,18.22,7,9.9,0,0,0,69.9
43.48,1.6,8,9.4,0,0,0,99.3
33.02,2.4,3,7.0,0,1,1,75.8
29.72,19.76,2,1.5,0,0,0,61.6
39.61,13.3,5,1.8,1,0,1,45.9
22.57,27.21,5,6.1,0,1,0,103.9
89.7,12.7,7,6.1,1,1,1,175.5
146.07,35.01,2,3.3,0,0,0,273.8
18.91,15.57,3,2.0,0,0,0,64.8
56.76,17.1,5,1.8,0,0,0,92.3
23.83,13.54,11,4.5,1,0,0,65.5
8.52,20.47,4,6.4,1,1,1,54.5
11.76,3.82,2,1.3,0,0,0,21.9
13.86,12.98,4,6.0,0,1,0,81.5
33.91,7.39,3,5.8,0,0,0,91.5
15.2,8.98,2,9.2,1,0,1,43.4
36.15,3.28,5,1.3,0,0,0,74.0
1.0,14.18,8,5.0,1,0,0,29.4
18.71,9.94,2,5.4,0,0,0,79.6
24.73,5.29,5,8.3,1,0,1,53.0
48.72,9.15,6,2.1,0,1,0,134.1
2.43,33.5,6,1.4,0,1,0,35.6
128.21,17.77,7,9.0,0,0,0,237.3
18.6,13.36,6,7.4,0,0,0,67.3
34.15,2.42,3,2.0,0,0,0,78.6
59.38,2.32,6,4.4,0,1,1,134.6
22.99,4.37,8,1.9,0,0,0,27.4
49.7,1.63,7,7.1,1,0,1,78.4
34.01,6.03,5,9.6,0,0,0,111.5
32.16,11.43,6,9.5,1,0,0,109.5
10.15,1.92,5,2.4,0,0,0,17.9
24.91,5.55,1,5.0,0,0,0,73.4
11.59,4.73,2,2.4,0,0,0,57.5
78.23,0.66,9,8.1,0,0,0,154.7
7.12,1.88,7,3.7,0,1,0,51.4
2.17,0.83,5,7.0,0,1,0,66.6
24.99,15.35,3,6.4,1,0,1,59.4
1.0,5.04,10,8.0,0,0,0,37.5
22.14,4.22,8,1.9,0,1,0,43.7
75.81,11.35,4,7.7,1,1,0,206.6
80.3,27.14,2,6.0,0,0,1,152.0
23.86,39.74,5,10.0,0,0,0,94.5
48.42,2.34,1,6.1,1,0,0,122.3
48.47,11.12,1,4.8,0,0,1,89.9
28.43,29.48,4,7.6,1,0,0,131.0
38.85,42.6,4,4.9,1,0,0,125.9
48.88,6.17,5,5.3,0,0,0,119.3
29.05,4.72,4,9.6,0,0,1,88.9
145.57,2.73,3,6.7,0,0,1,216.8
100.04,6.17,7,2.7,0,0,0,150.9
60.55,13.94,4,3.5,0,0,0,109.8
41.61,2.46,4,2.8,0,0,0,90.5
58.79,3.02,1,9.3,0,0,0,129.2
88.61,7.69,4,4.8,0,0,0,154.8
6.19,5.36,9,7.9,0,0,0,52.8
5.87,2.54,8,8.6,1,0,0,69.1
23.76,29.59,3,5.6,0,1,0,83.7
143.81,1.41,7,5.9,0,0,0,238.6
7.32,3.06,4,5.0,0,0,0,37.0
35.95,3.06,5,3.2,0,1,1,88.0
12.79,2.29,2,3.3,0,1,0,68.2
8.34,47.58,2,8.6,1,0,0,69.9
104.51,48.09,6,4.7,1,0,1,181.9
59.12,3.96,6,7.2,0,0,0,149.1
51.73,11.04,4,8.7,0,0,1,103.5
42.39,7.61,5,2.2,0,0,0,109.0
63.53,13.21,6,9.3,0,0,0,158.9
71.84,28.55,2,8.4,0,1,1,184.9
23.13,3.25,12,4.5,0,0,0,74.3
24.97,4.89,3,6.8,1,1,0,115.9
10.95,100.0,8,5.0,1,0,0,94.4
99.3,2.37,8,6.7,0,0,0,173.8
7.23,5.19,9,8.4,0,0,0,76.1
39.8,2.1,6,5.1,0,0,0,78.5
1.51,51.59,3,3.0,1,0,1,44.3
35.53,3.87,1,6.6,1,0,0,115.5
97.89,23.14,4,9.0,0,0,0,213.3
130.94,1.88,6,6.7,0,0,0,238.9
92.72,5.87,6,10.0,0,0,1,176.8
72.14,13.26,7,6.2,0,0,0,143.6
8.63,0.72,1,7.9,0,0,0,67.6
45.48,2.16,8,3.7,0,0,0,87.0
6.51,1.82,4,1.3,0,0,1,10.0
4.21,6.05,4,1.8,1,0,1,13.0
1.0,17.61,3,3.5,1,0,0,71.6
12.73,6.17,6,9.7,0,1,0,101.7
67.84,0.32,8,8.5,0,0,0,116.0
32.72,1.4,9,2.0,0,0,0,55.3
9.06,28.21,7,2.0,0,0,0,32.7
14.26,13.1,5,9.2,0,0,1,55.6
15.5,4.87,6,2.2,0,0,0,49.0
86.45,18.08,6,7.4,0,0,1,148.1
16.38,13.06,2,8.0,1,0,0,93.5
11.91,3.09,3,4.9,0,0,0,42.1
27.6,43.39,7,5.6,1,0,0,119.0
107.79,1.0,5,2.6,0,0,0,150.8
68.67,13.62,6,7.4,0,0,0,138.2
55.3,14.74,4,2.6,1,0,0,114.6
125.85,8.28,6,4.7,0,0,0,186.0
79.76,2.45,5,5.1,0,0,0,124.3
20.51,6.95,4,7.9,0,0,0,87.0
2.83,6.51,5,8.7,0,0,0,62.5
5.07,7.71,6,7.5,0,0,0,55.0
23.99,2.73,0,2.3,1,0,0,81.2
21.97,4.9,7,3.9,0,1,1,44.4
92.46,13.27,2,8.0,0,0,1,176.4
200.33,2.79,2,1.9,0,0,1,240.9
158.09,1.48,5,4.8,0,0,0,264.9
53.56,2.49,13,8.4,0,0,0,89.9
25.91,2.16,6,4.1,0,0,0,47.5
23.14,6.56,6,1.7,0,0,0,46.4
1.23,14.96,6,3.5,0,0,0,17.7
101.73,6.69,6,8.7,0,0,1,182.3
116.24,22.17,7,1.8,1,0,1,176.5
11.42,5.98,10,5.4,1,0,0,31.9
21.69,14.45,5,1.6,1,1,0,63.9
48.26,4.52,4,4.3,0,0,0,95.5
17.44,6.82,6,6.7,0,0,0,71.6
21.82,7.5,4,9.8,0,0,0,107.6
30.88,8.24,2,7.5,0,0,0,123.2
22.58,27.12,3,9.8,1,0,0,118.1
5.75,3.92,2,5.1,0,0,0,44.5
65.06,10.92,5,6.7,0,0,0,168.6
8.7,2.26,5,5.9,1,0,0,44.8
97.27,3.16,4,3.6,0,0,1,139.4
19.62,3.43,8,7.1,0,0,0,57.4
14.76,2.22,3,9.2,1,1,0,75.0
61.97,4.22,4,7.5,0,0,0,137.4
74.02,5.83,5,5.7,0,0,0,160.1
18.67,7.16,3,9.1,0,1,0,73.5
116.06,28.29,6,8.9,0,0,0,256.5
54.56,33.22,4,7.9,0,0,0,151.6
6.87,2.43,8,7.0,0,1,0,42.3
7.81,2.72,3,8.9,0,0,0,55.9
12.75,4.32,5,4.8,0,0,0,54.0
76.26,20.43,8,1.6,0,1,0,156.6
137.09,6.5,3,2.9,0,0,1,195.8
74.27,5.41,1,8.5,0,1,0,170.4
1.25,14.24,6,3.8,0,0,0,19.0
8.03,100.0,3,8.4,0,0,1,91.3
37.79,1.55,4,5.6,0,0,0,97.1
43.0,3.69,7,5.1,0,0,0,85.6
91.15,4.4,7,1.5,1,1,1,146.5
22.42,0.63,5,5.4,0,0,0,51.2
98.78,3.86,7,2.3,0,0,1,129.6
8.68,2.12,1,8.8,1,0,0,79.9
10.8,19.0,5,3.7,0,0,0,35.3
16.86,2.4,3,3.6,0,0,1,17.0
14.04,4.73,2,4.5,1,0,0,70.0
76.43,27.4,5,2.3,1,0,0,145.0
20.81,9.12,3,2.8,0,0,0,32.0
5.95,3.96,3,6.7,0,0,0,60.5
36.46,1.52,6,9.7,0,0,0,122.1
6.77,4.21,3,8.8,0,0,0,72.2
86.73,8.36,4,3.7,1,0,1,140.3
20.2,7.04,7,8.3,0,0,0,95.7
34.09,9.06,7,4.9,1,0,1,62.8
107.63,10.65,5,8.5,0,1,0,249.2
25.66,3.44,7,8.0,0,0,0,81.5
5.06,4.97,2,9.9,0,0,0,62.6
100.25,3.42,4,4.3,1,0,1,148.7
7.39,13.28,10,5.4,0,0,0,73.7
69.67,2.17,4,9.5,1,0,1,122.3
29.1,1.91,7,8.2,1,1,1,104.9
73.56,24.06,3,9.1,0,0,0,156.9
5.46,16.78,8,6.6,0,0,0,39.0
67.93,14.98,9,2.5,0,0,0,134.5
46.84,5.09,5,4.7,1,1,1,126.1
12.75,8.65,7,1.4,0,0,0,33.3
28.45,5.22,11,4.9,0,0,0,57.7
97.95,2.67,3,1.4,0,0,1,133.8
38.71,1.13,4,9.5,0,1,0,127.9
7.16,3.69,7,3.2,0,0,0,31.4
70.48,1.21,3,6.0,1,0,0,145.9
6.61,12.29,5,1.0,0,0,0,44.3
21.7,5.36,4,4.5,0,1,0,97.1
5.54,6.99,5,9.6,0,0,0,39.2
25.24,28.81,8,8.8,1,0,1,79.9
97.06,2.66,5,7.0,0,0,0,165.8
75.29,44.6,3,8.1,1,0,1,143.0
120.33,7.57,4,6.2,0,0,0,218.5
38.82,9.21,3,1.5,0,0,1,79.5
53.27,7.77,4,6.6,0,0,0,136.3
50.03,4.37,2,4.8,0,1,0,136.2
2.56,5.44,3,7.8,1,0,1,49.5
46.59,4.92,2,3.3,0,0,0,94.3
31.84,3.89,5,4.4,1,0,1,74.9
22.35,31.57,5,1.2,1,0,1,17.6
8.67,11.02,7,8.8,1,1,1,90.0
6.69,21.4,6,5.2,0,0,0,54.7
35.38,4.57,5,5.5,1,0,1,70.9
9.15,18.54,7,7.4,0,0,0,71.3
69.16,41.02,4,4.6,1,0,1,98.8
74.07,17.22,5,5.3,0,0,0,153.6
17.0,5.67,9,1.1,1,1,1,43.8
48.04,21.89,10,6.1,0,0,0,102.7
3.22,10.97,4,9.9,0,0,0,76.6
118.94,95.81,4,1.0,0,0,0,235.9
49.23,7.98,3,5.3,0,0,0,97.3
21.94,23.06,5,9.9,0,1,0,120.4
40.13,3.16,4,5.4,1,0,0,97.3
21.51,9.8,5,6.3,0,1,0,81.3
4.22,12.48,9,4.3,0,0,0,35.7
15.21,25.86,1,7.2,0,1,1,86.7
1.0,6.62,8,6.7,0,0,0,38.2
74.04,0.4,5,2.8,0,0,0,142.3
169.99,7.11,2,7.4,0,1,1,311.4
18.28,2.33,10,8.5,0,1,0,92.8
63.14,14.94,1,8.9,1,0,1,126.1
37.07,4.16,9,1.9,0,0,0,68.3
1.07,7.17,2,8.4,0,1,0,90.5
183.46,14.06,8,9.0,1,1,1,300.0
164.15,2.45,2,8.1,0,0,1,266.2
110.24,15.05,7,6.3,1,0,1,166.0
18.91,6.35,2,2.5,1,0,0,55.8
7.19,7.36,4,9.1,0,0,0,67.5
18.9,8.85,2,4.8,0,0,0,78.3
66.77,1.49,0,2.1,0,1,0,174.3
32.5,23.41,3,9.7,1,1,0,153.1
124.42,10.44,7,8.4,1,0,1,214.1
1.0,6.2,6,10.0,1,0,1,56.3
162.9,2.94,4,2.0,1,0,1,221.0
158.54,15.26,1,7.3,0,0,1,267.6
76.7,16.98,3,10.0,0,1,1,195.4
35.39,2.83,4,5.8,0,1,0,98.7
22.18,6.51,5,7.9,0,0,0,46.7
155.7,0.6,2,7.7,1,0,1,224.3
58.41,13.33,4,1.3,1,0,0,128.2
72.28,19.52,3,9.0,0,0,0,159.2
82.58,10.78,6,8.0,1,1,1,179.5
98.48,1.4,3,3.6,0,1,0,197.7
34.8,3.04,6,5.5,0,0,0,81.0
156.74,2.42,6,7.2,0,1,0,292.7
17.49,3.8,5,4.8,0,1,0,44.0
78.2,30.52,6,4.3,1,0,1,101.8
6.79,57.42,6,2.5,0,0,0,53.0
22.97,5.75,2,9.4,1,1,0,105.2
29.36,1.67,2,8.7,0,0,0,104.8
40.38,1.03,6,6.2,0,0,1,51.8
3.92,3.99,5,8.7,0,0,0,43.7
25.17,0.96,3,8.4,1,0,1,45.0
18.69,11.47,5,2.2,0,0,0,47.3
30.99,28.26,7,6.2,1,0,0,109.6
65.44,22.63,3,9.9,0,0,0,154.9
8.2,21.43,4,8.0,0,1,0,116.9
57.37,64.2,3,2.1,1,0,0,154.8
22.08,11.35,10,6.8,0,0,0,54.0
18.29,5.69,5,5.0,1,0,0,62.9
25.73,10.85,3,8.1,0,0,0,95.2
96.89,0.79,2,3.1,0,0,0,172.7
3.49,2.31,3,8.5,0,0,0,43.4
42.72,4.27,5,9.3,0,0,0,113.3
66.37,18.52,4,6.2,1,0,1,104.4
48.93,2.27,3,3.9,0,0,0,102.3
38.33,4.56,7,7.8,0,0,0,98.0
48.67,12.83,7,9.7,0,1,0,145.2
21.86,13.04,4,6.2,0,1,0,72.5
27.65,3.96,6,8.1,0,0,0,90.5
24.55,4.91,4,4.5,0,0,1,72.2
43.38,3.84,5,5.9,0,0,0,81.3
108.01,82.8,5,1.4,1,0,1,161.2
32.0,16.21,5,1.9,0,1,0,81.7
25.97,3.58,5,9.7,1,1,0,137.4
56.6,9.84,4,9.7,1,1,1,137.9
11.04,5.4,4,9.6,0,0,0,61.9
111.44,2.32,5,8.8,0,0,0,199.6
70.72,28.23,4,5.2,0,0,0,134.3
21.52,4.53,4,4.4,1,0,0,65.4
11.68,4.13,7,6.9,0,0,0,69.9
51.02,4.1,4,1.1,1,1,1,76.8
159.94,0.93,4,9.2,0,0,1,233.1
103.8,6.43,7,2.8,0,0,0,165.2
4.02,17.4,7,9.7,0,0,0,79.5
16.27,6.1,3,2.3,0,0,0,42.3
58.13,10.01,7,8.0,0,1,0,146.0
39.12,12.1,1,5.9,0,0,0,111.0
10.82,22.85,2,7.1,0,0,0,94.9
100.52,5.42,6,5.1,0,0,0,181.7
168.66,5.75,3,1.1,1,0,1,192.6
24.54,5.25,10,6.8,0,0,0,65.2
45.03,9.03,6,7.8,1,0,0,105.8
21.86,2.83,4,6.0,0,0,0,58.0
11.57,18.15,4,2.4,1,0,1,42.8
114.21,5.97,6,2.4,1,0,1,145.1
27.37,30.61,3,1.0,1,1,0,80.5
1.39,12.66,5,3.7,0,1,0,58.2
19.5,4.72,5,1.2,0,0,0,24.4
25.23,7.29,7,1.3,0,0,0,37.9
9.31,13.09,4,3.0,0,0,0,25.2
66.43,42.72,2,9.7,0,0,0,173.7
9.74,2.53,5,8.8,0,0,0,68.1
100.88,27.72,5,6.2,0,0,0,225.2
46.73,16.34,7,9.9,0,0,0,135.8
78.56,13.81,4,6.0,0,0,0,173.6
57.17,13.41,8,2.4,0,0,0,86.6
71.95,3.15,2,7.0,1,0,1,126.7
26.99,19.49,3,1.4,0,0,0,91.6
44.98,21.7,8,4.3,0,0,0,114.2
24.02,37.2,9,8.5,0,0,1,109.5
63.64,8.89,7,4.2,0,1,1,144.3
18.59,10.14,8,8.6,0,0,0,87.7
20.38,16.23,3,8.6,1,0,1,71.9
87.95,8.25,3,1.5,1,0,1,116.5
9.93,4.84,3,9.0,0,0,0,86.2
25.46,15.5,4,5.4,0,0,0,65.6
42.58,6.91,5,9.5,0,0,0,120.7
7.16,16.43,4,5.4,0,0,0,51.4
47.44,3.39,2,4.7,0,0,0,124.9
23.4,4.34,4,5.3,1,0,0,68.8
12.05,21.58,6,7.5,0,0,0,82.1
2.94,29.15,4,1.2,0,0,0,62.9
41.42,24.24,4,6.6,0,0,1,105.4
177.66,10.59,6,9.3,1,0,1,255.4
74.19,12.76,10,6.6,0,0,0,137.1
25.22,16.67,7,4.0,0,0,0,74.9
10.51,0.93,8,1.3,0,0,0,21.6
69.46,4.39,9,1.1,0,1,0,127.0
99.65,31.11,7,4.7,1,0,1,168.7
21.17,16.36,3,1.0,0,0,0,48.3
3.21,1.37,1,2.5,1,0,0,52.3
48.28,7.2,8,9.8,0,0,0,129.8
4.81,3.83,4,1.6,0,0,0,41.9
9.53,10.9,7,7.7,0,0,0,66.1
1.0,11.12,1,9.0,0,0,0,41.3
15.12,2.1,1,1.3,0,0,0,27.2
71.73,65.74,2,9.6,0,1,0,226.6
85.94,2.75,9,5.9,1,0,1,90.3
147.96,12.79,8,2.9,1,0,1,202.2
86.52,13.12,5,3.8,0,0,0,159.7
11.87,21.15,1,9.8,0,0,0,66.1
37.06,9.35,6,3.9,0,0,0,84.1
44.2,9.99,4,7.6,0,0,0,122.6
6.82,0.97,6,3.4,0,0,0,34.2
28.59,3.44,6,5.7,0,0,0,107.4
18.22,55.86,2,4.1,0,1,0,95.3
69.89,2.38,2,7.2,0,0,0,132.4
4.15,4.01,8,3.3,0,1,0,31.5
16.14,1.37,6,3.2,0,0,0,28.8
5.47,9.55,4,4.2,1,0,1,10.0
31.09,4.99,7,5.7,1,0,0,88.0
10.47,4.83,6,5.0,0,0,0,61.5
5.54,3.5,5,5.8,0,0,0,34.9
53.71,13.08,5,3.7,0,0,0,131.9
93.25,19.54,11,3.0,1,1,1,143.2
11.25,7.35,7,5.6,0,0,0,61.5
6.51,1.85,8,3.6,0,0,0,29.3
53.99,8.95,5,9.9,0,1,1,130.4
2.21,41.19,8,4.8,0,0,0,35.1
13.61,3.9,2,5.9,0,1,0,111.3
18.19,35.69,2,5.6,0,1,0,110.1
126.03,8.56,3,8.3,0,0,1,213.3
21.62,5.61,5,1.8,0,0,0,45.3
38.02,3.69,4,4.7,0,0,0,95.8
74.14,14.19,2,4.2,0,0,0,145.4
93.28,4.0,6,4.7,0,0,0,185.1
5.02,5.64,4,1.2,0,1,0,48.2
70.16,4.27,1,5.6,0,0,1,135.4
70.07,5.01,1,7.6,1,0,0,141.5
105.31,3.27,4,9.1,0,0,0,236.3
72.54,12.05,1,6.3,1,1,0,195.5
6.93,7.55,4,9.0,0,0,0,54.6
17.89,2.42,3,7.3,1,0,0,128.0
27.53,3.26,11,8.4,0,0,0,63.6
6.01,1.84,5,3.5,0,0,0,53.6
6.43,22.98,1,7.0,0,0,0,71.3
77.69,8.99,4,3.6,1,0,0,152.9
9.33,6.84,6,5.9,0,0,0,41.7
117.74,4.99,7,1.6,0,1,0,186.0
11.95,5.5,5,7.7,1,0,1,54.5
33.75,9.47,3,3.6,0,0,0,95.0
11.89,15.69,3,2.3,0,1,0,72.7
141.63,28.99,3,7.2,1,0,1,243.2
39.06,19.99,6,3.6,0,0,0,101.7
41.0,12.65,6,2.7,1,0,1,60.6
102.46,0.61,5,9.9,1,0,1,151.6
8.11,10.38,6,7.7,1,1,0,74.0
4.54,34.74,7,5.6,0,0,0,36.4
183.62,13.25,3,6.9,1,0,1,275.8
125.37,8.33,8,9.7,1,0,1,207.7
14.57,1.39,3,4.2,1,0,0,52.5
44.85,3.33,4,2.6,0,0,0,76.0
59.12,1.17,5,9.0,0,1,0,174.4
130.66,4.09,4,8.3,0,0,0,240.2
11.8,3.72,3,5.5,1,0,0,68.0
77.6,7.61,6,3.2,0,1,0,171.0
9.84,7.15,6,7.1,0,1,0,81.8
40.98,7.64,4,9.4,1,0,0,141.5
11.19,9.13,2,1.6,0,0,0,48.8
17.67,26.08,4,9.8,1,0,0,103.7
37.94,100.0,5,3.7,0,0,0,139.8
19.25,13.72,1,5.1,0,0,0,72.1
293.12,23.69,6,7.5,0,0,1,423.6
51.73,8.59,6,1.7,1,0,0,78.6
90.5,7.09,5,6.2,0,0,1,149.4
10.96,7.63,7,9.0,0,0,0,78.0
6.98,10.22,9,3.0,0,1,0,42.0
16.44,8.03,4,3.5,0,0,0,69.0
84.23,17.43,4,9.8,0,0,0,216.2
11.06,11.22,8,3.7,0,0,0,26.7
14.09,14.16,8,1.1,0,0,0,31.8
67.95,2.47,5,2.6,0,1,0,136.7
80.7,3.89,5,7.9,0,0,0,166.3
39.64,9.71,2,8.3,0,0,0,141.8
7.78,1.75,4,8.8,0,1,0,82.8
90.01,1.47,6,3.3,1,1,0,206.2
43.63,10.81,6,4.4,1,0,0,100.5
134.55,36.54,6,2.2,1,0,1,188.5
11.57,4.59,3,3.2,0,0,0,52.1
7.9,2.7,5,3.4,1,0,1,28.3
12.79,6.67,7,4.6,0,0,0,47.5
10.55,5.48,5,9.4,0,0,0,63.4
81.88,0.93,4,9.0,0,1,1,159.7
5.0,3.28,5,2.2,0,0,0,16.7
83.5,2.72,6,6.1,0,0,0,164.1
51.89,30.01,9,8.3,0,0,0,174.2
124.41,7.04,0,2.4,1,0,1,171.9
31.4,1.45,10,6.8,0,0,0,69.7
15.73,3.84,8,7.7,0,0,0,35.5
116.23,4.32,4,8.5,0,1,0,249.7
1.0,3.6,2,6.7,0,0,0,68.3
125.08,5.29,5,7.2,0,0,1,210.4
49.01,30.02,7,9.7,1,0,0,151.9
8.81,7.32,3,6.0,1,1,1,51.8
17.34,6.63,4,8.2,0,0,0,64.8
44.59,13.54,3,6.6,0,0,0,118.9
5.11,6.57,5,4.1,0,0,0,61.5
2.96,3.86,5,6.4,0,1,1,57.7
36.58,5.71,2,9.9,0,0,0,114.8
1.7,4.47,8,4.0,0,0,0,29.8
73.7,24.18,7,4.0,1,0,1,100.0
59.68,10.79,4,7.5,1,0,0,136.0
131.22,75.2,6,4.0,0,0,0,274.4
87.34,5.8,7,5.1,0,0,0,158.4
3.28,9.72,6,6.0,1,0,1,22.4
11.28,17.36,6,7.4,1,1,0,62.4
11.19,3.69,4,7.9,0,1,0,63.2
29.19,7.76,4,3.0,0,0,0,86.8
39.55,12.79,8,7.6,1,0,0,126.5
31.07,53.61,4,9.2,0,0,0,97.7
12.88,8.15,3,9.8,0,0,0,112.4
123.31,26.55,3,1.8,1,0,1,181.2
1.88,3.22,5,7.3,1,0,0,47.2
1.53,4.21,6,2.3,0,0,1,11.4
71.16,4.55,6,7.1,0,0,0,127.2
16.77,48.94,6,2.2,0,0,0,62.5
68.07,20.49,5,2.9,0,1,0,160.6
17.77,11.96,6,2.7,1,1,0,55.5
41.73,21.62,5,4.2,0,0,0,109.0
100.3,1.7,5,7.2,1,0,0,216.7
10.39,5.6,5,8.1,0,0,0,47.4
63.16,10.1,2,1.4,0,0,0,126.1
83.41,2.79,8,8.8,0,1,0,170.3
182.13,1.08,9,5.5,0,0,1,244.8
10.59,2.25,4,8.2,1,0,1,32.4
34.77,10.73,6,7.2,0,1,0,130.2
17.4,14.82,2,3.3,0,0,0,64.5
28.6,7.26,5,2.4,1,1,0,101.1
3.44,2.35,5,9.4,0,0,0,70.6
112.14,3.79,2,4.5,1,0,0,210.2
19.34,7.83,6,7.1,1,1,1,65.5
225.18,6.5,4,5.8,0,0,1,332.5
29.03,100.0,10,9.2,0,0,0,141.8
21.85,11.32,7,4.0,0,0,0,36.4
35.06,5.23,4,3.7,0,0,0,83.1
7.53,10.56,7,9.6,0,0,0,37.5
93.65,57.74,9,7.2,0,0,0,193.1
82.49,4.18,3,8.1,0,1,0,200.9
86.68,11.75,4,9.1,0,0,0,195.9
26.79,15.29,9,6.8,0,0,0,107.0
22.22,6.69,6,3.4,0,0,0,67.2
159.48,7.58,8,6.2,0,0,0,251.1
41.94,0.97,3,9.1,0,0,0,114.6
109.84,18.57,7,3.4,0,0,0,199.4
15.03,7.14,3,3.4,0,0,0,32.4
39.33,8.1,7,2.3,1,1,1,87.1
56.11,3.39,4,9.2,0,0,0,170.6
5.17,40.18,3,8.4,0,0,0,83.1
107.62,1.46,9,2.1,0,0,0,177.2
29.14,1.82,5,3.5,0,0,0,82.3
79.67,8.63,9,3.6,1,0,1,118.6
80.19,8.58,2,9.3,0,0,0,176.4
57.19,2.12,4,1.9,0,0,0,103.5
23.89,17.11,4,4.3,1,0,1,37.4
41.22,3.89,5,5.0,0,0,0,127.0
82.04,8.85,7,4.3,1,0,0,134.7
5.41,9.0,1,7.5,0,0,0,50.8
85.07,12.29,4,6.3,0,0,1,157.2
16.91,10.88,8,6.5,0,0,0,101.9
23.74,4.51,3,8.2,0,0,1,68.5
16.66,6.31,8,6.1,0,0,0,15.2
201.54,6.93,9,5.7,1,0,1,251.5
62.42,14.57,6,6.4,0,0,0,158.0
311.79,2.19,4,10.0,0,0,0,502.6
5.05,10.87,11,9.1,1,0,0,18.8
172.78,8.4,4,2.7,0,0,1,225.4
12.84,26.61,7,4.1,0,0,0,58.9
1.0,4.21,2,1.1,1,0,1,10.0
12.18,39.26,3,2.3,0,0,0,84.1
10.17,6.61,3,7.7,1,0,0,68.0
68.79,0.27,3,6.7,1,0,0,155.4
55.69,9.44,9,5.7,0,0,0,105.8
21.98,4.94,3,7.2,0,0,0,70.4
10.24,6.68,6,2.1,0,0,0,35.5
22.27,10.97,5,7.5,0,0,0,77.5
168.6,20.79,9,1.9,1,1,0,291.3
17.95,100.0,4,6.5,0,0,0,92.7
58.13,2.39,7,7.4,1,1,0,134.9
20.43,24.52,5,7.5,1,0,0,118.6
81.95,10.63,7,6.2,0,1,0,195.4
42.89,1.8,7,8.2,0,0,0,104.5
54.84,17.16,8,2.4,0,0,0,110.6
1.93,39.12,5,9.3,0,0,0,67.1
66.54,3.78,9,8.6,1,0,0,148.5
15.66,4.77,3,2.4,0,0,0,81.2
51.61,50.89,7,7.9,1,0,1,95.6
27.16,7.5,6,6.0,0,0,0,101.0
19.32,6.56,8,1.5,0,0,0,34.3
21.59,1.17,3,8.1,0,0,0,83.2
6.2,4.08,0,8.3,0,0,0,79.7
7.15,3.59,5,9.7,1,1,0,100.2
6.27,34.67,4,6.1,0,1,0,63.9
56.06,2.05,10,6.5,0,0,1,116.1
16.46,8.88,3,1.8,0,0,0,53.8
160.78,6.7,3,4.6,1,1,1,225.6
85.89,2.37,5,7.6,0,1,0,199.1
21.17,86.42,4,5.5,0,0,0,110.8
36.27,34.09,4,2.0,0,0,0,83.0
76.85,8.24,7,6.7,0,0,0,128.6
7.9,51.6,2,6.5,0,0,0,109.6
10.08,1.94,5,1.1,0,1,0,33.9
23.8,14.85,3,8.8,1,0,0,110.6
36.95,0.77,6,2.0,0,1,0,101.1
6.79,1.71,2,9.9,0,0,0,60.1
31.42,1.88,2,1.0,0,0,1,50.8
10.92,14.28,3,6.2,1,0,0,70.7
105.62,4.85,4,4.6,1,0,0,181.9
136.82,10.72,6,3.9,0,1,0,248.2
66.52,5.98,7,6.4,0,0,0,125.7
7.37,4.07,5,3.8,1,0,0,48.4
58.18,3.93,6,5.0,0,1,1,159.5
38.76,13.69,10,7.7,1,0,1,87.9
94.68,18.5,5,2.1,0,0,0,162.0
24.02,1.96,3,9.6,1,0,0,111.0
197.13,27.82,2,8.8,1,0,1,343.6
80.75,1.93,4,6.7,0,0,0,136.1
11.3,2.99,2,8.5,0,0,0,56.1
55.37,16.68,9,5.6,0,0,0,104.7
36.57,1.43,2,4.0,0,0,0,121.0
66.48,5.15,2,6.9,1,0,1,127.9
23.55,8.0,4,9.8,0,0,0,88.1
1.0,44.11,5,6.8,0,0,0,54.4
24.52,7.99,10,4.5,0,0,0,70.1
53.68,6.46,3,8.4,1,0,0,156.1
7.21,3.74,6,1.0,0,0,0,17.7
139.49,18.24,5,2.0,0,0,1,203.9
20.53,12.34,2,2.9,0,0,0,38.7
44.58,8.55,6,7.8,0,0,0,129.8
5.87,17.74,6,9.6,0,0,0,96.7
1.26,5.16,7,2.0,0,0,0,23.2
37.06,7.28,2,9.3,1,0,0,130.9
31.99,13.3,4,9.0,0,0,0,121.6
305.42,4.08,4,6.6,0,0,0,498.2
87.0,4.71,3,5.4,0,0,0,185.0
60.69,18.87,2,2.9,0,1,0,145.6
51.15,7.42,9,2.9,0,0,0,96.6
145.01,24.2,4,9.8,1,0,1,248.2
111.78,14.61,9,2.3,1,0,1,132.0
5.22,1.15,5,5.1,0,0,0,36.1
18.89,4.1,6,5.5,1,0,0,59.2
12.06,5.15,4,2.8,0,0,0,41.1
55.41,3.81,1,8.1,1,0,0,159.3
96.2,4.48,9,5.0,0,0,0,195.0
148.04,17.68,5,5.1,0,0,1,218.0
272.82,55.11,10,3.4,1,0,1,372.9
99.27,39.92,8,8.9,1,0,1,188.5
20.81,8.27,4,1.8,1,0,0,51.4
11.26,7.83,4,9.5,0,0,0,78.4
15.93,23.87,3,5.8,0,0,0,56.1
59.91,24.65,5,5.7,0,0,0,106.7
52.15,18.55,1,4.3,1,0,1,97.5
91.58,3.48,5,4.8,1,0,0,186.1
15.56,5.13,5,1.2,1,1,0,59.7
41.59,12.67,4,2.4,1,0,0,114.4
118.55,12.33,4,3.3,0,0,1,179.5
3.62,14.18,3,8.0,1,0,0,42.3
22.36,9.26,4,5.3,0,0,0,66.2
4.19,4.41,3,1.6,1,0,1,28.8
69.51,4.9,0,9.1,0,0,0,156.5
2.82,4.63,4,2.4,0,0,0,24.2
145.91,10.31,6,3.4,0,1,1,236.9
90.01,4.2,11,10.0,1,1,0,199.1
2.94,6.4,5,5.1,1,0,0,69.1
85.3,9.96,8,5.3,1,0,0,162.4
5.82,0.55,4,9.3,0,1,0,66.9
60.37,100.0,4,1.1,0,0,0,136.5
59.44,8.93,5,1.6,1,0,0,121.0
166.23,2.48,5,5.8,1,1,1,250.5
30.55,4.39,10,3.5,1,0,1,33.5
69.58,9.62,4,4.0,0,0,0,168.2
41.75,51.52,9,8.0,1,1,0,173.0
196.71,3.82,8,1.2,0,0,1,258.5
34.91,1.02,0,1.4,0,0,0,69.9
141.4,6.95,5,9.1,1,0,1,220.4
26.13,6.5,7,3.2,1,0,0,48.6
10.43,4.05,8,8.8,0,0,0,59.7
23.68,18.0,5,9.5,1,1,1,90.5
29.63,4.97,4,2.4,1,0,1,17.4
53.43,4.45,4,1.8,1,1,0,134.5
47.99,14.99,9,7.6,0,0,0,129.6
10.32,7.14,4,9.4,0,0,0,63.5
6.76,4.36,3,8.0,0,0,0,57.4
36.58,1.9,7,5.1,1,1,0,95.1
3.05,20.56,8,1.6,0,0,0,21.3
47.94,12.63,2,2.2,0,0,0,79.6
47.55,6.06,3,8.8,1,0,0,129.2
